# Observation File: water_balance.dat column names:
# -----------------------------------------------------------------------------
# Observation Name: time [d]
# -----------------------------------------------------------------------------
# Observation Name: surface water content [mol]
# Region: surface domain
# Reduction: extensive integral
# Variable: surface-water_content
# Number of Vectors: 1
# -----------------------------------------------------------------------------
# Observation Name: subsurface water content [mol]
# Region: computational domain
# Reduction: extensive integral
# Variable: water_content
# Number of Vectors: 1
# -----------------------------------------------------------------------------
# Observation Name: snow water content [mol]
# Region: surface domain
# Reduction: extensive integral
# Variable: snow-water_content
# Number of Vectors: 1
# -----------------------------------------------------------------------------
# Observation Name: canopy water content [mol]
# Region: surface domain
# Reduction: extensive integral
# Variable: canopy-water_content
# Number of Vectors: 1
# -----------------------------------------------------------------------------
# Observation Name: evapotranspiration [m d^-1]
# Region: surface domain
# Reduction: average
# Variable: surface-total_evapotranspiration
# Number of Vectors: 1
# -----------------------------------------------------------------------------
# Observation Name: snow precipitation [m d^-1]
# Region: surface domain
# Reduction: average
# Variable: snow-precipitation
# Number of Vectors: 1
# -----------------------------------------------------------------------------
# Observation Name: rain precipitation [m d^-1]
# Region: surface domain
# Reduction: average
# Variable: surface-precipitation_rain
# Number of Vectors: 1
# -----------------------------------------------------------------------------
# Observation Name: canopy evaporation [m d^-1]
# Region: surface domain
# Reduction: average
# Variable: canopy-evaporation
# Number of Vectors: 1
# -----------------------------------------------------------------------------
# Observation Name: canopy drainage [m d^-1]
# Region: surface domain
# Reduction: average
# Variable: canopy-drainage
# Number of Vectors: 1
# -----------------------------------------------------------------------------
# Observation Name: canopy interception [m d^-1]
# Region: surface domain
# Reduction: average
# Variable: canopy-interception
# Number of Vectors: 1
# -----------------------------------------------------------------------------
# Observation Name: snow evaporation [m d^-1]
# Region: surface domain
# Reduction: average
# Variable: snow-evaporation
# Number of Vectors: 1
# -----------------------------------------------------------------------------
# Observation Name: snowmelt [m d^-1]
# Region: surface domain
# Reduction: average
# Variable: snow-melt
# Number of Vectors: 1
# -----------------------------------------------------------------------------
# Observation Name: snow throughfall + canopy drainage [m d^-1]
# Region: surface domain
# Reduction: average
# Variable: canopy-throughfall_drainage_snow
# Number of Vectors: 1
# -----------------------------------------------------------------------------
# Observation Name: surface evaporation [m d^-1]
# Region: surface domain
# Reduction: average
# Variable: surface-evaporation
# Number of Vectors: 1
# -----------------------------------------------------------------------------
# Observation Name: water throughfall + canopy drainage [m d^-1]
# Region: surface domain
# Reduction: average
# Variable: canopy-throughfall_drainage_rain
# Number of Vectors: 1
# -----------------------------------------------------------------------------
# Observation Name: transpiration [m d^-1]
# Region: surface domain
# Reduction: average
# Variable: surface-transpiration
# Number of Vectors: 1
# -----------------------------------------------------------------------------
# Observation Name: exfiltration [mol d^-1]
# Region: surface domain
# Reduction: extensive integral
# Variable: surface-surface_subsurface_flux
# Number of Vectors: 1
# =============================================================================
"time [d]","surface water content [mol]","subsurface water content [mol]","snow water content [mol]","canopy water content [mol]","evapotranspiration [m d^-1]","snow precipitation [m d^-1]","rain precipitation [m d^-1]","canopy evaporation [m d^-1]","canopy drainage [m d^-1]","canopy interception [m d^-1]","snow evaporation [m d^-1]","snowmelt [m d^-1]","snow throughfall + canopy drainage [m d^-1]","surface evaporation [m d^-1]","water throughfall + canopy drainage [m d^-1]","transpiration [m d^-1]","exfiltration [mol d^-1]"
2.740000000000e+02,0.000000000000e+00,2.159857983616e+05,0.000000000000e+00,0.000000000000e+00,0.000000000000e+00,0.000000000000e+00,0.000000000000e+00,0.000000000000e+00,0.000000000000e+00,0.000000000000e+00,0.000000000000e+00,0.000000000000e+00,0.000000000000e+00,0.000000000000e+00,0.000000000000e+00,0.000000000000e+00,0.000000000000e+00
2.750000000000e+02,0.000000000000e+00,2.159715530385e+05,0.000000000000e+00,1.198095761409e+01,3.055124225649e-03,0.000000000000e+00,3.013953488372e-03,5.341680066549e-04,0.000000000000e+00,7.520035996384e-04,0.000000000000e+00,0.000000000000e+00,0.000000000000e+00,0.000000000000e+00,2.261949888734e-03,2.520956218994e-03,-1.244072438804e+02
2.760000000000e+02,0.000000000000e+00,2.157506856922e+05,0.000000000000e+00,2.923759821357e+00,4.180446324563e-03,0.000000000000e+00,0.000000000000e+00,1.646763235042e-04,0.000000000000e+00,0.000000000000e+00,0.000000000000e+00,0.000000000000e+00,0.000000000000e+00,3.311223447753e-04,0.000000000000e+00,3.684647656284e-03,1.821172896264e+01
2.770000000000e+02,0.000000000000e+00,2.155538622994e+05,0.000000000000e+00,8.124455076858e-01,3.616994102886e-03,0.000000000000e+00,0.000000000000e+00,3.838753297584e-05,0.000000000000e+00,0.000000000000e+00,0.000000000000e+00,0.000000000000e+00,0.000000000000e+00,3.963674657700e-04,0.000000000000e+00,3.182239104140e-03,2.180021061735e+01
2.780000000000e+02,0.000000000000e+00,2.154506262464e+05,0.000000000000e+00,3.216574496298e-01,1.885942597330e-03,0.000000000000e+00,0.000000000000e+00,8.923419237382e-06,0.000000000000e+00,0.000000000000e+00,0.000000000000e+00,0.000000000000e+00,0.000000000000e+00,0.000000000000e+00,0.000000000000e+00,1.877019178093e-03,0.000000000000e+00
2.790000000000e+02,0.000000000000e+00,2.153793244168e+05,0.000000000000e+00,7.899841657697e+00,3.167913963960e-03,0.000000000000e+00,2.009302325581e-03,3.634832922650e-04,0.000000000000e+00,5.012684596844e-04,0.000000000000e+00,0.000000000000e+00,0.000000000000e+00,4.830508512741e-05,1.508033865897e-03,2.756125586568e-03,-8.028508294233e+01
2.800000000000e+02,0.000000000000e+00,2.151983865961e+05,0.000000000000e+00,2.100140343812e+00,3.395227713500e-03,0.000000000000e+00,0.000000000000e+00,1.054491147979e-04,0.000000000000e+00,0.000000000000e+00,0.000000000000e+00,0.000000000000e+00,0.000000000000e+00,0.000000000000e+00,0.000000000000e+00,3.289778598702e-03,0.000000000000e+00
2.810000000000e+02,0.000000000000e+00,2.149976705849e+05,0.000000000000e+00,5.250858070951e-01,3.678019380820e-03,0.000000000000e+00,0.000000000000e+00,2.863735521303e-05,0.000000000000e+00,0.000000000000e+00,0.000000000000e+00,0.000000000000e+00,0.000000000000e+00,0.000000000000e+00,0.000000000000e+00,3.649382025607e-03,0.000000000000e+00
2.820000000000e+02,0.000000000000e+00,2.147847973900e+05,0.000000000000e+00,1.258912047445e-01,3.877679810059e-03,0.000000000000e+00,0.000000000000e+00,7.258083679101e-06,0.000000000000e+00,0.000000000000e+00,0.000000000000e+00,0.000000000000e+00,0.000000000000e+00,0.000000000000e+00,0.000000000000e+00,3.870421726380e-03,0.000000000000e+00
2.830000000000e+02,0.000000000000e+00,2.145641628000e+05,0.000000000000e+00,2.934052759753e-02,4.013293468136e-03,0.000000000000e+00,0.000000000000e+00,1.755466857218e-06,0.000000000000e+00,0.000000000000e+00,0.000000000000e+00,0.000000000000e+00,0.000000000000e+00,0.000000000000e+00,0.000000000000e+00,4.011538001279e-03,0.000000000000e+00
2.840000000000e+02,0.000000000000e+00,2.143528474666e+05,0.000000000000e+00,7.093840396968e-03,3.842501399926e-03,0.000000000000e+00,0.000000000000e+00,4.044852218285e-07,0.000000000000e+00,0.000000000000e+00,0.000000000000e+00,0.000000000000e+00,0.000000000000e+00,2.811108342976e-05,0.000000000000e+00,3.813985831274e-03,1.546109588637e+00
2.850000000000e+02,0.000000000000e+00,2.141368757121e+05,0.000000000000e+00,1.775882650052e-03,3.926847912378e-03,0.000000000000e+00,0.000000000000e+00,9.669014085301e-08,0.000000000000e+00,0.000000000000e+00,0.000000000000e+00,0.000000000000e+00,0.000000000000e+00,2.944256937388e-04,0.000000000000e+00,3.632325528498e-03,1.619341315563e+01
2.860000000000e+02,0.000000000000e+00,2.139529116794e+05,0.000000000000e+00,4.863037626618e-04,3.344830145271e-03,0.000000000000e+00,0.000000000000e+00,2.344688886164e-08,0.000000000000e+00,0.000000000000e+00,0.000000000000e+00,0.000000000000e+00,0.000000000000e+00,1.368822241621e-04,0.000000000000e+00,3.207924474220e-03,7.528522328916e+00
2.870000000000e+02,0.000000000000e+00,2.137829790955e+05,0.000000000000e+00,0.000000000000e+00,3.089683345769e-03,0.000000000000e+00,0.000000000000e+00,0.000000000000e+00,0.000000000000e+00,0.000000000000e+00,0.000000000000e+00,0.000000000000e+00,0.000000000000e+00,0.000000000000e+00,0.000000000000e+00,3.089683345769e-03,0.000000000000e+00
2.880000000000e+02,0.000000000000e+00,2.136057931594e+05,0.000000000000e+00,0.000000000000e+00,3.221562484779e-03,0.000000000000e+00,0.000000000000e+00,0.000000000000e+00,0.000000000000e+00,0.000000000000e+00,0.000000000000e+00,0.000000000000e+00,0.000000000000e+00,0.000000000000e+00,0.000000000000e+00,3.221562484779e-03,0.000000000000e+00
2.890000000000e+02,0.000000000000e+00,2.134259963952e+05,0.000000000000e+00,0.000000000000e+00,3.269032081054e-03,0.000000000000e+00,0.000000000000e+00,0.000000000000e+00,0.000000000000e+00,0.000000000000e+00,0.000000000000e+00,0.000000000000e+00,0.000000000000e+00,0.000000000000e+00,0.000000000000e+00,3.269032081054e-03,0.000000000000e+00
2.900000000000e+02,0.000000000000e+00,2.132680135592e+05,0.000000000000e+00,0.000000000000e+00,2.872415201508e-03,0.000000000000e+00,0.000000000000e+00,0.000000000000e+00,0.000000000000e+00,0.000000000000e+00,0.000000000000e+00,0.000000000000e+00,0.000000000000e+00,0.000000000000e+00,0.000000000000e+00,2.872415201508e-03,0.000000000000e+00
2.910000000000e+02,0.000000000000e+00,2.132206543492e+05,0.000000000000e+00,0.000000000000e+00,8.610765425480e-04,0.000000000000e+00,0.000000000000e+00,0.000000000000e+00,0.000000000000e+00,0.000000000000e+00,0.000000000000e+00,0.000000000000e+00,0.000000000000e+00,0.000000000000e+00,0.000000000000e+00,8.610765425480e-04,0.000000000000e+00
2.920000000000e+02,0.000000000000e+00,2.134544171426e+05,0.000000000000e+00,4.669618855367e+01,9.286523199264e-04,0.000000000000e+00,6.027906976744e-03,6.543119401295e-04,0.000000000000e+00,1.503333550196e-03,0.000000000000e+00,0.000000000000e+00,0.000000000000e+00,0.000000000000e+00,4.524573426548e-03,2.743403797969e-04,-2.488515384601e+02
2.930000000000e+02,0.000000000000e+00,2.142439929229e+05,0.000000000000e+00,6.691810496606e+01,4.364777633873e-03,0.000000000000e+00,1.908837209302e-02,3.388081274196e-03,1.004898194833e-03,4.760650676528e-03,0.000000000000e+00,0.000000000000e+00,0.000000000000e+00,9.766963596763e-04,1.533261961133e-02,0.000000000000e+00,-7.895757788409e+02
2.940000000000e+02,0.000000000000e+00,2.141174657063e+05,0.000000000000e+00,1.909214691575e+01,3.170057890160e-03,0.000000000000e+00,0.000000000000e+00,8.695628736420e-04,0.000000000000e+00,0.000000000000e+00,0.000000000000e+00,0.000000000000e+00,0.000000000000e+00,1.432890447243e-04,0.000000000000e+00,2.157205971794e-03,7.880897459835e+00
2.950000000000e+02,0.000000000000e+00,2.139714773876e+05,0.000000000000e+00,5.621600865452e+00,2.899252093987e-03,0.000000000000e+00,0.000000000000e+00,2.449190190964e-04,0.000000000000e+00,0.000000000000e+00,0.000000000000e+00,0.000000000000e+00,0.000000000000e+00,0.000000000000e+00,0.000000000000e+00,2.654333074891e-03,0.000000000000e+00
2.960000000000e+02,0.000000000000e+00,2.138291040241e+05,0.000000000000e+00,1.759765924541e+00,2.658821793188e-03,0.000000000000e+00,0.000000000000e+00,7.021518074384e-05,0.000000000000e+00,0.000000000000e+00,0.000000000000e+00,0.000000000000e+00,0.000000000000e+00,0.000000000000e+00,0.000000000000e+00,2.588606612444e-03,0.000000000000e+00
2.970000000000e+02,0.000000000000e+00,2.137133218167e+05,0.000000000000e+00,6.653173668176e-01,2.125033207259e-03,0.000000000000e+00,0.000000000000e+00,1.989906468589e-05,0.000000000000e+00,0.000000000000e+00,0.000000000000e+00,0.000000000000e+00,0.000000000000e+00,1.292849435307e-04,0.000000000000e+00,1.975849199043e-03,7.110671894188e+00
2.980000000000e+02,0.000000000000e+00,2.136746713840e+05,0.000000000000e+00,4.359369136930e-01,7.069074948387e-04,0.000000000000e+00,0.000000000000e+00,4.170553693176e-06,0.000000000000e+00,0.000000000000e+00,0.000000000000e+00,0.000000000000e+00,0.000000000000e+00,6.767319323771e-05,0.000000000000e+00,6.350637479078e-04,3.722025628074e+00
2.990000000000e+02,0.000000000000e+00,2.145366279627e+05,0.000000000000e+00,6.782447301307e+01,2.191188215070e-03,0.000000000000e+00,1.908837209302e-02,1.869416429300e-03,1.666538728613e-03,4.761201268811e-03,0.000000000000e+00,0.000000000000e+00,0.000000000000e+00,3.217717857703e-04,1.599370955283e-02,0.000000000000e+00,-8.619565771880e+02
3.000000000000e+02,0.000000000000e+00,2.144673382678e+05,0.000000000000e+00,2.543149183695e+01,2.030594169901e-03,0.000000000000e+00,0.000000000000e+00,7.707814759295e-04,0.000000000000e+00,0.000000000000e+00,0.000000000000e+00,0.000000000000e+00,0.000000000000e+00,0.000000000000e+00,0.000000000000e+00,1.259812693971e-03,0.000000000000e+00
3.010000000000e+02,0.000000000000e+00,2.144171309663e+05,0.000000000000e+00,1.316908511087e+01,1.135812883527e-03,0.000000000000e+00,0.000000000000e+00,2.229528495650e-04,0.000000000000e+00,0.000000000000e+00,0.000000000000e+00,0.000000000000e+00,0.000000000000e+00,0.000000000000e+00,0.000000000000e+00,9.128600339622e-04,0.000000000000e+00
3.020000000000e+02,0.000000000000e+00,2.154309119909e+05,0.000000000000e+00,6.861673110527e+01,1.657153781010e-03,0.000000000000e+00,2.109767441860e-02,1.640677233415e-03,2.613857302227e-03,5.262673553722e-03,0.000000000000e+00,0.000000000000e+00,0.000000000000e+00,1.647654759436e-05,1.844885816711e-02,0.000000000000e+00,-1.013780989073e+03
3.030000000000e+02,0.000000000000e+00,2.154250539589e+05,0.000000000000e+00,5.805701793260e+01,2.985040996628e-04,0.000000000000e+00,0.000000000000e+00,1.919947849575e-04,0.000000000000e+00,0.000000000000e+00,0.000000000000e+00,0.000000000000e+00,0.000000000000e+00,7.604353259071e-05,0.000000000000e+00,3.046578211452e-05,4.182394292489e+00
3.040000000000e+02,0.000000000000e+00,2.159537224417e+05,0.000000000000e+00,6.785214237724e+01,2.265567092391e-03,0.000000000000e+00,1.205581395349e-02,1.934329427211e-03,8.949288552635e-04,3.007351454195e-03,0.000000000000e+00,0.000000000000e+00,0.000000000000e+00,3.312376651802e-04,9.943391354557e-03,0.000000000000e+00,-5.286684529157e+02
3.050000000000e+02,0.000000000000e+00,2.158674597611e+05,0.000000000000e+00,2.312378333938e+01,2.381655080655e-03,0.000000000000e+00,0.000000000000e+00,8.132428915975e-04,0.000000000000e+00,0.000000000000e+00,0.000000000000e+00,0.000000000000e+00,0.000000000000e+00,9.486532756561e-06,0.000000000000e+00,1.558925656301e-03,5.217593016109e-01
3.060000000000e+02,0.000000000000e+00,2.157460103162e+05,0.000000000000e+00,7.638051812528e+00,2.489730485605e-03,0.000000000000e+00,0.000000000000e+00,2.815587550337e-04,0.000000000000e+00,0.000000000000e+00,0.000000000000e+00,0.000000000000e+00,0.000000000000e+00,0.000000000000e+00,0.000000000000e+00,2.208171730572e-03,0.000000000000e+00
3.070000000000e+02,0.000000000000e+00,2.156150022109e+05,0.000000000000e+00,2.535415256317e+00,2.474740762972e-03,0.000000000000e+00,0.000000000000e+00,9.277521011294e-05,0.000000000000e+00,0.000000000000e+00,0.000000000000e+00,0.000000000000e+00,0.000000000000e+00,0.000000000000e+00,0.000000000000e+00,2.381965552859e-03,0.000000000000e+00
3.080000000000e+02,0.000000000000e+00,2.155461823519e+05,0.000000000000e+00,1.245744309452e+00,1.274718729596e-03,0.000000000000e+00,0.000000000000e+00,2.344856267026e-05,0.000000000000e+00,0.000000000000e+00,0.000000000000e+00,0.000000000000e+00,0.000000000000e+00,0.000000000000e+00,0.000000000000e+00,1.251270166926e-03,0.000000000000e+00
3.090000000000e+02,0.000000000000e+00,2.157221955034e+05,0.000000000000e+00,3.155008210250e+01,2.276679902336e-03,0.000000000000e+00,6.027906976744e-03,9.528206757581e-04,0.000000000000e+00,1.503808635632e-03,0.000000000000e+00,0.000000000000e+00,0.000000000000e+00,2.287402994448e-04,4.524098341112e-03,1.095118927133e-03,-2.362446922917e+02
3.100000000000e+02,0.000000000000e+00,2.156137518645e+05,0.000000000000e+00,1.159107123447e+01,2.334594614099e-03,0.000000000000e+00,0.000000000000e+00,3.628911066914e-04,0.000000000000e+00,0.000000000000e+00,0.000000000000e+00,0.000000000000e+00,0.000000000000e+00,2.087189646171e-04,0.000000000000e+00,1.762984542791e-03,1.147954305394e+01
3.110000000000e+02,0.000000000000e+00,2.154941560291e+05,0.000000000000e+00,4.038665810014e+00,2.311786199498e-03,0.000000000000e+00,0.000000000000e+00,1.373164622629e-04,0.000000000000e+00,0.000000000000e+00,0.000000000000e+00,0.000000000000e+00,0.000000000000e+00,0.000000000000e+00,0.000000000000e+00,2.174469737235e-03,0.000000000000e+00
3.120000000000e+02,0.000000000000e+00,2.153625192741e+05,0.000000000000e+00,1.358523772040e+00,2.442125403193e-03,0.000000000000e+00,0.000000000000e+00,4.872985523589e-05,0.000000000000e+00,0.000000000000e+00,0.000000000000e+00,0.000000000000e+00,0.000000000000e+00,0.000000000000e+00,0.000000000000e+00,2.393395547958e-03,0.000000000000e+00
3.130000000000e+02,0.000000000000e+00,2.152280362693e+05,0.000000000000e+00,4.549784588971e-01,2.461573640992e-03,0.000000000000e+00,0.000000000000e+00,1.642809660260e-05,0.000000000000e+00,0.000000000000e+00,0.000000000000e+00,0.000000000000e+00,0.000000000000e+00,0.000000000000e+00,0.000000000000e+00,2.445145544390e-03,0.000000000000e+00
3.140000000000e+02,0.000000000000e+00,2.151107703963e+05,0.000000000000e+00,1.671458660355e-01,2.137340103955e-03,0.000000000000e+00,0.000000000000e+00,5.233319870211e-06,0.000000000000e+00,0.000000000000e+00,0.000000000000e+00,0.000000000000e+00,0.000000000000e+00,0.000000000000e+00,0.000000000000e+00,2.132106784085e-03,0.000000000000e+00
3.150000000000e+02,0.000000000000e+00,2.149538774222e+05,0.000000000000e+00,5.602257409947e-02,2.854610155019e-03,0.000000000000e+00,0.000000000000e+00,2.020423489746e-06,0.000000000000e+00,0.000000000000e+00,0.000000000000e+00,0.000000000000e+00,0.000000000000e+00,3.894442325280e-04,0.000000000000e+00,2.463145499001e-03,2.141943278904e+01
3.160000000000e+02,0.000000000000e+00,2.148293839633e+05,0.000000000000e+00,2.034157446928e-02,2.264166166041e-03,0.000000000000e+00,0.000000000000e+00,6.487454478215e-07,0.000000000000e+00,0.000000000000e+00,0.000000000000e+00,0.000000000000e+00,0.000000000000e+00,8.128236941272e-05,0.000000000000e+00,2.182235051180e-03,4.470530317700e+00
3.170000000000e+02,0.000000000000e+00,2.147077872703e+05,0.000000000000e+00,7.331854895785e-03,2.211085506514e-03,0.000000000000e+00,0.000000000000e+00,2.365403558818e-07,0.000000000000e+00,0.000000000000e+00,0.000000000000e+00,0.000000000000e+00,0.000000000000e+00,0.000000000000e+00,0.000000000000e+00,2.210848966159e-03,0.000000000000e+00
3.180000000000e+02,0.000000000000e+00,2.145855322877e+05,0.000000000000e+00,2.635893891537e-03,2.222903249515e-03,0.000000000000e+00,0.000000000000e+00,8.538110916813e-08,0.000000000000e+00,0.000000000000e+00,0.000000000000e+00,0.000000000000e+00,0.000000000000e+00,0.000000000000e+00,0.000000000000e+00,2.222817868406e-03,0.000000000000e+00
3.190000000000e+02,0.000000000000e+00,2.145577930598e+05,0.000000000000e+00,1.877832214167e-03,5.043633777674e-04,0.000000000000e+00,0.000000000000e+00,1.378293958854e-08,0.000000000000e+00,0.000000000000e+00,0.000000000000e+00,0.000000000000e+00,0.000000000000e+00,0.000000000000e+00,0.000000000000e+00,5.043495948278e-04,0.000000000000e+00
3.200000000000e+02,0.000000000000e+00,2.150154441280e+05,0.000000000000e+00,6.907222809325e+01,4.697592009148e-04,0.000000000000e+00,1.004651162791e-02,4.595559907997e-04,7.913487125175e-04,2.506729253518e-03,0.000000000000e+00,0.000000000000e+00,0.000000000000e+00,1.020321011512e-05,8.331131086907e-03,0.000000000000e+00,-4.576510332235e+02
3.210000000000e+02,0.000000000000e+00,2.157622819271e+05,0.000000000000e+00,7.003162466122e+01,1.473454795914e-03,0.000000000000e+00,1.506976744186e-02,8.780552872547e-04,2.864473232098e-03,3.759972093315e-03,0.000000000000e+00,0.000000000000e+00,0.000000000000e+00,5.953995086598e-04,1.417426858064e-02,0.000000000000e+00,-7.468377989591e+02
3.220000000000e+02,0.000000000000e+00,2.161074363336e+05,0.000000000000e+00,6.899134688983e+01,7.759378426125e-04,0.000000000000e+00,7.032558139535e-03,4.716839766874e-04,1.301826225600e-03,1.754595867654e-03,0.000000000000e+00,0.000000000000e+00,0.000000000000e+00,3.042538659251e-04,6.579788497481e-03,0.000000000000e+00,-3.451544047356e+02
3.230000000000e+02,0.000000000000e+00,2.166521513226e+05,0.000000000000e+00,6.895847336266e+01,2.152502763642e-03,0.000000000000e+00,1.205581395349e-02,1.437552345298e-03,1.570823299490e-03,3.007777944295e-03,0.000000000000e+00,0.000000000000e+00,0.000000000000e+00,7.149504183434e-04,1.061885930868e-02,0.000000000000e+00,-5.447149889687e+02
3.240000000000e+02,0.000000000000e+00,2.166183512867e+05,0.000000000000e+00,3.435546627874e+01,1.243691562648e-03,0.000000000000e+00,0.000000000000e+00,6.291455833440e-04,0.000000000000e+00,0.000000000000e+00,0.000000000000e+00,0.000000000000e+00,0.000000000000e+00,0.000000000000e+00,0.000000000000e+00,6.145459793039e-04,0.000000000000e+00
3.250000000000e+02,0.000000000000e+00,2.165620389325e+05,0.000000000000e+00,1.638552348790e+01,1.350588990645e-03,0.000000000000e+00,0.000000000000e+00,3.267262325608e-04,0.000000000000e+00,0.000000000000e+00,0.000000000000e+00,0.000000000000e+00,0.000000000000e+00,0.000000000000e+00,0.000000000000e+00,1.023862758085e-03,0.000000000000e+00
3.260000000000e+02,0.000000000000e+00,2.164933024981e+05,0.000000000000e+00,7.631382425229e+00,1.408919556339e-03,0.000000000000e+00,0.000000000000e+00,1.591662011395e-04,0.000000000000e+00,0.000000000000e+00,0.000000000000e+00,0.000000000000e+00,0.000000000000e+00,0.000000000000e+00,0.000000000000e+00,1.249753355200e-03,0.000000000000e+00
3.270000000000e+02,0.000000000000e+00,2.164624373714e+05,0.000000000000e+00,5.102301327252e+00,6.071674175227e-04,0.000000000000e+00,0.000000000000e+00,4.598329269051e-05,0.000000000000e+00,0.000000000000e+00,0.000000000000e+00,0.000000000000e+00,0.000000000000e+00,0.000000000000e+00,0.000000000000e+00,5.611841248322e-04,0.000000000000e+00
3.280000000000e+02,0.000000000000e+00,2.166181652739e+05,0.000000000000e+00,4.261405436300e+01,5.051563883117e-04,0.000000000000e+00,4.018604651163e-03,3.203844341196e-04,0.000000000000e+00,1.002416307497e-03,0.000000000000e+00,0.000000000000e+00,0.000000000000e+00,0.000000000000e+00,3.016188343666e-03,1.847719541921e-04,-1.658903589016e+02
3.290000000000e+02,0.000000000000e+00,2.178800059771e+05,0.000000000000e+00,6.940288525485e+01,1.686654285686e-03,0.000000000000e+00,2.511627906977e-02,1.426353101915e-03,4.351447661366e-03,6.264870415859e-03,0.000000000000e+00,0.000000000000e+00,0.000000000000e+00,2.603011837713e-04,2.320285631527e-02,0.000000000000e+00,-1.261840532233e+03
3.300000000000e+02,0.000000000000e+00,2.178199549938e+05,0.000000000000e+00,3.406664884486e+01,1.734313322479e-03,0.000000000000e+00,0.000000000000e+00,6.424770256361e-04,0.000000000000e+00,0.000000000000e+00,0.000000000000e+00,0.000000000000e+00,0.000000000000e+00,4.739619529081e-04,0.000000000000e+00,6.178743439344e-04,2.606790740995e+01
3.310000000000e+02,0.000000000000e+00,2.178048695899e+05,0.000000000000e+00,2.500717921720e+01,4.389975956982e-04,0.000000000000e+00,0.000000000000e+00,1.647176295938e-04,0.000000000000e+00,0.000000000000e+00,0.000000000000e+00,0.000000000000e+00,0.000000000000e+00,0.000000000000e+00,0.000000000000e+00,2.742799661044e-04,0.000000000000e+00
3.320000000000e+02,0.000000000000e+00,2.191967906972e+05,0.000000000000e+00,6.946627420614e+01,1.009578990160e-03,0.000000000000e+00,2.712558139535e-02,5.039359783204e-04,5.453001669943e-03,6.765284829880e-03,0.000000000000e+00,0.000000000000e+00,0.000000000000e+00,5.056430118400e-04,2.581329823541e-02,0.000000000000e+00,-1.391921037296e+03
3.330000000000e+02,0.000000000000e+00,2.193702279948e+05,0.000000000000e+00,6.645014937406e+01,9.200378079278e-04,0.000000000000e+00,4.018604651163e-03,7.591580319930e-04,2.979054621720e-04,1.002224860854e-03,0.000000000000e+00,0.000000000000e+00,0.000000000000e+00,1.608797759348e-04,3.314285252480e-03,0.000000000000e+00,-1.734373012100e+02
3.340000000000e+02,0.000000000000e+00,2.193301446250e+05,0.000000000000e+00,3.101726625314e+01,1.373022782602e-03,0.000000000000e+00,0.000000000000e+00,6.442342385622e-04,0.000000000000e+00,0.000000000000e+00,0.000000000000e+00,0.000000000000e+00,0.000000000000e+00,0.000000000000e+00,0.000000000000e+00,7.287885440396e-04,0.000000000000e+00
3.350000000000e+02,0.000000000000e+00,2.192611881347e+05,0.000000000000e+00,1.340951843845e+01,1.573895235091e-03,0.000000000000e+00,0.000000000000e+00,3.201408693580e-04,0.000000000000e+00,0.000000000000e+00,0.000000000000e+00,0.000000000000e+00,0.000000000000e+00,0.000000000000e+00,0.000000000000e+00,1.253754365733e-03,0.000000000000e+00
3.360000000000e+02,0.000000000000e+00,2.191764319013e+05,0.000000000000e+00,5.567654499494e+00,1.683601771221e-03,0.000000000000e+00,0.000000000000e+00,1.425793443446e-04,0.000000000000e+00,0.000000000000e+00,0.000000000000e+00,0.000000000000e+00,0.000000000000e+00,0.000000000000e+00,0.000000000000e+00,1.541022426876e-03,0.000000000000e+00
3.370000000000e+02,0.000000000000e+00,2.190717030582e+05,0.000000000000e+00,2.385450091021e+00,1.962018202008e-03,0.000000000000e+00,0.000000000000e+00,5.785826197224e-05,0.000000000000e+00,0.000000000000e+00,0.000000000000e+00,0.000000000000e+00,0.000000000000e+00,3.718101165224e-04,0.000000000000e+00,1.532349823514e-03,2.044955640873e+01
3.380000000000e+02,0.000000000000e+00,2.189727443322e+05,0.000000000000e+00,1.056587066785e+00,1.823411431311e-03,0.000000000000e+00,0.000000000000e+00,2.416114589521e-05,0.000000000000e+00,0.000000000000e+00,0.000000000000e+00,0.000000000000e+00,0.000000000000e+00,3.283063668765e-04,0.000000000000e+00,1.470943918539e-03,1.805685017821e+01
3.390000000000e+02,0.000000000000e+00,2.188886920213e+05,0.000000000000e+00,4.597309125074e-01,1.539075766885e-03,0.000000000000e+00,0.000000000000e+00,1.085193007777e-05,0.000000000000e+00,0.000000000000e+00,0.000000000000e+00,0.000000000000e+00,0.000000000000e+00,0.000000000000e+00,0.000000000000e+00,1.528223836807e-03,0.000000000000e+00
3.400000000000e+02,0.000000000000e+00,2.187952287933e+05,0.000000000000e+00,1.882895966157e-01,1.704266716751e-03,0.000000000000e+00,0.000000000000e+00,4.935296652576e-06,0.000000000000e+00,0.000000000000e+00,0.000000000000e+00,0.000000000000e+00,0.000000000000e+00,0.000000000000e+00,0.000000000000e+00,1.699331420099e-03,0.000000000000e+00
3.410000000000e+02,0.000000000000e+00,2.186957227330e+05,0.000000000000e+00,7.423481483201e-02,1.811274821219e-03,0.000000000000e+00,0.000000000000e+00,2.073723305158e-06,0.000000000000e+00,0.000000000000e+00,0.000000000000e+00,0.000000000000e+00,0.000000000000e+00,0.000000000000e+00,0.000000000000e+00,1.809201097914e-03,0.000000000000e+00
3.420000000000e+02,0.000000000000e+00,2.185936256584e+05,0.000000000000e+00,2.877638137074e-02,1.857136967657e-03,0.000000000000e+00,0.000000000000e+00,8.265169720231e-07,0.000000000000e+00,0.000000000000e+00,0.000000000000e+00,0.000000000000e+00,0.000000000000e+00,0.000000000000e+00,0.000000000000e+00,1.856310450685e-03,0.000000000000e+00
3.430000000000e+02,0.000000000000e+00,2.185116961403e+05,0.000000000000e+00,1.267175887025e-02,1.489920415492e-03,0.000000000000e+00,0.000000000000e+00,2.928113181907e-07,0.000000000000e+00,0.000000000000e+00,0.000000000000e+00,0.000000000000e+00,0.000000000000e+00,0.000000000000e+00,0.000000000000e+00,1.489627604174e-03,0.000000000000e+00
3.440000000000e+02,0.000000000000e+00,2.184578407690e+05,0.000000000000e+00,8.069643589978e-03,9.792721810460e-04,0.000000000000e+00,0.000000000000e+00,8.367482327766e-08,0.000000000000e+00,0.000000000000e+00,0.000000000000e+00,0.000000000000e+00,0.000000000000e+00,3.125684003061e-04,0.000000000000e+00,6.666201059166e-04,1.719126201683e+01
3.450000000000e+02,0.000000000000e+00,2.191127225984e+05,0.000000000000e+00,6.493134293486e+01,2.987053104563e-03,0.000000000000e+00,1.607441860465e-02,1.344715276547e-03,1.481644688532e-03,4.006783115830e-03,0.000000000000e+00,0.000000000000e+00,0.000000000000e+00,1.642337828016e-03,1.354928017735e-02,0.000000000000e+00,-6.548818292136e+02
3.460000000000e+02,0.000000000000e+00,2.190792456168e+05,0.000000000000e+00,3.180129631887e+01,1.211036940579e-03,0.000000000000e+00,0.000000000000e+00,6.023644839270e-04,0.000000000000e+00,0.000000000000e+00,0.000000000000e+00,0.000000000000e+00,0.000000000000e+00,0.000000000000e+00,0.000000000000e+00,6.086724566517e-04,0.000000000000e+00
3.470000000000e+02,0.000000000000e+00,2.190220293864e+05,0.000000000000e+00,1.468234891716e+01,1.351548633684e-03,0.000000000000e+00,0.000000000000e+00,3.112535891220e-04,0.000000000000e+00,0.000000000000e+00,0.000000000000e+00,0.000000000000e+00,0.000000000000e+00,0.000000000000e+00,0.000000000000e+00,1.040295044562e-03,0.000000000000e+00
3.480000000000e+02,0.000000000000e+00,2.189355140081e+05,0.000000000000e+00,6.760413481519e+00,1.717040605376e-03,0.000000000000e+00,0.000000000000e+00,1.440351897390e-04,0.000000000000e+00,0.000000000000e+00,0.000000000000e+00,0.000000000000e+00,0.000000000000e+00,3.625540445572e-04,0.000000000000e+00,1.210451371080e-03,1.994047245065e+01
3.490000000000e+02,0.000000000000e+00,2.188660381689e+05,0.000000000000e+00,3.312038191870e+00,1.325895374428e-03,0.000000000000e+00,0.000000000000e+00,6.269773253907e-05,0.000000000000e+00,0.000000000000e+00,0.000000000000e+00,0.000000000000e+00,0.000000000000e+00,1.258467710606e-04,0.000000000000e+00,1.137350870828e-03,6.921572408333e+00
3.500000000000e+02,0.000000000000e+00,2.188195641021e+05,0.000000000000e+00,1.883462875059e+00,8.709571319114e-04,0.000000000000e+00,0.000000000000e+00,2.597409666931e-05,0.000000000000e+00,0.000000000000e+00,0.000000000000e+00,0.000000000000e+00,0.000000000000e+00,0.000000000000e+00,0.000000000000e+00,8.449830352421e-04,0.000000000000e+00
3.510000000000e+02,0.000000000000e+00,2.187696695938e+05,0.000000000000e+00,1.051165381218e+00,9.223055884667e-04,0.000000000000e+00,0.000000000000e+00,1.513268170619e-05,0.000000000000e+00,0.000000000000e+00,0.000000000000e+00,0.000000000000e+00,0.000000000000e+00,1.961590080142e-05,0.000000000000e+00,8.875570059590e-04,1.078874544078e+00
3.520000000000e+02,0.000000000000e+00,2.187035902332e+05,0.000000000000e+00,5.077564144892e-01,1.211323085721e-03,0.000000000000e+00,0.000000000000e+00,9.880163031429e-06,0.000000000000e+00,0.000000000000e+00,0.000000000000e+00,0.000000000000e+00,0.000000000000e+00,0.000000000000e+00,0.000000000000e+00,1.201442922690e-03,0.000000000000e+00
3.530000000000e+02,0.000000000000e+00,2.186396073325e+05,0.000000000000e+00,2.489593390210e-01,1.168030870035e-03,0.000000000000e+00,0.000000000000e+00,4.705401372150e-06,0.000000000000e+00,0.000000000000e+00,0.000000000000e+00,0.000000000000e+00,0.000000000000e+00,0.000000000000e+00,0.000000000000e+00,1.163325468663e-03,0.000000000000e+00
3.540000000000e+02,0.000000000000e+00,2.185504442386e+05,0.000000000000e+00,1.315628061475e-01,1.623282842257e-03,0.000000000000e+00,0.000000000000e+00,2.134482415882e-06,0.000000000000e+00,0.000000000000e+00,0.000000000000e+00,0.000000000000e+00,0.000000000000e+00,6.279758619725e-04,0.000000000000e+00,9.931724978687e-04,3.453867240849e+01
3.550000000000e+02,0.000000000000e+00,2.184832125814e+05,0.000000000000e+00,7.330158381533e-02,1.223453011269e-03,0.000000000000e+00,0.000000000000e+00,1.059294951494e-06,0.000000000000e+00,0.000000000000e+00,0.000000000000e+00,0.000000000000e+00,0.000000000000e+00,3.434400136052e-04,0.000000000000e+00,8.789537027120e-04,1.888920074829e+01
3.560000000000e+02,0.000000000000e+00,2.184325621652e+05,0.000000000000e+00,4.324734327613e-02,9.214639505121e-04,0.000000000000e+00,0.000000000000e+00,5.464407370764e-07,0.000000000000e+00,0.000000000000e+00,0.000000000000e+00,0.000000000000e+00,0.000000000000e+00,1.577456629435e-04,0.000000000000e+00,7.631718468315e-04,8.676011461891e+00
3.570000000000e+02,0.000000000000e+00,2.183969500167e+05,0.000000000000e+00,2.713321940600e-02,6.477865944949e-04,0.000000000000e+00,0.000000000000e+00,2.929840703659e-07,0.000000000000e+00,0.000000000000e+00,0.000000000000e+00,0.000000000000e+00,0.000000000000e+00,0.000000000000e+00,0.000000000000e+00,6.474936104245e-04,0.000000000000e+00
3.580000000000e+02,0.000000000000e+00,2.183770288735e+05,0.000000000000e+00,2.032904762135e-02,3.623263181658e-04,0.000000000000e+00,0.000000000000e+00,1.237122142663e-07,0.000000000000e+00,0.000000000000e+00,0.000000000000e+00,0.000000000000e+00,0.000000000000e+00,0.000000000000e+00,0.000000000000e+00,3.622026059515e-04,0.000000000000e+00
3.590000000000e+02,0.000000000000e+00,2.184378123167e+05,0.000000000000e+00,2.402865534103e+01,1.472283788813e-03,0.000000000000e+00,3.013953488372e-03,3.134720348670e-04,0.000000000000e+00,7.499870583836e-04,0.000000000000e+00,0.000000000000e+00,0.000000000000e+00,7.014447667951e-04,2.263966429988e-03,4.573669871508e-04,-8.593869147564e+01
3.600000000000e+02,0.000000000000e+00,2.184378123176e+05,2.875939803492e+02,5.889538991762e+01,1.074223295395e-03,7.032558139535e-03,0.000000000000e+00,5.473356010885e-04,4.729380818513e-04,1.749627066185e-03,5.268876943063e-04,0.000000000000e+00,5.755869155202e-03,0.000000000000e+00,0.000000000000e+00,0.000000000000e+00,0.000000000000e+00
3.610000000000e+02,0.000000000000e+00,2.184251208771e+05,2.875939803492e+02,3.689675813636e+01,6.307285908016e-04,0.000000000000e+00,0.000000000000e+00,3.999751232957e-04,0.000000000000e+00,0.000000000000e+00,0.000000000000e+00,0.000000000000e+00,0.000000000000e+00,0.000000000000e+00,0.000000000000e+00,2.307534675059e-04,0.000000000000e+00
3.620000000000e+02,0.000000000000e+00,2.183872161775e+05,2.875939803492e+02,1.871495802449e+01,1.019754543323e-03,0.000000000000e+00,0.000000000000e+00,3.305781838521e-04,0.000000000000e+00,0.000000000000e+00,0.000000000000e+00,0.000000000000e+00,0.000000000000e+00,0.000000000000e+00,0.000000000000e+00,6.891763594713e-04,0.000000000000e+00
3.630000000000e+02,0.000000000000e+00,2.184105408630e+05,2.038228067677e+02,8.370213702012e+00,1.287113317018e-03,0.000000000000e+00,0.000000000000e+00,1.880862604087e-04,0.000000000000e+00,0.000000000000e+00,0.000000000000e+00,1.523112246937e-03,0.000000000000e+00,0.000000000000e+00,0.000000000000e+00,1.099027056609e-03,-8.377117358153e+01
3.640000000000e+02,0.000000000000e+00,2.184385415013e+05,1.387341616647e+02,5.473544025697e+00,7.305640900066e-04,0.000000000000e+00,0.000000000000e+00,5.623669116755e-05,0.000000000000e+00,0.000000000000e+00,1.467073574331e-04,1.036722553531e-03,0.000000000000e+00,0.000000000000e+00,0.000000000000e+00,5.276200414060e-04,-5.701974044419e+01
3.650000000000e+02,0.000000000000e+00,2.186019944972e+05,9.275721094746e+01,3.528405645121e+01,2.385078351405e-03,0.000000000000e+00,5.023255813953e-03,7.460936342850e-04,0.000000000000e+00,1.248346610762e-03,8.359445584953e-04,0.000000000000e+00,0.000000000000e+00,3.570648285328e-04,3.774909203192e-03,4.459753300920e-04,-1.879814406062e+02
3.660000000000e+02,0.000000000000e+00,2.185651059672e+05,7.707007490712e+01,1.990626797598e+01,1.239931442433e-03,0.000000000000e+00,0.000000000000e+00,2.840102381706e-04,0.000000000000e+00,0.000000000000e+00,2.852206552790e-04,0.000000000000e+00,0.000000000000e+00,1.568370216563e-04,0.000000000000e+00,5.138635273273e-04,8.626036191099e+00
3.670000000000e+02,0.000000000000e+00,2.185103474667e+05,7.707007490712e+01,9.124965557127e+00,1.191632781754e-03,0.000000000000e+00,0.000000000000e+00,1.960236803429e-04,0.000000000000e+00,0.000000000000e+00,0.000000000000e+00,0.000000000000e+00,0.000000000000e+00,0.000000000000e+00,0.000000000000e+00,9.956091014115e-04,0.000000000000e+00
3.680000000000e+02,0.000000000000e+00,2.184463062960e+05,7.707007490712e+01,4.044157283618e+00,1.256763256199e-03,0.000000000000e+00,0.000000000000e+00,9.237833224562e-05,0.000000000000e+00,0.000000000000e+00,0.000000000000e+00,0.000000000000e+00,0.000000000000e+00,0.000000000000e+00,0.000000000000e+00,1.164384923954e-03,0.000000000000e+00
3.690000000000e+02,0.000000000000e+00,2.183693929660e+05,5.201611123110e+01,2.080131317388e+00,1.890653655748e-03,0.000000000000e+00,0.000000000000e+00,3.671198056441e-05,0.000000000000e+00,0.000000000000e+00,4.555266122912e-04,0.000000000000e+00,0.000000000000e+00,4.720846719246e-04,0.000000000000e+00,9.263303909681e-04,2.596465695585e+01
3.700000000000e+02,0.000000000000e+00,2.183156107174e+05,5.201611123110e+01,1.033245338314e+00,9.968933600648e-04,0.000000000000e+00,0.000000000000e+00,1.903429052863e-05,0.000000000000e+00,0.000000000000e+00,0.000000000000e+00,0.000000000000e+00,0.000000000000e+00,0.000000000000e+00,0.000000000000e+00,9.778590695362e-04,0.000000000000e+00
3.710000000000e+02,0.000000000000e+00,2.182974234198e+05,5.201611123110e+01,7.688720888521e-01,3.354849259493e-04,0.000000000000e+00,0.000000000000e+00,4.806786353845e-06,0.000000000000e+00,0.000000000000e+00,0.000000000000e+00,0.000000000000e+00,0.000000000000e+00,0.000000000000e+00,0.000000000000e+00,3.306781395955e-04,0.000000000000e+00
3.720000000000e+02,0.000000000000e+00,2.182974234197e+05,4.585485955973e+02,5.351361385573e+01,1.617441829301e-03,1.004651162791e-02,0.000000000000e+00,9.032407307985e-04,5.509043952294e-04,2.491715208885e-03,7.142010985026e-04,0.000000000000e+00,8.105700814251e-03,0.000000000000e+00,0.000000000000e+00,0.000000000000e+00,0.000000000000e+00
3.730000000000e+02,0.000000000000e+00,2.182699616113e+05,4.585485955973e+02,2.627273965225e+01,9.945942309365e-04,0.000000000000e+00,0.000000000000e+00,4.952886218815e-04,0.000000000000e+00,0.000000000000e+00,0.000000000000e+00,0.000000000000e+00,0.000000000000e+00,0.000000000000e+00,0.000000000000e+00,4.993056090550e-04,0.000000000000e+00
3.740000000000e+02,0.000000000000e+00,2.182321605929e+05,4.473652887817e+02,1.333641153340e+01,1.125830063442e-03,0.000000000000e+00,0.000000000000e+00,2.352059657974e-04,0.000000000000e+00,0.000000000000e+00,2.033328511920e-04,0.000000000000e+00,0.000000000000e+00,0.000000000000e+00,0.000000000000e+00,6.872912464529e-04,0.000000000000e+00
3.750000000000e+02,0.000000000000e+00,2.181995681744e+05,4.096267536403e+02,7.674651199279e+00,1.381685709414e-03,0.000000000000e+00,0.000000000000e+00,1.029410969839e-04,0.000000000000e+00,0.000000000000e+00,6.861551843888e-04,0.000000000000e+00,0.000000000000e+00,0.000000000000e+00,0.000000000000e+00,5.925894280415e-04,0.000000000000e+00
3.760000000000e+02,0.000000000000e+00,2.181667140923e+05,3.883641770086e+02,4.512727950544e+00,1.041428767043e-03,0.000000000000e+00,0.000000000000e+00,5.748951361337e-05,0.000000000000e+00,0.000000000000e+00,3.865923023949e-04,0.000000000000e+00,0.000000000000e+00,0.000000000000e+00,0.000000000000e+00,5.973469510351e-04,0.000000000000e+00
3.770000000000e+02,0.000000000000e+00,2.181209882918e+05,3.883641770086e+02,2.325689203187e+00,8.711425335841e-04,0.000000000000e+00,0.000000000000e+00,3.976434086102e-05,0.000000000000e+00,0.000000000000e+00,0.000000000000e+00,0.000000000000e+00,0.000000000000e+00,0.000000000000e+00,0.000000000000e+00,8.313781927231e-04,0.000000000000e+00
3.780000000000e+02,0.000000000000e+00,2.180547109988e+05,3.883641770086e+02,9.943816485572e-01,1.229247286403e-03,0.000000000000e+00,0.000000000000e+00,2.420559190237e-05,0.000000000000e+00,0.000000000000e+00,0.000000000000e+00,0.000000000000e+00,0.000000000000e+00,0.000000000000e+00,0.000000000000e+00,1.205041694501e-03,0.000000000000e+00
3.790000000000e+02,0.000000000000e+00,2.179941850983e+05,3.883641770086e+02,4.478550725182e-01,1.110407766674e-03,0.000000000000e+00,0.000000000000e+00,9.936846837072e-06,0.000000000000e+00,0.000000000000e+00,0.000000000000e+00,0.000000000000e+00,0.000000000000e+00,0.000000000000e+00,0.000000000000e+00,1.100470919836e-03,0.000000000000e+00
3.800000000000e+02,0.000000000000e+00,2.179285954902e+05,3.451377765275e+02,1.924042881213e-01,1.983117444110e-03,0.000000000000e+00,0.000000000000e+00,4.644559716307e-06,0.000000000000e+00,0.000000000000e+00,7.859345542018e-04,0.000000000000e+00,0.000000000000e+00,0.000000000000e+00,0.000000000000e+00,1.192538330192e-03,0.000000000000e+00
3.810000000000e+02,0.000000000000e+00,2.178816285151e+05,3.117862560737e+02,9.849297303426e-02,1.462043763298e-03,0.000000000000e+00,0.000000000000e+00,1.707478456129e-06,0.000000000000e+00,0.000000000000e+00,6.063912809782e-04,0.000000000000e+00,0.000000000000e+00,0.000000000000e+00,0.000000000000e+00,8.539450038641e-04,0.000000000000e+00
3.820000000000e+02,0.000000000000e+00,2.178165108908e+05,3.117862560737e+02,4.235681786653e-02,1.184977464207e-03,0.000000000000e+00,0.000000000000e+00,1.020657366686e-06,0.000000000000e+00,0.000000000000e+00,0.000000000000e+00,0.000000000000e+00,0.000000000000e+00,0.000000000000e+00,0.000000000000e+00,1.183956806841e-03,0.000000000000e+00
3.830000000000e+02,0.000000000000e+00,2.177213349642e+05,3.117862560737e+02,1.439177522648e-02,1.730979849543e-03,0.000000000000e+00,0.000000000000e+00,5.084553207281e-07,0.000000000000e+00,0.000000000000e+00,0.000000000000e+00,0.000000000000e+00,0.000000000000e+00,0.000000000000e+00,0.000000000000e+00,1.730471394222e-03,0.000000000000e+00
3.840000000000e+02,0.000000000000e+00,2.176775187156e+05,2.742183430727e+02,5.395429688656e-03,1.479875602055e-03,0.000000000000e+00,0.000000000000e+00,1.635699188696e-07,0.000000000000e+00,0.000000000000e+00,0.000000000000e+00,6.830529636539e-04,0.000000000000e+00,0.000000000000e+00,0.000000000000e+00,1.479712032136e-03,-3.756791300097e+01
3.850000000000e+02,0.000000000000e+00,2.176717229988e+05,2.436905880995e+02,4.820864900862e-03,6.604371851380e-04,0.000000000000e+00,0.000000000000e+00,1.044663250535e-08,0.000000000000e+00,0.000000000000e+00,5.550500904221e-04,0.000000000000e+00,0.000000000000e+00,0.000000000000e+00,0.000000000000e+00,1.053766480833e-04,0.000000000000e+00
3.860000000000e+02,0.000000000000e+00,2.184334717422e+05,2.436905880995e+02,4.982862997787e+01,3.139028538007e-04,0.000000000000e+00,1.506976744186e-02,3.139028538007e-04,2.501618639718e-03,3.721408931937e-03,0.000000000000e+00,0.000000000000e+00,0.000000000000e+00,0.000000000000e+00,1.384997714964e-02,0.000000000000e+00,-7.617487432303e+02
3.870000000000e+02,0.000000000000e+00,2.183927589691e+05,2.147418204089e+02,2.029494733093e+01,1.803548963159e-03,0.000000000000e+00,0.000000000000e+00,5.369760481262e-04,0.000000000000e+00,0.000000000000e+00,5.263412307386e-04,0.000000000000e+00,0.000000000000e+00,0.000000000000e+00,0.000000000000e+00,7.402316842940e-04,0.000000000000e+00
3.880000000000e+02,0.000000000000e+00,2.183114279372e+05,2.147418204089e+02,6.830643382691e+00,1.723551557552e-03,0.000000000000e+00,0.000000000000e+00,2.448055263317e-04,0.000000000000e+00,0.000000000000e+00,0.000000000000e+00,0.000000000000e+00,0.000000000000e+00,0.000000000000e+00,0.000000000000e+00,1.478746031220e-03,0.000000000000e+00
3.890000000000e+02,0.000000000000e+00,2.182363335373e+05,1.888670364194e+02,2.130873988903e+00,1.921253826425e-03,0.000000000000e+00,0.000000000000e+00,8.545035261433e-05,0.000000000000e+00,0.000000000000e+00,0.000000000000e+00,4.704506179902e-04,0.000000000000e+00,0.000000000000e+00,0.000000000000e+00,1.835803473810e-03,-2.587478398946e+01
3.900000000000e+02,0.000000000000e+00,2.181854873436e+05,1.306812222241e+02,6.496179111846e-01,2.009753737694e-03,0.000000000000e+00,0.000000000000e+00,2.735359340763e-05,0.000000000000e+00,0.000000000000e+00,0.000000000000e+00,1.057923894460e-03,0.000000000000e+00,0.000000000000e+00,0.000000000000e+00,1.982400144286e-03,-5.818581419530e+01
3.910000000000e+02,0.000000000000e+00,2.181476535668e+05,7.916475676156e+01,2.324568888714e-01,1.632531018729e-03,0.000000000000e+00,0.000000000000e+00,7.981156986156e-06,0.000000000000e+00,0.000000000000e+00,0.000000000000e+00,9.366630084106e-04,0.000000000000e+00,0.000000000000e+00,0.000000000000e+00,1.624549861743e-03,-5.151646546258e+01
3.920000000000e+02,0.000000000000e+00,2.181626433296e+05,5.053656330917e+01,1.289196765799e+01,2.039278734040e-03,0.000000000000e+00,2.009302325581e-03,2.775552309755e-04,0.000000000000e+00,4.955516332838e-04,5.205126082253e-04,0.000000000000e+00,0.000000000000e+00,4.989696680626e-04,1.513750692298e-03,7.422412267772e-04,-5.581295633292e+01
3.930000000000e+02,0.000000000000e+00,2.182733037144e+05,4.298872949862e+01,2.296479293395e+01,1.963575274605e-03,0.000000000000e+00,4.018604651163e-03,8.106223025964e-04,0.000000000000e+00,9.908787208998e-04,1.372333420100e-04,0.000000000000e+00,0.000000000000e+00,1.607130023358e-04,3.027725930263e-03,8.550066276630e-04,-1.576857110360e+02
3.940000000000e+02,0.000000000000e+00,2.182319443154e+05,4.298872949862e+01,1.073050080906e+01,9.744307490183e-04,0.000000000000e+00,0.000000000000e+00,2.224416749980e-04,0.000000000000e+00,0.000000000000e+00,0.000000000000e+00,0.000000000000e+00,0.000000000000e+00,0.000000000000e+00,0.000000000000e+00,7.519890740203e-04,0.000000000000e+00
3.950000000000e+02,0.000000000000e+00,2.183991578036e+05,2.923104838386e+01,3.849410327735e+01,1.741545448521e-03,0.000000000000e+00,5.023255813953e-03,7.464171063826e-04,0.000000000000e+00,1.238023003600e-03,2.501396566319e-04,0.000000000000e+00,0.000000000000e+00,5.834423987208e-04,3.785232810354e-03,1.615462867854e-04,-1.760984726398e+02
3.960000000000e+02,0.000000000000e+00,2.183991578035e+05,4.571220179021e+02,4.717575783866e+01,1.081887831513e-03,9.041860465116e-03,0.000000000000e+00,1.081887831513e-03,9.658859831156e-04,2.227910638810e-03,0.000000000000e+00,0.000000000000e+00,7.779835809422e-03,0.000000000000e+00,0.000000000000e+00,0.000000000000e+00,0.000000000000e+00
3.970000000000e+02,0.000000000000e+00,2.183743032373e+05,4.571220179021e+02,2.293932309719e+01,8.925637073274e-04,0.000000000000e+00,0.000000000000e+00,4.406624498449e-04,0.000000000000e+00,0.000000000000e+00,0.000000000000e+00,0.000000000000e+00,0.000000000000e+00,0.000000000000e+00,0.000000000000e+00,4.519012574826e-04,0.000000000000e+00
3.980000000000e+02,0.000000000000e+00,2.199086331201e+05,3.722509992619e+02,4.954841393028e+01,2.297284540761e-03,0.000000000000e+00,2.913488372093e-02,7.541751109391e-04,5.937340396283e-03,7.175317158733e-03,1.543109429822e-03,0.000000000000e+00,0.000000000000e+00,0.000000000000e+00,2.789690695848e-02,0.000000000000e+00,-1.534329882716e+03
3.990000000000e+02,0.000000000000e+00,2.198861785812e+05,3.722509992619e+02,2.436944614014e+01,8.660637408267e-04,0.000000000000e+00,0.000000000000e+00,4.577994143662e-04,0.000000000000e+00,0.000000000000e+00,0.000000000000e+00,0.000000000000e+00,0.000000000000e+00,0.000000000000e+00,0.000000000000e+00,4.082643264605e-04,0.000000000000e+00
4.000000000000e+02,0.000000000000e+00,2.198291873491e+05,3.702483610044e+02,7.559552880952e+00,1.378250248376e-03,0.000000000000e+00,0.000000000000e+00,3.056344228944e-04,0.000000000000e+00,0.000000000000e+00,3.641160468047e-05,0.000000000000e+00,0.000000000000e+00,0.000000000000e+00,0.000000000000e+00,1.036204220801e-03,0.000000000000e+00
4.010000000000e+02,0.000000000000e+00,2.197544778426e+05,3.702483610044e+02,2.760722652905e+00,1.445606125311e-03,0.000000000000e+00,0.000000000000e+00,8.725145869176e-05,0.000000000000e+00,0.000000000000e+00,0.000000000000e+00,0.000000000000e+00,0.000000000000e+00,0.000000000000e+00,0.000000000000e+00,1.358354666619e-03,0.000000000000e+00
4.020000000000e+02,0.000000000000e+00,2.196802752371e+05,3.702483610044e+02,1.035310455048e+00,1.380509414572e-03,0.000000000000e+00,0.000000000000e+00,3.137113087014e-05,0.000000000000e+00,0.000000000000e+00,0.000000000000e+00,0.000000000000e+00,0.000000000000e+00,0.000000000000e+00,0.000000000000e+00,1.349138283702e-03,0.000000000000e+00
4.030000000000e+02,0.000000000000e+00,2.196183153835e+05,3.702483610044e+02,4.352574506559e-01,1.137452850946e-03,0.000000000000e+00,0.000000000000e+00,1.091005462530e-05,0.000000000000e+00,0.000000000000e+00,0.000000000000e+00,0.000000000000e+00,0.000000000000e+00,0.000000000000e+00,0.000000000000e+00,1.126542796320e-03,0.000000000000e+00
4.040000000000e+02,0.000000000000e+00,2.196297881818e+05,3.344497700470e+02,9.212224106120e+00,2.292008253058e-03,0.000000000000e+00,2.009302325581e-03,3.344932872705e-04,0.000000000000e+00,4.940744991880e-04,6.508834719527e-04,0.000000000000e+00,0.000000000000e+00,0.000000000000e+00,1.515227826393e-03,1.306631493835e-03,-8.333753045164e+01
4.050000000000e+02,0.000000000000e+00,2.195522833345e+05,3.344497700470e+02,3.227120614604e+00,1.517999107866e-03,0.000000000000e+00,0.000000000000e+00,1.088200634821e-04,0.000000000000e+00,0.000000000000e+00,0.000000000000e+00,0.000000000000e+00,0.000000000000e+00,0.000000000000e+00,0.000000000000e+00,1.409179044384e-03,0.000000000000e+00
4.060000000000e+02,0.000000000000e+00,2.194915754681e+05,3.344497700470e+02,1.346921149225e+00,1.137964837453e-03,0.000000000000e+00,0.000000000000e+00,3.418544482508e-05,0.000000000000e+00,0.000000000000e+00,0.000000000000e+00,0.000000000000e+00,0.000000000000e+00,0.000000000000e+00,0.000000000000e+00,1.103779392628e-03,0.000000000000e+00
4.070000000000e+02,2.269768268767e+03,2.202690363565e+05,2.428460934198e+02,5.137003675600e+01,2.616959987854e-03,0.000000000000e+00,5.726511627907e-02,9.514385946317e-04,1.220828600717e-02,1.406923579466e-02,1.665521393222e-03,0.000000000000e+00,0.000000000000e+00,0.000000000000e+00,5.540416649159e-02,0.000000000000e+00,-7.774608882701e+02
4.080000000000e+02,2.266603585809e+03,2.202691343313e+05,4.512670255887e+02,4.275980659390e+01,1.446092291406e-03,5.023255813953e-03,0.000000000000e+00,1.390333959285e-03,0.000000000000e+00,1.233784319974e-03,0.000000000000e+00,0.000000000000e+00,3.789471493979e-03,0.000000000000e+00,0.000000000000e+00,5.575833212074e-05,-3.164682958327e+00
4.090000000000e+02,2.187849910642e+03,2.202690354666e+05,4.512670255887e+02,1.233284273584e+01,1.986900070299e-03,0.000000000000e+00,0.000000000000e+00,5.532175246919e-04,0.000000000000e+00,0.000000000000e+00,0.000000000000e+00,0.000000000000e+00,0.000000000000e+00,0.000000000000e+00,0.000000000000e+00,1.433682545607e-03,-7.875367516637e+01
4.100000000000e+02,2.128730814051e+03,2.202689674058e+05,3.968927225934e+02,3.262707332977e+00,2.229665380432e-03,0.000000000000e+00,0.000000000000e+00,1.649115527794e-04,0.000000000000e+00,0.000000000000e+00,0.000000000000e+00,9.886236908235e-04,0.000000000000e+00,0.000000000000e+00,0.000000000000e+00,2.064753827652e-03,-1.134933995869e+02
4.110000000000e+02,2.152999319256e+03,2.202689953899e+05,2.746187321179e+02,9.941714872214e-01,1.822655220835e-03,0.000000000000e+00,0.000000000000e+00,4.124610628647e-05,0.000000000000e+00,0.000000000000e+00,0.000000000000e+00,2.223163463191e-03,0.000000000000e+00,0.000000000000e+00,0.000000000000e+00,1.781409114549e-03,-9.800548527009e+01
4.120000000000e+02,2.246317571559e+03,2.202691071506e+05,1.536113730208e+02,6.152924207650e-01,5.085583476911e-04,0.000000000000e+00,0.000000000000e+00,7.152052560431e-06,0.000000000000e+00,0.000000000000e+00,0.000000000000e+00,2.200133801766e-03,0.000000000000e+00,0.000000000000e+00,0.000000000000e+00,5.014062951307e-04,-2.768910679473e+01
4.130000000000e+02,2.716464984028e+03,2.202695708502e+05,8.104199040460e+01,4.421858453669e+01,9.985264630613e-05,0.000000000000e+00,8.037209302326e-03,9.256425275162e-05,1.178248348159e-03,1.971035477539e-03,7.288393554507e-06,1.312143499187e-03,0.000000000000e+00,0.000000000000e+00,7.244422172945e-03,0.000000000000e+00,-4.636994980733e-01
4.140000000000e+02,4.670373994866e+03,2.202714645016e+05,4.022296789434e+01,4.797753383981e+01,3.868105208002e-04,0.000000000000e+00,3.516279069767e-02,3.209408308008e-04,8.341468749838e-03,8.620505402204e-03,6.586968999936e-05,6.762943556417e-04,0.000000000000e+00,0.000000000000e+00,3.488375404531e-02,0.000000000000e+00,-1.893651213662e+00
4.150000000000e+02,5.485296282944e+03,2.202722601128e+05,1.967443548388e+01,4.481818158411e+01,1.726621320555e-03,0.000000000000e+00,1.607441860465e-02,1.123381479502e-03,2.925959044590e-03,3.939512959936e-03,1.163217216123e-04,2.572879585779e-04,0.000000000000e+00,4.869181194399e-04,1.506086468930e-02,0.000000000000e+00,-7.956109867750e-01
4.160000000000e+02,5.751810246217e+03,2.202725104517e+05,1.040700104940e+01,3.259164381660e+01,2.588476118030e-03,0.000000000000e+00,7.032558139535e-03,1.960642616852e-03,0.000000000000e+00,1.722963408989e-03,0.000000000000e+00,1.684988078998e-04,0.000000000000e+00,0.000000000000e+00,5.309594730546e-03,6.278335011782e-04,-3.478118134158e+01
4.170000000000e+02,5.603683202823e+03,2.202723396766e+05,5.184174444462e+00,7.169742419557e+00,3.255618853102e-03,0.000000000000e+00,0.000000000000e+00,4.643343950563e-04,0.000000000000e+00,0.000000000000e+00,2.716562065007e-05,6.779486307599e-05,0.000000000000e+00,4.535339236547e-04,0.000000000000e+00,2.310584913741e-03,-1.269113950626e+02
4.180000000000e+02,5.495307357308e+03,2.202722507919e+05,2.909805059702e+00,2.562054210560e+00,2.097481062230e-03,0.000000000000e+00,0.000000000000e+00,8.404288546651e-05,0.000000000000e+00,0.000000000000e+00,1.779597603506e-05,2.355619459695e-05,0.000000000000e+00,6.801008864333e-04,0.000000000000e+00,1.315541314295e-03,-7.226588746343e+01
4.190000000000e+02,6.151037112396e+03,2.202729074809e+05,1.991560934619e+00,4.308870776081e+01,2.416430205998e-03,0.000000000000e+00,1.506976744186e-02,1.855990742846e-03,1.096529677194e-03,3.688254022071e-03,9.254151873061e-06,7.441195855713e-06,0.000000000000e+00,5.511853112792e-04,1.247804309698e-02,0.000000000000e+00,-6.566888981838e-01
4.200000000000e+02,6.042429933790e+03,2.202727713030e+05,1.411453532685e+00,9.862218529608e+00,2.591940062258e-03,0.000000000000e+00,0.000000000000e+00,6.042407154871e-04,0.000000000000e+00,0.000000000000e+00,0.000000000000e+00,1.054740730788e-05,0.000000000000e+00,0.000000000000e+00,0.000000000000e+00,1.987699346770e-03,-1.091872860074e+02
4.210000000000e+02,5.888158228803e+03,2.202726075373e+05,7.895139324208e-01,2.026814360026e+00,2.961730681632e-03,0.000000000000e+00,0.000000000000e+00,1.425050370409e-04,0.000000000000e+00,0.000000000000e+00,0.000000000000e+00,1.130799273208e-05,0.000000000000e+00,0.000000000000e+00,0.000000000000e+00,2.819225644591e-03,-1.548936445872e+02
4.220000000000e+02,5.716887216679e+03,2.202724360373e+05,4.158944022061e-01,3.948238816314e-01,3.153610776251e-03,0.000000000000e+00,0.000000000000e+00,2.968047525074e-05,0.000000000000e+00,0.000000000000e+00,5.779842665261e-07,6.215730883881e-06,0.000000000000e+00,0.000000000000e+00,0.000000000000e+00,3.123352316734e-03,-1.716128773229e+02
4.230000000000e+02,5.541095215052e+03,2.202722638863e+05,2.086513995766e-01,7.555894580202e-02,3.208922062406e-03,0.000000000000e+00,0.000000000000e+00,5.805777008947e-06,0.000000000000e+00,0.000000000000e+00,0.000000000000e+00,3.768054593264e-06,0.000000000000e+00,0.000000000000e+00,0.000000000000e+00,3.203116285397e-03,-1.759992446300e+02
4.240000000000e+02,5.373970164767e+03,2.202721041280e+05,9.202840426801e-02,1.503250078960e-02,3.044763135782e-03,0.000000000000e+00,0.000000000000e+00,1.100739432283e-06,0.000000000000e+00,0.000000000000e+00,0.000000000000e+00,2.120418096521e-06,0.000000000000e+00,0.000000000000e+00,0.000000000000e+00,3.043662396350e-03,-1.672416732804e+02
4.250000000000e+02,5.201783983019e+03,2.202719462245e+05,3.774575742056e-02,2.967491438184e+00,4.085519865249e-03,0.000000000000e+00,1.004651162791e-03,1.916892925310e-04,0.000000000000e+00,2.453363711596e-04,4.463350261708e-07,5.406221892372e-07,0.000000000000e+00,1.410737927193e-03,7.593147916311e-04,2.482646310499e-03,-1.363876435122e+02
4.260000000000e+02,5.003235040566e+03,2.202717533244e+05,2.071515932426e-02,6.783084776903e-01,3.655425166348e-03,0.000000000000e+00,0.000000000000e+00,4.162746949013e-05,0.000000000000e+00,0.000000000000e+00,1.806482914135e-07,1.289989467011e-07,0.000000000000e+00,1.125601079376e-03,0.000000000000e+00,2.488015969190e-03,-1.366479780292e+02
4.270000000000e+02,4.899973921232e+03,2.202716628633e+05,1.468119016602e-02,1.921464853341e-01,1.888069373418e-03,0.000000000000e+00,0.000000000000e+00,8.840018784100e-06,0.000000000000e+00,0.000000000000e+00,0.000000000000e+00,1.097085301497e-07,0.000000000000e+00,0.000000000000e+00,0.000000000000e+00,1.879229354633e-03,-1.032671533032e+02
4.280000000000e+02,4.863867926279e+03,2.202716480406e+05,9.923075475515e-03,1.018622542453e-01,6.584702631725e-04,0.000000000000e+00,0.000000000000e+00,1.641610102190e-06,0.000000000000e+00,0.000000000000e+00,0.000000000000e+00,8.651117619108e-08,0.000000000000e+00,0.000000000000e+00,0.000000000000e+00,6.568286530703e-04,-3.611075306745e+01
4.290000000000e+02,6.078721639092e+03,2.202728353934e+05,6.586025177673e-03,4.278701248287e+01,2.229618590786e-03,0.000000000000e+00,2.511627906977e-02,1.510964971832e-03,3.835664041076e-03,6.123509704048e-03,3.725885343842e-08,2.050648748503e-08,0.000000000000e+00,7.186163601006e-04,2.282843340680e-02,0.000000000000e+00,-1.187352611964e+00
4.300000000000e+02,6.202243173040e+03,2.202729458464e+05,5.448088549484e-03,2.516967782257e+01,2.091086987873e-03,0.000000000000e+00,4.018604651163e-03,1.299664755692e-03,0.000000000000e+00,9.793490270393e-04,5.595978621687e-10,2.035603994398e-08,0.000000000000e+00,0.000000000000e+00,3.039255624124e-03,7.914216725832e-04,-4.363864496089e+01
4.310000000000e+02,6.055756917716e+03,2.202727872483e+05,4.310151921295e-03,6.388300786712e+00,3.007776204267e-03,0.000000000000e+00,0.000000000000e+00,3.414797580993e-04,0.000000000000e+00,0.000000000000e+00,2.638079361808e-08,0.000000000000e+00,0.000000000000e+00,8.527145196133e-04,0.000000000000e+00,1.813555545761e-03,-9.958695674586e+01
4.320000000000e+02,5.932666176925e+03,2.202726603765e+05,4.310151921295e-03,1.524189226714e+00,2.328758623460e-03,0.000000000000e+00,0.000000000000e+00,8.843839199996e-05,0.000000000000e+00,0.000000000000e+00,0.000000000000e+00,0.000000000000e+00,0.000000000000e+00,0.000000000000e+00,0.000000000000e+00,2.240320231460e-03,-1.230907407907e+02
4.330000000000e+02,5.806108688270e+03,2.202725363357e+05,4.310151921295e-03,3.629245952077e-01,2.324414440692e-03,0.000000000000e+00,0.000000000000e+00,2.111390239102e-05,0.000000000000e+00,0.000000000000e+00,0.000000000000e+00,0.000000000000e+00,0.000000000000e+00,0.000000000000e+00,0.000000000000e+00,2.303300538301e-03,-1.265574886548e+02
4.340000000000e+02,5.678108864978e+03,2.202724115230e+05,4.310151921295e-03,8.583129194675e-02,2.334582265957e-03,0.000000000000e+00,0.000000000000e+00,5.038060059290e-06,0.000000000000e+00,0.000000000000e+00,0.000000000000e+00,5.368098301977e-09,0.000000000000e+00,0.000000000000e+00,0.000000000000e+00,2.329544205898e-03,-1.280001185372e+02
4.350000000000e+02,5.537935088056e+03,2.202722716490e+05,3.383164773387e-03,1.888218085275e-02,2.552391416617e-03,0.000000000000e+00,0.000000000000e+00,1.217269887552e-06,0.000000000000e+00,0.000000000000e+00,0.000000000000e+00,1.685431178015e-08,0.000000000000e+00,0.000000000000e+00,0.000000000000e+00,2.551174146729e-03,-1.401747039096e+02
4.360000000000e+02,5.384342279014e+03,2.202721183513e+05,2.456177625479e-03,3.852770698452e-03,2.795671532730e-03,0.000000000000e+00,0.000000000000e+00,2.732968631490e-07,0.000000000000e+00,0.000000000000e+00,7.090953080970e-10,1.376575914644e-08,0.000000000000e+00,0.000000000000e+00,0.000000000000e+00,2.795397526772e-03,-1.535935661587e+02
4.370000000000e+02,5.233666103469e+03,2.202719728082e+05,1.529190477571e-03,7.953587464716e-04,2.742280092812e-03,0.000000000000e+00,0.000000000000e+00,5.559650169100e-08,0.000000000000e+00,0.000000000000e+00,0.000000000000e+00,1.142722338694e-08,0.000000000000e+00,0.000000000000e+00,0.000000000000e+00,2.742224496310e-03,-1.506768040422e+02
4.380000000000e+02,5.154582764788e+03,2.202719029392e+05,1.344934456967e-03,5.591109459662e+00,3.346838408022e-03,0.000000000000e+00,2.009302325581e-03,3.862799593055e-04,0.000000000000e+00,4.878964600807e-04,0.000000000000e+00,3.350109465535e-09,0.000000000000e+00,6.489423071303e-04,1.521405865501e-03,2.311616141586e-03,-1.270690186472e+02
4.390000000000e+02,5.066829490209e+03,2.202718296752e+05,1.160678436362e-03,1.663824531993e+00,1.668262452423e-03,0.000000000000e+00,0.000000000000e+00,7.141123458473e-05,0.000000000000e+00,0.000000000000e+00,0.000000000000e+00,5.059502820324e-09,0.000000000000e+00,0.000000000000e+00,0.000000000000e+00,1.596851217838e-03,-8.775355285147e+01
4.400000000000e+02,5.172801764237e+03,2.202719326858e+05,9.764224157577e-04,1.490587543799e+01,2.853760062077e-03,0.000000000000e+00,5.023255813953e-03,9.776794439992e-04,0.000000000000e+00,1.218535484458e-03,0.000000000000e+00,1.824134603984e-09,0.000000000000e+00,3.161828026002e-04,3.804720329495e-03,1.559897815478e-03,-8.589739027884e+01
4.410000000000e+02,5.157942740153e+03,2.202719147419e+05,7.921663951533e-04,9.483774738184e+00,2.378393288866e-03,0.000000000000e+00,2.009302325581e-03,5.857592970243e-04,0.000000000000e+00,4.871670493238e-04,0.000000000000e+00,8.386161519600e-09,0.000000000000e+00,0.000000000000e+00,1.522135276258e-03,1.792633991841e-03,-9.857692551695e+01
4.420000000000e+02,5.003936962448e+03,2.202717724425e+05,6.079103745489e-04,3.022229473627e+00,2.920191374231e-03,0.000000000000e+00,0.000000000000e+00,1.174990607031e-04,0.000000000000e+00,0.000000000000e+00,0.000000000000e+00,0.000000000000e+00,0.000000000000e+00,1.423377887186e-03,0.000000000000e+00,1.379314426342e-03,-7.571999390985e+01
4.430000000000e+02,5.048774546868e+03,2.202718207413e+05,4.236543539445e-04,1.311111387406e+01,2.014389393270e-03,0.000000000000e+00,3.013953488372e-03,5.472778656219e-04,0.000000000000e+00,7.307349948167e-04,0.000000000000e+00,0.000000000000e+00,0.000000000000e+00,4.073407451661e-04,2.283218493555e-03,1.059770782482e-03,-5.833569174134e+01
4.440000000000e+02,4.946801097051e+03,2.202717088257e+05,2.393983333401e-04,3.357823997367e+00,2.033447099550e-03,0.000000000000e+00,0.000000000000e+00,1.773495446298e-04,0.000000000000e+00,0.000000000000e+00,0.000000000000e+00,0.000000000000e+00,0.000000000000e+00,0.000000000000e+00,0.000000000000e+00,1.856097554920e-03,-1.019734498177e+02
4.450000000000e+02,4.881482426998e+03,2.202716563592e+05,5.514231273563e-05,1.219530703076e+00,1.227446881282e-03,0.000000000000e+00,0.000000000000e+00,3.888075735372e-05,0.000000000000e+00,0.000000000000e+00,0.000000000000e+00,0.000000000000e+00,0.000000000000e+00,0.000000000000e+00,0.000000000000e+00,1.188566123928e-03,-6.531867005254e+01
4.460000000000e+02,5.290164686971e+03,2.202720718133e+05,0.000000000000e+00,3.882366662531e+01,9.195655577786e-04,0.000000000000e+00,9.041860465116e-03,9.195655577786e-04,5.884847732996e-04,2.192204984450e-03,0.000000000000e+00,0.000000000000e+00,0.000000000000e+00,0.000000000000e+00,7.438140253966e-03,0.000000000000e+00,-4.154539948896e-01
4.470000000000e+02,5.765918092798e+03,2.202725339362e+05,0.000000000000e+00,3.865766451367e+01,2.395140277627e-03,0.000000000000e+00,1.105116279070e-02,2.395140277627e-03,2.866627521305e-04,2.679361647661e-03,0.000000000000e+00,0.000000000000e+00,0.000000000000e+00,0.000000000000e+00,8.658463895167e-03,0.000000000000e+00,-4.621084078677e-01
4.480000000000e+02,5.648455205759e+03,2.202723859954e+05,0.000000000000e+00,7.967405925618e+00,2.696383391558e-03,0.000000000000e+00,0.000000000000e+00,5.580047016010e-04,0.000000000000e+00,0.000000000000e+00,0.000000000000e+00,0.000000000000e+00,0.000000000000e+00,0.000000000000e+00,0.000000000000e+00,2.138378689957e-03,-1.174628870390e+02
4.490000000000e+02,5.484935855389e+03,2.202722131284e+05,0.000000000000e+00,1.469933072910e+00,3.094365249379e-03,0.000000000000e+00,0.000000000000e+00,1.181431122007e-04,0.000000000000e+00,0.000000000000e+00,0.000000000000e+00,0.000000000000e+00,0.000000000000e+00,0.000000000000e+00,0.000000000000e+00,2.976222137179e-03,-1.635193503699e+02
4.500000000000e+02,5.301059339486e+03,2.202720282827e+05,0.000000000000e+00,2.529308259523e-01,3.368701339560e-03,0.000000000000e+00,0.000000000000e+00,2.213112758965e-05,0.000000000000e+00,0.000000000000e+00,0.000000000000e+00,0.000000000000e+00,0.000000000000e+00,0.000000000000e+00,0.000000000000e+00,3.346570211970e-03,-1.838765159025e+02
4.510000000000e+02,5.100171177235e+03,2.202718279402e+05,0.000000000000e+00,4.061422304977e-02,3.660015640117e-03,0.000000000000e+00,0.000000000000e+00,3.861004975931e-06,0.000000000000e+00,0.000000000000e+00,0.000000000000e+00,0.000000000000e+00,0.000000000000e+00,0.000000000000e+00,0.000000000000e+00,3.656154635141e-03,-2.008881622517e+02
4.520000000000e+02,4.947449970019e+03,2.202716940366e+05,0.000000000000e+00,8.171000177810e-03,2.779773797840e-03,0.000000000000e+00,0.000000000000e+00,5.899618752318e-07,0.000000000000e+00,0.000000000000e+00,0.000000000000e+00,0.000000000000e+00,0.000000000000e+00,0.000000000000e+00,0.000000000000e+00,2.779183835965e-03,-1.527212072158e+02
4.530000000000e+02,4.864767969438e+03,2.202716348395e+05,0.000000000000e+00,2.594746515999e-03,1.504486809178e-03,0.000000000000e+00,0.000000000000e+00,1.013964131553e-07,0.000000000000e+00,0.000000000000e+00,0.000000000000e+00,0.000000000000e+00,0.000000000000e+00,0.000000000000e+00,0.000000000000e+00,1.504385412765e-03,-8.268200058050e+01
4.540000000000e+02,7.677601513812e+03,2.202743836390e+05,0.000000000000e+00,4.375388858855e+01,3.265970226626e-03,0.000000000000e+00,5.525581395349e-02,3.046846054701e-03,9.552524706463e-03,1.339680823831e-02,0.000000000000e+00,0.000000000000e+00,0.000000000000e+00,2.191241719250e-04,5.141153042165e-02,0.000000000000e+00,-2.748799361035e+00
4.550000000000e+02,7.970784406274e+03,2.202746643893e+05,0.000000000000e+00,2.875431175515e+01,2.974226288082e-03,0.000000000000e+00,8.037209302326e-03,2.221346231634e-03,0.000000000000e+00,1.948626652844e-03,0.000000000000e+00,0.000000000000e+00,0.000000000000e+00,0.000000000000e+00,6.088582649481e-03,7.528800564488e-04,-4.168915325915e+01
4.560000000000e+02,8.092611110088e+03,2.202747550345e+05,0.000000000000e+00,1.799476053841e+01,6.016158435485e-03,0.000000000000e+00,8.037209302326e-03,2.144254856785e-03,0.000000000000e+00,1.948626652844e-03,0.000000000000e+00,0.000000000000e+00,0.000000000000e+00,1.428500166290e-03,6.088582649481e-03,2.443403412410e-03,-1.344778327621e+02
4.570000000000e+02,7.817862154633e+03,2.202744587108e+05,0.000000000000e+00,2.398183640538e+00,5.284397384449e-03,0.000000000000e+00,0.000000000000e+00,2.835741254159e-04,0.000000000000e+00,0.000000000000e+00,0.000000000000e+00,0.000000000000e+00,0.000000000000e+00,7.319504225227e-04,0.000000000000e+00,4.268872836511e-03,-2.344916822162e+02
4.580000000000e+02,7.607326709907e+03,2.202742611482e+05,0.000000000000e+00,3.674627881127e-01,3.868431424034e-03,0.000000000000e+00,0.000000000000e+00,3.692219731683e-05,0.000000000000e+00,0.000000000000e+00,0.000000000000e+00,0.000000000000e+00,0.000000000000e+00,0.000000000000e+00,0.000000000000e+00,3.831509226717e-03,-2.105354447253e+02
4.590000000000e+02,7.504086912721e+03,2.202741931755e+05,0.000000000000e+00,9.957594180152e-02,1.883193761718e-03,0.000000000000e+00,0.000000000000e+00,4.870669932930e-06,0.000000000000e+00,0.000000000000e+00,0.000000000000e+00,0.000000000000e+00,0.000000000000e+00,0.000000000000e+00,0.000000000000e+00,1.878323091785e-03,-1.032397971865e+02
4.600000000000e+02,8.386997018465e+03,2.202750793378e+05,0.000000000000e+00,3.931218598452e+01,6.324997144301e-03,0.000000000000e+00,2.310697674419e-02,3.412643290653e-03,1.476701790044e-03,5.602301626928e-03,0.000000000000e+00,0.000000000000e+00,0.000000000000e+00,2.912353853648e-03,1.898137690730e-02,0.000000000000e+00,-8.861622067589e-01
4.610000000000e+02,8.214793430933e+03,2.202748725035e+05,0.000000000000e+00,7.125644008830e+00,3.719944798516e-03,0.000000000000e+00,0.000000000000e+00,5.852098541035e-04,0.000000000000e+00,0.000000000000e+00,0.000000000000e+00,0.000000000000e+00,0.000000000000e+00,5.580440138198e-04,0.000000000000e+00,2.576690930593e-03,-1.415111667724e+02
4.620000000000e+02,8.051972221726e+03,2.202747076637e+05,0.000000000000e+00,1.323458102583e+00,3.068877002186e-03,0.000000000000e+00,0.000000000000e+00,1.054942892045e-04,0.000000000000e+00,0.000000000000e+00,0.000000000000e+00,0.000000000000e+00,0.000000000000e+00,0.000000000000e+00,0.000000000000e+00,2.963382712982e-03,-1.628212092063e+02
4.630000000000e+02,7.936096153251e+03,2.202746091900e+05,0.000000000000e+00,3.277355771347e-01,2.126732086603e-03,0.000000000000e+00,0.000000000000e+00,1.810404591724e-05,0.000000000000e+00,0.000000000000e+00,0.000000000000e+00,0.000000000000e+00,0.000000000000e+00,0.000000000000e+00,0.000000000000e+00,2.108628040685e-03,-1.158760684759e+02
4.640000000000e+02,7.776120412875e+03,2.202744405032e+05,0.000000000000e+00,6.343522411865e-02,2.916522321497e-03,0.000000000000e+00,0.000000000000e+00,4.805460963928e-06,0.000000000000e+00,0.000000000000e+00,0.000000000000e+00,0.000000000000e+00,0.000000000000e+00,0.000000000000e+00,0.000000000000e+00,2.911716860533e-03,-1.599757403754e+02
4.650000000000e+02,7.977968536049e+03,2.202746437410e+05,0.000000000000e+00,1.570719960804e+01,4.079116116471e-03,0.000000000000e+00,8.037209302326e-03,1.664194573137e-03,0.000000000000e+00,1.948626652844e-03,0.000000000000e+00,0.000000000000e+00,0.000000000000e+00,0.000000000000e+00,6.088582649481e-03,2.414921543335e-03,-1.330239225480e+02
4.660000000000e+02,7.742686410838e+03,2.202743853107e+05,0.000000000000e+00,2.102335527006e+00,4.529916720898e-03,0.000000000000e+00,0.000000000000e+00,2.473611651096e-04,0.000000000000e+00,0.000000000000e+00,0.000000000000e+00,0.000000000000e+00,0.000000000000e+00,0.000000000000e+00,0.000000000000e+00,4.282555555788e-03,-2.352821252104e+02
4.670000000000e+02,7.457844615338e+03,2.202740980815e+05,0.000000000000e+00,2.607169364942e-01,5.217648061612e-03,0.000000000000e+00,0.000000000000e+00,3.348397437294e-05,0.000000000000e+00,0.000000000000e+00,0.000000000000e+00,0.000000000000e+00,0.000000000000e+00,2.730785576398e-04,0.000000000000e+00,4.911085529599e-03,-2.698224748299e+02
4.680000000000e+02,7.212986314916e+03,2.202738676010e+05,0.000000000000e+00,3.536681563855e-02,4.460256931557e-03,0.000000000000e+00,0.000000000000e+00,4.097274924647e-06,0.000000000000e+00,0.000000000000e+00,0.000000000000e+00,0.000000000000e+00,0.000000000000e+00,0.000000000000e+00,0.000000000000e+00,4.456159656633e-03,-2.448583004217e+02
4.690000000000e+02,6.935447087093e+03,2.202736120563e+05,0.000000000000e+00,5.731812059183e-03,5.051352866641e-03,0.000000000000e+00,0.000000000000e+00,5.388182468975e-07,0.000000000000e+00,0.000000000000e+00,0.000000000000e+00,0.000000000000e+00,0.000000000000e+00,1.432165375607e-03,0.000000000000e+00,3.618648672787e-03,-1.987701321651e+02
4.700000000000e+02,6.899767664683e+03,2.202735862842e+05,0.000000000000e+00,1.257700397139e+01,7.453174910585e-03,0.000000000000e+00,7.032558139535e-03,1.476479736524e-03,0.000000000000e+00,1.705048321239e-03,0.000000000000e+00,0.000000000000e+00,0.000000000000e+00,2.933460200668e-03,5.327509818296e-03,3.043234973393e-03,-1.673521513789e+02
4.710000000000e+02,6.721728299963e+03,2.202734104765e+05,0.000000000000e+00,2.131596302909e+00,3.430192367081e-03,0.000000000000e+00,0.000000000000e+00,1.899165030633e-04,0.000000000000e+00,0.000000000000e+00,0.000000000000e+00,0.000000000000e+00,0.000000000000e+00,0.000000000000e+00,0.000000000000e+00,3.240275864018e-03,-1.780393647209e+02
4.720000000000e+02,6.623236656760e+03,2.202733387286e+05,0.000000000000e+00,5.942798168033e-01,1.820012868480e-03,0.000000000000e+00,0.000000000000e+00,2.795120883828e-05,0.000000000000e+00,0.000000000000e+00,0.000000000000e+00,0.000000000000e+00,0.000000000000e+00,0.000000000000e+00,0.000000000000e+00,1.792061659641e-03,-9.849164320297e+01
4.730000000000e+02,6.909064583971e+03,2.202736050600e+05,0.000000000000e+00,1.828775262384e+01,4.523098332329e-03,0.000000000000e+00,1.004651162791e-02,2.117832192701e-03,0.000000000000e+00,2.439531698283e-03,0.000000000000e+00,0.000000000000e+00,0.000000000000e+00,0.000000000000e+00,7.606979929624e-03,2.405266139628e-03,-1.325559689178e+02
4.740000000000e+02,6.885682973099e+03,2.202735909656e+05,0.000000000000e+00,9.787950330120e+00,2.589220647372e-03,0.000000000000e+00,2.009302325581e-03,6.429145487853e-04,0.000000000000e+00,4.883726888995e-04,0.000000000000e+00,0.000000000000e+00,0.000000000000e+00,0.000000000000e+00,1.520929636682e-03,1.946306098587e-03,-1.070327408898e+02
4.750000000000e+02,6.903690183651e+03,2.202736148601e+05,0.000000000000e+00,1.647073581359e+01,4.573912353267e-03,0.000000000000e+00,5.023255813953e-03,1.100554697908e-03,0.000000000000e+00,1.222059888516e-03,0.000000000000e+00,0.000000000000e+00,0.000000000000e+00,1.915805821550e-03,3.801195925437e-03,1.557551833809e-03,-8.568924516169e+01
4.760000000000e+02,6.982823557597e+03,2.202736878553e+05,0.000000000000e+00,1.636341205154e+01,3.585091354891e-03,0.000000000000e+00,5.023255813953e-03,1.225102908592e-03,0.000000000000e+00,1.223151567464e-03,0.000000000000e+00,0.000000000000e+00,0.000000000000e+00,5.796881176157e-04,3.800104246490e-03,1.780300328683e-03,-9.798951314177e+01
4.770000000000e+02,6.897332620608e+03,2.202736090526e+05,0.000000000000e+00,4.816010843070e+00,1.765766199670e-03,0.000000000000e+00,0.000000000000e+00,2.099527492449e-04,0.000000000000e+00,0.000000000000e+00,0.000000000000e+00,0.000000000000e+00,0.000000000000e+00,0.000000000000e+00,0.000000000000e+00,1.555813450425e-03,-8.549093698913e+01
4.780000000000e+02,7.220171500829e+03,2.202739350221e+05,0.000000000000e+00,2.976490482617e+01,3.717170836126e-03,0.000000000000e+00,1.004651162791e-02,1.996844036853e-03,0.000000000000e+00,2.450460291092e-03,0.000000000000e+00,0.000000000000e+00,0.000000000000e+00,9.756019813251e-04,7.596051336815e-03,7.447248179475e-04,-4.128583433153e+01
4.790000000000e+02,7.596463215090e+03,2.202742956725e+05,0.000000000000e+00,3.046534761071e+01,5.194853819176e-03,0.000000000000e+00,1.205581395349e-02,2.930190976420e-03,0.000000000000e+00,2.942926299775e-03,0.000000000000e+00,0.000000000000e+00,0.000000000000e+00,1.229556952159e-03,9.112887653713e-03,1.035105890597e-03,-5.729147432439e+01
4.800000000000e+02,7.371154727706e+03,2.202740273740e+05,0.000000000000e+00,4.319724278307e+00,4.576771079874e-03,0.000000000000e+00,0.000000000000e+00,4.753749696801e-04,0.000000000000e+00,0.000000000000e+00,0.000000000000e+00,0.000000000000e+00,0.000000000000e+00,0.000000000000e+00,0.000000000000e+00,4.101396110193e-03,-2.253084873838e+02
4.810000000000e+02,7.084561155200e+03,2.202737302819e+05,0.000000000000e+00,5.448182074015e-01,5.284828559666e-03,0.000000000000e+00,0.000000000000e+00,6.863465583465e-05,0.000000000000e+00,0.000000000000e+00,0.000000000000e+00,0.000000000000e+00,0.000000000000e+00,0.000000000000e+00,0.000000000000e+00,5.216193903832e-03,-2.865935725062e+02
4.820000000000e+02,6.773591839746e+03,2.202734207173e+05,0.000000000000e+00,6.510708957856e-02,5.668338023612e-03,0.000000000000e+00,0.000000000000e+00,8.722020324053e-06,0.000000000000e+00,0.000000000000e+00,0.000000000000e+00,0.000000000000e+00,0.000000000000e+00,0.000000000000e+00,0.000000000000e+00,5.659616003288e-03,-3.109693154540e+02
4.830000000000e+02,6.479916207540e+03,2.202731405442e+05,0.000000000000e+00,8.252118985754e-03,5.345684735577e-03,0.000000000000e+00,0.000000000000e+00,1.033726738051e-06,0.000000000000e+00,0.000000000000e+00,0.000000000000e+00,0.000000000000e+00,0.000000000000e+00,0.000000000000e+00,0.000000000000e+00,5.344651008839e-03,-2.936756322058e+02
4.840000000000e+02,6.279342717578e+03,2.202729774704e+05,0.000000000000e+00,1.534563678645e-03,3.649877844268e-03,0.000000000000e+00,0.000000000000e+00,1.221373692202e-07,0.000000000000e+00,0.000000000000e+00,0.000000000000e+00,0.000000000000e+00,0.000000000000e+00,2.246325789887e-04,0.000000000000e+00,3.425123127910e-03,-1.882186981169e+02
4.850000000000e+02,6.129969158123e+03,2.202728147823e+05,0.000000000000e+00,5.435184931995e+00,5.634000711288e-03,0.000000000000e+00,3.013953488372e-03,6.401168082833e-04,0.000000000000e+00,7.389104513436e-04,0.000000000000e+00,0.000000000000e+00,0.000000000000e+00,5.229849717340e-04,2.275043037029e-03,4.470898931270e-03,-2.457367530468e+02
4.860000000000e+02,5.749719560730e+03,2.202724511073e+05,0.000000000000e+00,8.574757079265e-01,7.003472395803e-03,0.000000000000e+00,0.000000000000e+00,8.323107680125e-05,0.000000000000e+00,0.000000000000e+00,0.000000000000e+00,0.000000000000e+00,0.000000000000e+00,2.756004304268e-03,0.000000000000e+00,4.164237014734e-03,-2.286693606580e+02
4.870000000000e+02,5.503101869560e+03,2.202722087060e+05,0.000000000000e+00,1.343325410272e-01,4.501513675563e-03,0.000000000000e+00,0.000000000000e+00,1.314835495673e-05,0.000000000000e+00,0.000000000000e+00,0.000000000000e+00,0.000000000000e+00,0.000000000000e+00,1.830319373868e-04,0.000000000000e+00,4.305333383219e-03,-2.365509346139e+02
4.880000000000e+02,5.229605903968e+03,2.202719317869e+05,0.000000000000e+00,1.877081645397e-02,4.979790210487e-03,0.000000000000e+00,0.000000000000e+00,2.101396632632e-06,0.000000000000e+00,0.000000000000e+00,0.000000000000e+00,0.000000000000e+00,0.000000000000e+00,0.000000000000e+00,0.000000000000e+00,4.977688813855e-03,-2.734959655920e+02
4.890000000000e+02,4.939394754751e+03,2.202716447236e+05,0.000000000000e+00,2.510306437268e-03,5.282081369877e-03,0.000000000000e+00,0.000000000000e+00,2.956848512778e-07,0.000000000000e+00,0.000000000000e+00,0.000000000000e+00,0.000000000000e+00,0.000000000000e+00,0.000000000000e+00,0.000000000000e+00,5.281785685025e-03,-2.902111492170e+02
4.900000000000e+02,4.675278362173e+03,2.202713959312e+05,0.000000000000e+00,3.666048353804e-04,4.806678710518e-03,0.000000000000e+00,0.000000000000e+00,3.898093060301e-08,0.000000000000e+00,0.000000000000e+00,0.000000000000e+00,0.000000000000e+00,0.000000000000e+00,0.000000000000e+00,0.000000000000e+00,4.806639729588e-03,-2.641163925782e+02
4.910000000000e+02,4.452944086021e+03,2.202712250950e+05,0.000000000000e+00,0.000000000000e+00,4.045547499826e-03,0.000000000000e+00,0.000000000000e+00,0.000000000000e+00,0.000000000000e+00,0.000000000000e+00,0.000000000000e+00,0.000000000000e+00,0.000000000000e+00,1.948299974070e-03,0.000000000000e+00,2.097247525756e-03,-1.151777775774e+02
4.920000000000e+02,4.729440416791e+03,2.202714953081e+05,0.000000000000e+00,2.487983934553e+01,5.566445096011e-03,0.000000000000e+00,1.105116279070e-02,2.267728089123e-03,0.000000000000e+00,2.720326806114e-03,0.000000000000e+00,0.000000000000e+00,0.000000000000e+00,1.380165841640e-03,8.330835984584e-03,1.918551165248e-03,-1.057905270922e+02
4.930000000000e+02,4.515607709862e+03,2.202712560979e+05,0.000000000000e+00,4.096708076334e+00,4.270123198101e-03,0.000000000000e+00,0.000000000000e+00,3.779065216797e-04,0.000000000000e+00,0.000000000000e+00,0.000000000000e+00,0.000000000000e+00,0.000000000000e+00,0.000000000000e+00,0.000000000000e+00,3.892216676421e-03,-2.138327069294e+02
4.940000000000e+02,4.358892069003e+03,2.202711209294e+05,0.000000000000e+00,9.247806168136e-01,2.909507883058e-03,0.000000000000e+00,0.000000000000e+00,5.767498359010e-05,0.000000000000e+00,0.000000000000e+00,0.000000000000e+00,0.000000000000e+00,0.000000000000e+00,0.000000000000e+00,0.000000000000e+00,2.851832899468e-03,-1.567156408593e+02
4.950000000000e+02,4.206768938632e+03,2.202709937243e+05,0.000000000000e+00,3.177614334841e-01,2.779225281107e-03,0.000000000000e+00,0.000000000000e+00,1.103736144584e-05,0.000000000000e+00,0.000000000000e+00,0.000000000000e+00,0.000000000000e+00,0.000000000000e+00,1.146216583365e-03,0.000000000000e+00,1.621971336296e-03,-8.908121828564e+01
4.960000000000e+02,5.588519991093e+03,2.202723584621e+05,0.000000000000e+00,4.881699554944e+01,4.108393428643e-03,0.000000000000e+00,3.013953488372e-02,3.928575011843e-03,2.621187424881e-03,7.433344070786e-03,0.000000000000e+00,0.000000000000e+00,0.000000000000e+00,1.798184167993e-04,2.532737823782e-02,0.000000000000e+00,-1.364737694202e+00
4.970000000000e+02,5.369332097034e+03,2.202720841207e+05,0.000000000000e+00,7.555165383608e+00,4.740481909150e-03,0.000000000000e+00,0.000000000000e+00,7.502594444384e-04,0.000000000000e+00,0.000000000000e+00,0.000000000000e+00,0.000000000000e+00,0.000000000000e+00,0.000000000000e+00,0.000000000000e+00,3.990222464712e-03,-2.191878940599e+02
4.980000000000e+02,5.114842006640e+03,2.202718260150e+05,0.000000000000e+00,1.175244520708e+00,4.747793221346e-03,0.000000000000e+00,0.000000000000e+00,1.160078354197e-04,0.000000000000e+00,0.000000000000e+00,0.000000000000e+00,0.000000000000e+00,0.000000000000e+00,0.000000000000e+00,0.000000000000e+00,4.631785385927e-03,-2.544900903936e+02
4.990000000000e+02,4.930418925145e+03,2.202716730862e+05,0.000000000000e+00,2.626398070015e-01,3.372521231794e-03,0.000000000000e+00,0.000000000000e+00,1.659377033507e-05,0.000000000000e+00,0.000000000000e+00,0.000000000000e+00,0.000000000000e+00,0.000000000000e+00,3.107665577533e-04,0.000000000000e+00,3.045160903706e-03,-1.673309208189e+02
5.000000000000e+02,5.309461010998e+03,2.202720695855e+05,0.000000000000e+00,3.303412283221e+01,5.565464165990e-03,0.000000000000e+00,1.306046511628e-02,2.630420216997e-03,0.000000000000e+00,3.226537803605e-03,0.000000000000e+00,0.000000000000e+00,0.000000000000e+00,1.677903406843e-03,9.833927312674e-03,1.257140542149e-03,-6.953922896758e+01
5.010000000000e+02,5.176380354473e+03,2.202719225188e+05,0.000000000000e+00,7.825748490688e+00,2.880675409958e-03,0.000000000000e+00,0.000000000000e+00,4.583531669564e-04,0.000000000000e+00,0.000000000000e+00,0.000000000000e+00,0.000000000000e+00,0.000000000000e+00,0.000000000000e+00,0.000000000000e+00,2.422322243002e-03,-1.330806565249e+02
5.020000000000e+02,4.999351143920e+03,2.202717245581e+05,0.000000000000e+00,3.720683089715e+00,4.301616661048e-03,0.000000000000e+00,1.004651162791e-03,3.230373598074e-04,0.000000000000e+00,2.483840670343e-04,0.000000000000e+00,0.000000000000e+00,0.000000000000e+00,0.000000000000e+00,7.562670957564e-04,3.978579301241e-03,-2.186239008193e+02
5.030000000000e+02,4.836428875880e+03,2.202715830694e+05,0.000000000000e+00,8.603688927023e-01,3.016803755206e-03,0.000000000000e+00,0.000000000000e+00,5.200817406806e-05,0.000000000000e+00,0.000000000000e+00,0.000000000000e+00,0.000000000000e+00,0.000000000000e+00,0.000000000000e+00,0.000000000000e+00,2.964795581137e-03,-1.629222680403e+02
5.040000000000e+02,5.419095563771e+03,2.202721964109e+05,0.000000000000e+00,5.071681465854e+01,3.557891560267e-03,0.000000000000e+00,1.506976744186e-02,2.006499064026e-03,8.151300142803e-04,3.728413503452e-03,0.000000000000e+00,0.000000000000e+00,0.000000000000e+00,1.551392496240e-03,1.215648395269e-02,0.000000000000e+00,-6.133422134871e-01
5.050000000000e+02,5.866420484254e+03,2.202726316844e+05,0.000000000000e+00,5.063092856946e+01,3.916185719750e-03,0.000000000000e+00,1.205581395349e-02,2.983767992869e-03,1.439242113704e-06,2.983740611464e-03,0.000000000000e+00,0.000000000000e+00,0.000000000000e+00,9.324177268806e-04,9.073512584138e-03,0.000000000000e+00,-4.352966664109e-01
5.060000000000e+02,5.946858702877e+03,2.202726596945e+05,0.000000000000e+00,2.036284215550e+01,5.115213481931e-03,0.000000000000e+00,6.027906976744e-03,2.042687724283e-03,0.000000000000e+00,1.492358880393e-03,0.000000000000e+00,0.000000000000e+00,0.000000000000e+00,0.000000000000e+00,4.535548096352e-03,3.072525757649e-03,-1.690169266756e+02
5.070000000000e+02,5.668758828377e+03,2.202723571787e+05,0.000000000000e+00,3.012628981259e+00,5.377320066344e-03,0.000000000000e+00,0.000000000000e+00,3.154584213498e-04,0.000000000000e+00,0.000000000000e+00,0.000000000000e+00,0.000000000000e+00,0.000000000000e+00,0.000000000000e+00,0.000000000000e+00,5.061861644994e-03,-2.780998745005e+02
5.080000000000e+02,5.368864948546e+03,2.202720591118e+05,0.000000000000e+00,4.395263124007e-01,5.504820864508e-03,0.000000000000e+00,0.000000000000e+00,4.678546670250e-05,0.000000000000e+00,0.000000000000e+00,0.000000000000e+00,0.000000000000e+00,0.000000000000e+00,0.000000000000e+00,0.000000000000e+00,5.458035397806e-03,-2.998938798314e+02
5.090000000000e+02,5.073098208229e+03,2.202717729427e+05,0.000000000000e+00,6.568155323978e-02,5.389577758448e-03,0.000000000000e+00,0.000000000000e+00,6.797584230099e-06,0.000000000000e+00,0.000000000000e+00,0.000000000000e+00,0.000000000000e+00,0.000000000000e+00,0.000000000000e+00,0.000000000000e+00,5.382780174218e-03,-2.957667403165e+02
5.100000000000e+02,4.893978655677e+03,2.202716340381e+05,0.000000000000e+00,1.486242209055e-02,3.260168695620e-03,0.000000000000e+00,0.000000000000e+00,9.240183481113e-07,0.000000000000e+00,0.000000000000e+00,0.000000000000e+00,0.000000000000e+00,0.000000000000e+00,0.000000000000e+00,0.000000000000e+00,3.259244677271e-03,-1.791195525517e+02
5.110000000000e+02,6.017456657702e+03,2.202727760139e+05,0.000000000000e+00,5.448858926339e+01,2.673297651490e-03,0.000000000000e+00,2.411162790698e-02,1.917442234125e-03,3.070162297079e-03,5.978298827091e-03,0.000000000000e+00,0.000000000000e+00,0.000000000000e+00,7.558554173642e-04,2.120349137697e-02,0.000000000000e+00,-1.141975753422e+00
5.120000000000e+02,9.173095733266e+03,2.202758357196e+05,0.000000000000e+00,6.023302894817e+01,1.739087318154e-03,0.000000000000e+00,5.927441860465e-02,1.739087318154e-03,1.285706384102e-02,1.470059551707e-02,0.000000000000e+00,0.000000000000e+00,0.000000000000e+00,0.000000000000e+00,5.743088692859e-02,0.000000000000e+00,-3.059705509044e+00
5.130000000000e+02,9.940137089022e+03,2.202765857062e+05,0.000000000000e+00,5.142322971759e+01,5.288707673537e-03,0.000000000000e+00,1.908837209302e-02,4.895497346337e-03,0.000000000000e+00,4.735319178508e-03,0.000000000000e+00,0.000000000000e+00,0.000000000000e+00,1.932845699944e-04,1.435305291452e-02,1.999257572053e-04,-1.174590319202e+01
5.140000000000e+02,9.680807639711e+03,2.202762614159e+05,0.000000000000e+00,7.757282716839e+00,5.514903394550e-03,0.000000000000e+00,0.000000000000e+00,7.939263091045e-04,0.000000000000e+00,0.000000000000e+00,0.000000000000e+00,0.000000000000e+00,0.000000000000e+00,0.000000000000e+00,0.000000000000e+00,4.720977085446e-03,-2.593294493109e+02
5.150000000000e+02,9.383533843724e+03,2.202759609070e+05,0.000000000000e+00,1.174110667777e+00,5.530135947344e-03,0.000000000000e+00,0.000000000000e+00,1.196940372557e-04,0.000000000000e+00,0.000000000000e+00,0.000000000000e+00,0.000000000000e+00,0.000000000000e+00,0.000000000000e+00,0.000000000000e+00,5.410441910089e-03,-2.972737959870e+02
5.160000000000e+02,9.153284445140e+03,2.202757663354e+05,0.000000000000e+00,2.500885982685e-01,4.206690770126e-03,0.000000000000e+00,0.000000000000e+00,1.680040126379e-05,0.000000000000e+00,0.000000000000e+00,0.000000000000e+00,0.000000000000e+00,0.000000000000e+00,5.382308689365e-04,0.000000000000e+00,3.651659499926e-03,-2.006467007929e+02
5.170000000000e+02,9.616460270149e+03,2.202762655070e+05,0.000000000000e+00,4.341038087504e+01,2.840626885888e-03,0.000000000000e+00,1.205581395349e-02,2.208857328404e-03,0.000000000000e+00,2.993589915254e-03,0.000000000000e+00,0.000000000000e+00,0.000000000000e+00,4.358658558093e-05,9.062224038234e-03,5.881829719032e-04,-3.284923488737e+01
5.180000000000e+02,1.030799544322e+04,2.202769466453e+05,0.000000000000e+00,5.602384372382e+01,2.254680640738e-03,0.000000000000e+00,1.506976744186e-02,2.254680640738e-03,1.258794317276e-03,3.742810646174e-03,0.000000000000e+00,0.000000000000e+00,0.000000000000e+00,0.000000000000e+00,1.258575111296e-02,0.000000000000e+00,-6.811381418008e-01
5.190000000000e+02,1.084704078006e+04,2.202774709657e+05,0.000000000000e+00,5.589413752640e+01,3.252465072863e-03,0.000000000000e+00,1.306046511628e-02,2.881387309846e-03,3.654306208530e-04,3.244459636201e-03,0.000000000000e+00,0.000000000000e+00,0.000000000000e+00,3.710777630173e-04,1.018143610093e-02,0.000000000000e+00,-5.243717496547e-01
5.200000000000e+02,1.148261834213e+04,2.202780882273e+05,0.000000000000e+00,5.618777823928e+01,3.497250632739e-03,0.000000000000e+00,1.506976744186e-02,3.497250632739e-03,2.417885795059e-04,3.744378134297e-03,0.000000000000e+00,0.000000000000e+00,0.000000000000e+00,0.000000000000e+00,1.156717788707e-02,0.000000000000e+00,-6.172217109599e-01
5.210000000000e+02,1.175838566909e+04,2.202783403357e+05,0.000000000000e+00,3.910987863740e+01,3.329181382567e-03,0.000000000000e+00,8.037209302326e-03,2.307906766678e-03,0.000000000000e+00,1.997399501190e-03,0.000000000000e+00,0.000000000000e+00,0.000000000000e+00,0.000000000000e+00,6.039809801136e-03,1.021274615889e-03,-5.642221210645e+01
5.220000000000e+02,1.189269495713e+04,2.202784516469e+05,0.000000000000e+00,2.838851725884e+01,5.788132252128e-03,0.000000000000e+00,8.037209302326e-03,2.192718307338e-03,0.000000000000e+00,1.997784464091e-03,0.000000000000e+00,0.000000000000e+00,0.000000000000e+00,1.402614715502e-03,6.039424838234e-03,2.192799229288e-03,-1.207152687052e+02
5.230000000000e+02,1.171037771175e+04,2.202782601312e+05,0.000000000000e+00,6.488403235492e+00,3.716525003405e-03,0.000000000000e+00,0.000000000000e+00,3.981838913336e-04,0.000000000000e+00,0.000000000000e+00,0.000000000000e+00,0.000000000000e+00,0.000000000000e+00,2.099429317381e-04,0.000000000000e+00,3.108398180334e-03,-1.707703841370e+02
5.240000000000e+02,1.172624491941e+04,2.202782559327e+05,0.000000000000e+00,1.398343795806e+01,5.603215271822e-03,0.000000000000e+00,6.027906976744e-03,1.362614722151e-03,0.000000000000e+00,1.498888080743e-03,0.000000000000e+00,0.000000000000e+00,0.000000000000e+00,0.000000000000e+00,4.529018896001e-03,4.240600549671e-03,-2.332288316215e+02
5.250000000000e+02,1.143659238531e+04,2.202779581494e+05,0.000000000000e+00,2.250401995038e+00,5.485151882376e-03,0.000000000000e+00,0.000000000000e+00,2.133279266005e-04,0.000000000000e+00,0.000000000000e+00,0.000000000000e+00,0.000000000000e+00,0.000000000000e+00,0.000000000000e+00,0.000000000000e+00,5.271823955776e-03,-2.896525341035e+02
5.260000000000e+02,1.118363558212e+04,2.202777271102e+05,0.000000000000e+00,4.354729019512e-01,4.636414028979e-03,0.000000000000e+00,0.000000000000e+00,3.299871078339e-05,0.000000000000e+00,0.000000000000e+00,0.000000000000e+00,0.000000000000e+00,0.000000000000e+00,2.243401069831e-04,0.000000000000e+00,4.379075211212e-03,-2.406180973068e+02
5.270000000000e+02,1.141560851115e+04,2.202779686422e+05,0.000000000000e+00,2.264890034803e+01,5.420550021580e-03,0.000000000000e+00,1.004651162791e-02,2.095532477724e-03,0.000000000000e+00,2.499412976743e-03,0.000000000000e+00,0.000000000000e+00,0.000000000000e+00,0.000000000000e+00,7.547098651164e-03,3.325017543856e-03,-1.831174967802e+02
5.280000000000e+02,1.122570318625e+04,2.202777833225e+05,0.000000000000e+00,5.006376788744e+00,3.776966696471e-03,0.000000000000e+00,0.000000000000e+00,3.207731556233e-04,0.000000000000e+00,0.000000000000e+00,0.000000000000e+00,0.000000000000e+00,0.000000000000e+00,0.000000000000e+00,0.000000000000e+00,3.456193540848e-03,-1.899053249001e+02
5.290000000000e+02,1.147020857259e+04,2.202780388385e+05,0.000000000000e+00,2.650857915259e+01,4.200713110516e-03,0.000000000000e+00,9.041860465116e-03,1.859222148621e-03,0.000000000000e+00,2.250171282509e-03,0.000000000000e+00,0.000000000000e+00,0.000000000000e+00,4.093898848277e-05,6.791689182607e-03,2.300551973412e-03,-1.267858743393e+02
5.300000000000e+02,1.162723654518e+04,2.202781585583e+05,0.000000000000e+00,2.239709083337e+01,7.264035192328e-03,0.000000000000e+00,1.004651162791e-02,2.575314563298e-03,0.000000000000e+00,2.500560230221e-03,0.000000000000e+00,0.000000000000e+00,0.000000000000e+00,4.027782469206e-04,7.545951397686e-03,4.285942382109e-03,-2.358465507030e+02
5.310000000000e+02,1.129145939872e+04,2.202778032282e+05,0.000000000000e+00,3.237372080190e+00,6.459858098490e-03,0.000000000000e+00,0.000000000000e+00,3.483585227850e-04,0.000000000000e+00,0.000000000000e+00,0.000000000000e+00,0.000000000000e+00,0.000000000000e+00,0.000000000000e+00,0.000000000000e+00,6.111499575705e-03,-3.357771464585e+02
5.320000000000e+02,1.094991957339e+04,2.202774695313e+05,0.000000000000e+00,4.827372524484e-01,6.265966493907e-03,0.000000000000e+00,0.000000000000e+00,5.008426959530e-05,0.000000000000e+00,0.000000000000e+00,0.000000000000e+00,0.000000000000e+00,0.000000000000e+00,0.000000000000e+00,0.000000000000e+00,6.215882224312e-03,-3.415398253316e+02
5.330000000000e+02,1.059432465683e+04,2.202771320430e+05,0.000000000000e+00,7.799031272508e-02,6.478857308490e-03,0.000000000000e+00,0.000000000000e+00,7.359035267696e-06,0.000000000000e+00,0.000000000000e+00,0.000000000000e+00,0.000000000000e+00,0.000000000000e+00,7.339217884288e-04,0.000000000000e+00,5.737576484794e-03,-3.152292181875e+02
5.340000000000e+02,1.029291616190e+04,2.202768432404e+05,0.000000000000e+00,1.319062806076e-02,5.486583588034e-03,0.000000000000e+00,0.000000000000e+00,1.178176084806e-06,0.000000000000e+00,0.000000000000e+00,0.000000000000e+00,0.000000000000e+00,0.000000000000e+00,0.000000000000e+00,0.000000000000e+00,5.485405411949e-03,-3.014084949330e+02
5.350000000000e+02,9.965763363016e+03,2.202765176086e+05,0.000000000000e+00,2.098842259642e-03,5.954354955807e-03,0.000000000000e+00,0.000000000000e+00,2.016688327475e-07,0.000000000000e+00,0.000000000000e+00,0.000000000000e+00,0.000000000000e+00,0.000000000000e+00,0.000000000000e+00,0.000000000000e+00,5.954153286975e-03,-3.271527988862e+02
5.360000000000e+02,9.622731974704e+03,2.202761794862e+05,0.000000000000e+00,3.232510411427e-04,6.243114299373e-03,0.000000000000e+00,0.000000000000e+00,3.228347669999e-08,0.000000000000e+00,0.000000000000e+00,0.000000000000e+00,0.000000000000e+00,0.000000000000e+00,0.000000000000e+00,0.000000000000e+00,6.243082015897e-03,-3.430313883120e+02
5.370000000000e+02,9.268085139459e+03,2.202758313661e+05,0.000000000000e+00,0.000000000000e+00,6.454453734450e-03,0.000000000000e+00,0.000000000000e+00,0.000000000000e+00,0.000000000000e+00,0.000000000000e+00,0.000000000000e+00,0.000000000000e+00,0.000000000000e+00,0.000000000000e+00,0.000000000000e+00,6.454453734450e-03,-3.546468352449e+02
5.380000000000e+02,8.898407742488e+03,2.202754682946e+05,0.000000000000e+00,0.000000000000e+00,6.728008521355e-03,0.000000000000e+00,0.000000000000e+00,0.000000000000e+00,0.000000000000e+00,0.000000000000e+00,0.000000000000e+00,0.000000000000e+00,0.000000000000e+00,4.054268892791e-05,0.000000000000e+00,6.687465832427e-03,-3.674475490800e+02
5.390000000000e+02,8.618315486396e+03,2.202752008919e+05,0.000000000000e+00,4.026164276313e+00,7.033547682159e-03,0.000000000000e+00,2.009302325581e-03,4.276479358725e-04,0.000000000000e+00,5.008509227145e-04,0.000000000000e+00,0.000000000000e+00,0.000000000000e+00,2.208776937855e-04,1.508451402867e-03,6.385022052501e-03,-3.509088100915e+02
5.400000000000e+02,8.257459612343e+03,2.202748474780e+05,0.000000000000e+00,6.065969870199e-01,6.629615552066e-03,0.000000000000e+00,0.000000000000e+00,6.217395071442e-05,0.000000000000e+00,0.000000000000e+00,0.000000000000e+00,0.000000000000e+00,0.000000000000e+00,0.000000000000e+00,0.000000000000e+00,6.567441601352e-03,-3.608558740524e+02
5.410000000000e+02,7.890932319900e+03,2.202745022275e+05,0.000000000000e+00,1.011559657693e-01,6.679599709349e-03,0.000000000000e+00,0.000000000000e+00,9.189836750011e-06,0.000000000000e+00,0.000000000000e+00,0.000000000000e+00,0.000000000000e+00,0.000000000000e+00,7.541196267074e-04,0.000000000000e+00,5.916290245892e-03,-3.250507129746e+02
5.420000000000e+02,7.449608518809e+03,2.202740709619e+05,0.000000000000e+00,1.662435298452e-02,8.033447243599e-03,0.000000000000e+00,0.000000000000e+00,1.536938414269e-06,0.000000000000e+00,0.000000000000e+00,0.000000000000e+00,0.000000000000e+00,0.000000000000e+00,1.953272840820e-03,0.000000000000e+00,6.078637464365e-03,-3.338937948459e+02
5.430000000000e+02,7.183903406590e+03,2.202738330026e+05,0.000000000000e+00,3.317658166362e-03,4.835570516461e-03,0.000000000000e+00,0.000000000000e+00,2.419399057846e-07,0.000000000000e+00,0.000000000000e+00,0.000000000000e+00,0.000000000000e+00,0.000000000000e+00,0.000000000000e+00,0.000000000000e+00,4.835328576556e-03,-2.657051122191e+02
5.440000000000e+02,6.864465476081e+03,2.202735123402e+05,0.000000000000e+00,6.037337816786e-04,5.813841944453e-03,0.000000000000e+00,0.000000000000e+00,4.934407972151e-08,0.000000000000e+00,0.000000000000e+00,0.000000000000e+00,0.000000000000e+00,0.000000000000e+00,3.499778637625e-04,0.000000000000e+00,5.463814736610e-03,-3.001891480014e+02
5.450000000000e+02,6.553980425272e+03,2.202732074578e+05,0.000000000000e+00,4.690388571033e-05,5.650729994220e-03,0.000000000000e+00,0.000000000000e+00,3.932721611770e-09,0.000000000000e+00,0.000000000000e+00,0.000000000000e+00,0.000000000000e+00,0.000000000000e+00,0.000000000000e+00,0.000000000000e+00,5.650726061498e-03,-3.104850508097e+02
5.460000000000e+02,6.367096244515e+03,2.202730630895e+05,0.000000000000e+00,0.000000000000e+00,3.400519075253e-03,0.000000000000e+00,0.000000000000e+00,0.000000000000e+00,0.000000000000e+00,0.000000000000e+00,0.000000000000e+00,0.000000000000e+00,0.000000000000e+00,0.000000000000e+00,0.000000000000e+00,3.400519075253e-03,-1.868841807561e+02
5.470000000000e+02,7.048319042394e+03,2.202737791472e+05,0.000000000000e+00,6.902258524080e+01,3.425225390990e-03,0.000000000000e+00,1.707906976744e-02,2.017602774299e-03,9.887602136593e-04,4.261319083246e-03,0.000000000000e+00,0.000000000000e+00,0.000000000000e+00,1.407622616691e-03,1.380651089786e-02,0.000000000000e+00,-7.160575855175e-01
5.480000000000e+02,7.616630283749e+03,2.202743319310e+05,0.000000000000e+00,6.975368157557e+01,1.699538867913e-03,0.000000000000e+00,1.205581395349e-02,1.663259332357e-03,1.331724907014e-03,3.008276900003e-03,0.000000000000e+00,0.000000000000e+00,0.000000000000e+00,3.627953555575e-05,1.037926196050e-02,0.000000000000e+00,-5.527920170840e-01
5.490000000000e+02,7.946496721776e+03,2.202746275984e+05,0.000000000000e+00,4.571028489108e+01,4.480716927077e-03,0.000000000000e+00,1.004651162791e-02,2.944277709297e-03,0.000000000000e+00,2.507125042306e-03,0.000000000000e+00,0.000000000000e+00,0.000000000000e+00,0.000000000000e+00,7.539386585601e-03,1.536439217780e-03,-8.479982418053e+01
5.500000000000e+02,7.836300659782e+03,2.202744887769e+05,0.000000000000e+00,1.602477229922e+01,4.555127711386e-03,0.000000000000e+00,2.009302325581e-03,1.041204935552e-03,0.000000000000e+00,5.014683429730e-04,0.000000000000e+00,0.000000000000e+00,0.000000000000e+00,0.000000000000e+00,1.507833982608e-03,3.513922775834e-03,-1.931269310374e+02
5.510000000000e+02,7.682245653412e+03,2.202743509975e+05,0.000000000000e+00,4.795721492254e+00,3.007669757045e-03,0.000000000000e+00,0.000000000000e+00,2.041645601266e-04,0.000000000000e+00,0.000000000000e+00,0.000000000000e+00,0.000000000000e+00,0.000000000000e+00,0.000000000000e+00,0.000000000000e+00,2.803505196918e-03,-1.540550063703e+02
5.520000000000e+02,7.944658564768e+03,2.202746053653e+05,0.000000000000e+00,3.027545885357e+01,4.807474967420e-03,0.000000000000e+00,1.004651162791e-02,2.044476331559e-03,0.000000000000e+00,2.507744283583e-03,0.000000000000e+00,0.000000000000e+00,0.000000000000e+00,0.000000000000e+00,7.538767344324e-03,2.762998635861e-03,-1.522192925816e+02
5.530000000000e+02,7.650509207850e+03,2.202742779915e+05,0.000000000000e+00,5.555379293930e+00,5.803578370083e-03,0.000000000000e+00,0.000000000000e+00,4.494559919935e-04,0.000000000000e+00,0.000000000000e+00,0.000000000000e+00,0.000000000000e+00,0.000000000000e+00,0.000000000000e+00,0.000000000000e+00,5.354122378089e-03,-2.941493569179e+02
5.540000000000e+02,7.314501966274e+03,2.202739387615e+05,0.000000000000e+00,9.717201401547e-01,6.198729652668e-03,0.000000000000e+00,0.000000000000e+00,8.333925734136e-05,0.000000000000e+00,0.000000000000e+00,0.000000000000e+00,0.000000000000e+00,0.000000000000e+00,0.000000000000e+00,0.000000000000e+00,6.115390395327e-03,-3.360072415759e+02
5.550000000000e+02,6.961279341169e+03,2.202735903153e+05,0.000000000000e+00,1.656365102749e-01,6.443221000651e-03,0.000000000000e+00,0.000000000000e+00,1.465606599781e-05,0.000000000000e+00,0.000000000000e+00,0.000000000000e+00,0.000000000000e+00,0.000000000000e+00,0.000000000000e+00,0.000000000000e+00,6.428564934653e-03,-3.532226251051e+02
5.560000000000e+02,6.618390357533e+03,2.202732602324e+05,0.000000000000e+00,2.915952008156e-02,6.242828065586e-03,0.000000000000e+00,0.000000000000e+00,2.481399821697e-06,0.000000000000e+00,0.000000000000e+00,0.000000000000e+00,0.000000000000e+00,0.000000000000e+00,0.000000000000e+00,0.000000000000e+00,6.240346665764e-03,-3.428889836367e+02
5.570000000000e+02,6.372515500316e+03,2.202730542918e+05,0.000000000000e+00,7.003123595279e-03,4.474599171818e-03,0.000000000000e+00,0.000000000000e+00,4.028435724778e-07,0.000000000000e+00,0.000000000000e+00,0.000000000000e+00,0.000000000000e+00,0.000000000000e+00,2.234219360686e-04,0.000000000000e+00,4.250774392177e-03,-2.335866507326e+02
5.580000000000e+02,6.609030133183e+03,2.202733159966e+05,0.000000000000e+00,3.176198017122e+01,4.159472927129e-03,0.000000000000e+00,9.041860465116e-03,1.680501881084e-03,0.000000000000e+00,2.257865100132e-03,0.000000000000e+00,0.000000000000e+00,0.000000000000e+00,2.205982662876e-04,6.783995364985e-03,2.258372779758e-03,-1.244722075614e+02
5.590000000000e+02,6.825443565367e+03,2.202735040279e+05,0.000000000000e+00,3.091170158052e+01,6.123762813940e-03,0.000000000000e+00,1.004651162791e-02,2.524337621689e-03,0.000000000000e+00,2.508878010949e-03,0.000000000000e+00,0.000000000000e+00,0.000000000000e+00,0.000000000000e+00,7.537633616958e-03,3.599425192251e-03,-1.981564167485e+02
5.600000000000e+02,6.526573006046e+03,2.202731844162e+05,0.000000000000e+00,5.839992107111e+00,5.895670556582e-03,0.000000000000e+00,0.000000000000e+00,4.558492631529e-04,0.000000000000e+00,0.000000000000e+00,0.000000000000e+00,0.000000000000e+00,0.000000000000e+00,0.000000000000e+00,0.000000000000e+00,5.439821293429e-03,-2.988705593217e+02
5.610000000000e+02,6.204472978256e+03,2.202728643494e+05,0.000000000000e+00,1.101767301252e+00,5.948333080985e-03,0.000000000000e+00,0.000000000000e+00,8.614954192471e-05,0.000000000000e+00,0.000000000000e+00,0.000000000000e+00,0.000000000000e+00,0.000000000000e+00,0.000000000000e+00,0.000000000000e+00,5.862183539060e-03,-3.221000277896e+02
5.620000000000e+02,5.940107787555e+03,2.202726346127e+05,0.000000000000e+00,2.723783289698e-01,4.825896664441e-03,0.000000000000e+00,0.000000000000e+00,1.507979949604e-05,0.000000000000e+00,0.000000000000e+00,0.000000000000e+00,0.000000000000e+00,0.000000000000e+00,5.841854965548e-04,0.000000000000e+00,4.226631368390e-03,-2.322349883904e+02
5.630000000000e+02,5.896721118410e+03,2.202726024980e+05,0.000000000000e+00,1.350911864342e+01,4.567369081523e-03,0.000000000000e+00,4.018604651163e-03,7.630714156554e-04,0.000000000000e+00,1.003739421373e-03,0.000000000000e+00,0.000000000000e+00,0.000000000000e+00,2.149946050801e-04,3.014865229790e-03,3.589303060788e-03,-1.973795535039e+02
5.640000000000e+02,5.645441398326e+03,2.202723425747e+05,0.000000000000e+00,3.075877117630e+00,4.763143364324e-03,0.000000000000e+00,0.000000000000e+00,1.896953004689e-04,0.000000000000e+00,0.000000000000e+00,0.000000000000e+00,0.000000000000e+00,0.000000000000e+00,0.000000000000e+00,0.000000000000e+00,4.573448063855e-03,-2.512797200846e+02
5.650000000000e+02,5.333509796362e+03,2.202720211543e+05,0.000000000000e+00,6.072322576540e-01,5.722212258268e-03,0.000000000000e+00,0.000000000000e+00,4.488457710959e-05,0.000000000000e+00,0.000000000000e+00,0.000000000000e+00,0.000000000000e+00,0.000000000000e+00,0.000000000000e+00,0.000000000000e+00,5.677327681159e-03,-3.119316019639e+02
5.660000000000e+02,5.001837402113e+03,2.202716934453e+05,0.000000000000e+00,1.154290041417e-01,6.045307430105e-03,0.000000000000e+00,0.000000000000e+00,8.941913586852e-06,0.000000000000e+00,0.000000000000e+00,0.000000000000e+00,0.000000000000e+00,0.000000000000e+00,3.425650481206e-05,0.000000000000e+00,6.002109011706e-03,-3.297882864839e+02
5.670000000000e+02,4.582858232899e+03,2.202712776684e+05,0.000000000000e+00,2.052821043965e-02,7.627088136738e-03,0.000000000000e+00,0.000000000000e+00,1.725477394927e-06,0.000000000000e+00,0.000000000000e+00,0.000000000000e+00,0.000000000000e+00,0.000000000000e+00,1.089704981216e-03,0.000000000000e+00,6.535657678128e-03,-3.590453952470e+02
5.680000000000e+02,4.220117016155e+03,2.202709302143e+05,0.000000000000e+00,3.808011676329e-03,6.601916204409e-03,0.000000000000e+00,0.000000000000e+00,3.040048934553e-07,0.000000000000e+00,0.000000000000e+00,0.000000000000e+00,0.000000000000e+00,0.000000000000e+00,3.783891555158e-04,0.000000000000e+00,6.223223044000e-03,-3.419298131908e+02
5.690000000000e+02,3.911755136059e+03,2.202706406512e+05,0.000000000000e+00,7.692763060982e-04,5.611899672971e-03,0.000000000000e+00,0.000000000000e+00,5.524993748215e-08,0.000000000000e+00,0.000000000000e+00,0.000000000000e+00,0.000000000000e+00,0.000000000000e+00,0.000000000000e+00,0.000000000000e+00,5.611844423034e-03,-3.083618800961e+02
5.700000000000e+02,3.674482335191e+03,2.202704315434e+05,0.000000000000e+00,1.861154456946e-04,4.317863148327e-03,0.000000000000e+00,0.000000000000e+00,1.026093572501e-08,0.000000000000e+00,0.000000000000e+00,0.000000000000e+00,0.000000000000e+00,0.000000000000e+00,0.000000000000e+00,0.000000000000e+00,4.317852887392e-03,-2.372728008683e+02
5.710000000000e+02,3.997886776993e+03,2.202707514321e+05,0.000000000000e+00,3.207679070189e+01,6.591347685755e-03,0.000000000000e+00,1.306046511628e-02,2.679297746145e-03,0.000000000000e+00,3.262518259931e-03,0.000000000000e+00,0.000000000000e+00,0.000000000000e+00,3.448730992673e-05,9.797946856348e-03,3.877562629683e-03,-2.135858332505e+02
5.720000000000e+02,3.767991470195e+03,2.202705247100e+05,0.000000000000e+00,7.572032546926e+00,4.629579122955e-03,0.000000000000e+00,0.000000000000e+00,4.455422313727e-04,0.000000000000e+00,0.000000000000e+00,0.000000000000e+00,0.000000000000e+00,0.000000000000e+00,0.000000000000e+00,0.000000000000e+00,4.184036891583e-03,-2.298953067983e+02
5.730000000000e+02,3.967470538096e+03,2.202707218003e+05,0.000000000000e+00,2.791062715651e+01,6.046238802849e-03,0.000000000000e+00,1.004651162791e-02,2.139896842121e-03,0.000000000000e+00,2.509694065730e-03,0.000000000000e+00,0.000000000000e+00,0.000000000000e+00,0.000000000000e+00,7.536817562177e-03,3.906341960728e-03,-2.150458980189e+02
5.740000000000e+02,3.743872075683e+03,2.202704905628e+05,0.000000000000e+00,8.738859919234e+00,5.422861077798e-03,0.000000000000e+00,1.004651162791e-03,5.995515640913e-04,0.000000000000e+00,2.509725595046e-04,0.000000000000e+00,0.000000000000e+00,0.000000000000e+00,0.000000000000e+00,7.536786032861e-04,4.823309513706e-03,-2.650507855933e+02
5.750000000000e+02,3.505154755751e+03,2.202702511704e+05,0.000000000000e+00,7.233429296564e+00,6.381342572665e-03,0.000000000000e+00,2.009302325581e-03,5.293240684460e-04,0.000000000000e+00,5.019513220618e-04,0.000000000000e+00,0.000000000000e+00,0.000000000000e+00,5.840327938867e-04,1.507351003520e-03,5.267985710332e-03,-2.894998214621e+02
5.760000000000e+02,3.144238009127e+03,2.202699241646e+05,0.000000000000e+00,1.929115962276e+00,6.664510621146e-03,0.000000000000e+00,0.000000000000e+00,9.644239466244e-05,0.000000000000e+00,0.000000000000e+00,0.000000000000e+00,0.000000000000e+00,0.000000000000e+00,2.694891081356e-03,0.000000000000e+00,3.873177145127e-03,-2.126977371495e+02
5.770000000000e+02,2.997584014858e+03,2.202698068999e+05,0.000000000000e+00,7.352089284135e-01,2.690275785163e-03,0.000000000000e+00,0.000000000000e+00,2.170743573537e-05,0.000000000000e+00,0.000000000000e+00,0.000000000000e+00,0.000000000000e+00,0.000000000000e+00,3.405084587378e-04,0.000000000000e+00,2.328059890690e-03,-1.279260290384e+02
5.780000000000e+02,3.348548632687e+03,2.202701787435e+05,0.000000000000e+00,5.981692472915e+01,1.579706507954e-03,0.000000000000e+00,9.041860465116e-03,1.184643692603e-03,0.000000000000e+00,2.258861989416e-03,0.000000000000e+00,0.000000000000e+00,0.000000000000e+00,0.000000000000e+00,6.782998475701e-03,3.950628153513e-04,-2.210029833425e+01
5.790000000000e+02,3.818146863712e+03,2.202706330549e+05,0.000000000000e+00,6.810293821975e+01,3.358735008763e-03,0.000000000000e+00,1.205581395349e-02,2.861181752089e-03,0.000000000000e+00,3.011850835693e-03,0.000000000000e+00,0.000000000000e+00,0.000000000000e+00,0.000000000000e+00,9.043963117795e-03,4.975532566747e-04,-2.781974045381e+01
5.800000000000e+02,3.871200746471e+03,2.202706347637e+05,0.000000000000e+00,3.052497028641e+01,5.746494547187e-03,0.000000000000e+00,6.027906976744e-03,2.189177244465e-03,0.000000000000e+00,1.505942558654e-03,0.000000000000e+00,0.000000000000e+00,0.000000000000e+00,0.000000000000e+00,4.521964418090e-03,3.557317302722e-03,-1.956541602358e+02
5.810000000000e+02,3.574147397040e+03,2.202703161446e+05,0.000000000000e+00,6.096345539894e+00,5.850921103003e-03,0.000000000000e+00,0.000000000000e+00,4.441580370410e-04,0.000000000000e+00,0.000000000000e+00,0.000000000000e+00,0.000000000000e+00,0.000000000000e+00,0.000000000000e+00,0.000000000000e+00,5.406763065962e-03,-2.970533494316e+02
5.820000000000e+02,3.380298280285e+03,2.202701587817e+05,0.000000000000e+00,1.759792828629e+00,3.606237103116e-03,0.000000000000e+00,0.000000000000e+00,7.884656234548e-05,0.000000000000e+00,0.000000000000e+00,0.000000000000e+00,0.000000000000e+00,0.000000000000e+00,0.000000000000e+00,0.000000000000e+00,3.527390540771e-03,-1.938491167545e+02
5.830000000000e+02,3.427939033927e+03,2.202702148805e+05,0.000000000000e+00,1.959434170508e+01,3.831775376768e-03,0.000000000000e+00,5.023255813953e-03,9.307286606166e-04,0.000000000000e+00,1.254993602039e-03,0.000000000000e+00,0.000000000000e+00,0.000000000000e+00,0.000000000000e+00,3.768262211914e-03,2.901046716151e-03,-1.596136680134e+02
5.840000000000e+02,3.708545219456e+03,2.202705078866e+05,0.000000000000e+00,4.271152696227e+01,3.514285226516e-03,0.000000000000e+00,9.041860465116e-03,1.838695345784e-03,0.000000000000e+00,2.259012558664e-03,0.000000000000e+00,0.000000000000e+00,0.000000000000e+00,3.376066372219e-05,6.782847906452e-03,1.641829217010e-03,-9.059361282155e+01
5.850000000000e+02,3.482646244838e+03,2.202702394331e+05,0.000000000000e+00,1.682418316414e+01,7.596769760863e-03,0.000000000000e+00,3.013953488372e-03,1.223693294288e-03,0.000000000000e+00,7.530120803800e-04,0.000000000000e+00,0.000000000000e+00,0.000000000000e+00,1.703058759021e-03,2.260941407992e-03,4.670017707553e-03,-2.565825203110e+02
5.860000000000e+02,3.182388076698e+03,2.202699344584e+05,0.000000000000e+00,3.457807749727e+00,5.707810033175e-03,0.000000000000e+00,0.000000000000e+00,2.430256159650e-04,0.000000000000e+00,0.000000000000e+00,0.000000000000e+00,0.000000000000e+00,0.000000000000e+00,0.000000000000e+00,0.000000000000e+00,5.464784417210e-03,-3.002581681403e+02
5.870000000000e+02,2.977199475572e+03,2.202697636781e+05,0.000000000000e+00,9.730436998896e-01,3.778984548091e-03,0.000000000000e+00,0.000000000000e+00,4.517761039013e-05,0.000000000000e+00,0.000000000000e+00,0.000000000000e+00,0.000000000000e+00,0.000000000000e+00,0.000000000000e+00,0.000000000000e+00,3.733806937701e-03,-2.051886011258e+02
5.880000000000e+02,2.850061768700e+03,2.202696259223e+05,0.000000000000e+00,9.444044721322e+00,5.174035230934e-03,0.000000000000e+00,3.013953488372e-03,5.990174174121e-04,0.000000000000e+00,7.530349989778e-04,0.000000000000e+00,0.000000000000e+00,0.000000000000e+00,0.000000000000e+00,2.260918489394e-03,4.575017813522e-03,-2.514882237883e+02
5.890000000000e+02,2.474799290446e+03,2.202692447661e+05,0.000000000000e+00,1.939122170945e+00,6.966337789437e-03,0.000000000000e+00,0.000000000000e+00,1.364535248836e-04,0.000000000000e+00,0.000000000000e+00,0.000000000000e+00,0.000000000000e+00,0.000000000000e+00,1.213406594952e-03,0.000000000000e+00,5.616477669602e-03,-3.085251155324e+02
5.900000000000e+02,2.163912541158e+03,2.202689420395e+05,0.000000000000e+00,4.025788240103e-01,5.685927691072e-03,0.000000000000e+00,0.000000000000e+00,2.793721848767e-05,0.000000000000e+00,0.000000000000e+00,0.000000000000e+00,0.000000000000e+00,0.000000000000e+00,0.000000000000e+00,0.000000000000e+00,5.657990472584e-03,-3.108867492876e+02
5.910000000000e+02,1.832142849116e+03,2.202686144745e+05,0.000000000000e+00,8.012092161721e-02,6.043994833888e-03,0.000000000000e+00,0.000000000000e+00,5.862885445004e-06,0.000000000000e+00,0.000000000000e+00,0.000000000000e+00,0.000000000000e+00,0.000000000000e+00,3.513665001582e-05,0.000000000000e+00,6.002995298427e-03,-3.298371762908e+02
5.920000000000e+02,1.535473039596e+03,2.202683367900e+05,0.000000000000e+00,1.738352384271e-02,5.400186031088e-03,0.000000000000e+00,0.000000000000e+00,1.140682491779e-06,0.000000000000e+00,0.000000000000e+00,0.000000000000e+00,0.000000000000e+00,0.000000000000e+00,0.000000000000e+00,0.000000000000e+00,5.399045348596e-03,-2.966698095207e+02
5.930000000000e+02,1.293135266125e+03,2.202681183227e+05,0.000000000000e+00,4.410905016305e-03,4.410349336408e-03,0.000000000000e+00,0.000000000000e+00,2.358662210233e-07,0.000000000000e+00,0.000000000000e+00,0.000000000000e+00,0.000000000000e+00,0.000000000000e+00,0.000000000000e+00,0.000000000000e+00,4.410113470187e-03,-2.423377734708e+02
5.940000000000e+02,1.049835579873e+03,2.202678966911e+05,0.000000000000e+00,1.300784975585e-03,4.427716871450e-03,0.000000000000e+00,0.000000000000e+00,5.654435801953e-08,0.000000000000e+00,0.000000000000e+00,0.000000000000e+00,0.000000000000e+00,0.000000000000e+00,8.552457712069e-04,0.000000000000e+00,3.572414555885e-03,-1.962611688356e+02
5.950000000000e+02,8.457058277399e+02,2.202677126031e+05,0.000000000000e+00,4.559909312505e-04,3.714812452668e-03,0.000000000000e+00,0.000000000000e+00,1.535589642891e-08,0.000000000000e+00,0.000000000000e+00,0.000000000000e+00,0.000000000000e+00,0.000000000000e+00,9.593872690309e-04,0.000000000000e+00,2.755409827740e-03,-1.513634523363e+02
5.960000000000e+02,7.749859197010e+02,2.202676431073e+05,0.000000000000e+00,8.858611784261e+00,3.135320905596e-03,0.000000000000e+00,2.009302325581e-03,3.409587197202e-04,0.000000000000e+00,5.020202113499e-04,0.000000000000e+00,0.000000000000e+00,0.000000000000e+00,0.000000000000e+00,1.507282114231e-03,2.794362185876e-03,-1.536204243216e+02
5.970000000000e+02,5.754231899362e+02,2.202674446982e+05,0.000000000000e+00,2.767910480193e+00,3.742742479225e-03,0.000000000000e+00,0.000000000000e+00,1.107217707956e-04,0.000000000000e+00,0.000000000000e+00,0.000000000000e+00,0.000000000000e+00,0.000000000000e+00,4.986404744397e-04,0.000000000000e+00,3.133380233990e-03,-1.721375036706e+02
5.980000000000e+02,2.462067001589e+02,2.202670892832e+05,0.000000000000e+00,5.909767685916e-01,6.031790419587e-03,0.000000000000e+00,0.000000000000e+00,3.957396665305e-05,0.000000000000e+00,0.000000000000e+00,0.000000000000e+00,0.000000000000e+00,0.000000000000e+00,6.253464215054e-04,0.000000000000e+00,5.366870031429e-03,-2.948224365946e+02
5.990000000000e+02,0.000000000000e+00,2.202283878312e+05,0.000000000000e+00,1.298762002891e-01,5.188532232719e-03,0.000000000000e+00,0.000000000000e+00,8.383999754030e-06,0.000000000000e+00,0.000000000000e+00,0.000000000000e+00,0.000000000000e+00,0.000000000000e+00,0.000000000000e+00,0.000000000000e+00,5.180148232965e-03,-2.462067001589e+02
6.000000000000e+02,0.000000000000e+00,2.199169804089e+05,0.000000000000e+00,2.654208443794e-02,5.663831937443e-03,0.000000000000e+00,0.000000000000e+00,1.878802106384e-06,0.000000000000e+00,0.000000000000e+00,0.000000000000e+00,0.000000000000e+00,0.000000000000e+00,0.000000000000e+00,0.000000000000e+00,5.661953135337e-03,0.000000000000e+00
6.010000000000e+02,0.000000000000e+00,2.195761040657e+05,0.000000000000e+00,5.027064559091e-03,6.198142880226e-03,0.000000000000e+00,0.000000000000e+00,3.911821796154e-07,0.000000000000e+00,0.000000000000e+00,0.000000000000e+00,0.000000000000e+00,0.000000000000e+00,0.000000000000e+00,0.000000000000e+00,6.197751698046e-03,0.000000000000e+00
6.020000000000e+02,0.000000000000e+00,2.192702181241e+05,0.000000000000e+00,1.034834773332e-03,5.561635160821e-03,0.000000000000e+00,0.000000000000e+00,7.258599610472e-08,0.000000000000e+00,0.000000000000e+00,0.000000000000e+00,0.000000000000e+00,0.000000000000e+00,0.000000000000e+00,0.000000000000e+00,5.561562574825e-03,0.000000000000e+00
6.030000000000e+02,0.000000000000e+00,2.189437261444e+05,0.000000000000e+00,2.210700230674e-04,5.936235499017e-03,0.000000000000e+00,0.000000000000e+00,1.479572273209e-08,0.000000000000e+00,0.000000000000e+00,0.000000000000e+00,0.000000000000e+00,0.000000000000e+00,6.537094570967e-04,0.000000000000e+00,5.282511246198e-03,3.595402014032e+01
6.040000000000e+02,0.000000000000e+00,2.186152987101e+05,0.000000000000e+00,0.000000000000e+00,5.971408177149e-03,0.000000000000e+00,0.000000000000e+00,0.000000000000e+00,0.000000000000e+00,0.000000000000e+00,0.000000000000e+00,0.000000000000e+00,0.000000000000e+00,4.262660780062e-04,0.000000000000e+00,5.545142099143e-03,2.344463429034e+01
6.050000000000e+02,0.000000000000e+00,2.183434666879e+05,0.000000000000e+00,0.000000000000e+00,4.942400407529e-03,0.000000000000e+00,0.000000000000e+00,0.000000000000e+00,0.000000000000e+00,0.000000000000e+00,0.000000000000e+00,0.000000000000e+00,0.000000000000e+00,0.000000000000e+00,0.000000000000e+00,4.942400407529e-03,0.000000000000e+00
6.060000000000e+02,0.000000000000e+00,2.180903802822e+05,0.000000000000e+00,0.000000000000e+00,4.601571013320e-03,0.000000000000e+00,0.000000000000e+00,0.000000000000e+00,0.000000000000e+00,0.000000000000e+00,0.000000000000e+00,0.000000000000e+00,0.000000000000e+00,0.000000000000e+00,0.000000000000e+00,4.601571013320e-03,0.000000000000e+00
6.070000000000e+02,0.000000000000e+00,2.178144346577e+05,0.000000000000e+00,0.000000000000e+00,5.017193176402e-03,0.000000000000e+00,0.000000000000e+00,0.000000000000e+00,0.000000000000e+00,0.000000000000e+00,0.000000000000e+00,0.000000000000e+00,0.000000000000e+00,0.000000000000e+00,0.000000000000e+00,5.017193176402e-03,0.000000000000e+00
6.080000000000e+02,0.000000000000e+00,2.176286511137e+05,0.000000000000e+00,0.000000000000e+00,3.377882618229e-03,0.000000000000e+00,0.000000000000e+00,0.000000000000e+00,0.000000000000e+00,0.000000000000e+00,0.000000000000e+00,0.000000000000e+00,0.000000000000e+00,0.000000000000e+00,0.000000000000e+00,3.377882618229e-03,0.000000000000e+00
6.090000000000e+02,0.000000000000e+00,2.175285261052e+05,0.000000000000e+00,9.564766756301e+00,4.660503212730e-03,0.000000000000e+00,3.013953488372e-03,5.788812037113e-04,0.000000000000e+00,7.527860538259e-04,0.000000000000e+00,0.000000000000e+00,0.000000000000e+00,1.488163735314e-05,2.261167434546e-03,4.066740371666e-03,-1.235457188456e+02
6.100000000000e+02,0.000000000000e+00,2.174157089370e+05,0.000000000000e+00,9.470282648349e+00,4.062241460415e-03,0.000000000000e+00,2.009302325581e-03,5.035596129758e-04,0.000000000000e+00,5.018417201040e-04,0.000000000000e+00,0.000000000000e+00,0.000000000000e+00,0.000000000000e+00,1.507460605477e-03,3.558681847439e-03,-8.291033330126e+01
6.110000000000e+02,0.000000000000e+00,2.173028649132e+05,0.000000000000e+00,3.903046680086e+00,2.152932059980e-03,0.000000000000e+00,0.000000000000e+00,1.012224721502e-04,0.000000000000e+00,0.000000000000e+00,0.000000000000e+00,0.000000000000e+00,0.000000000000e+00,1.810076383158e-04,0.000000000000e+00,1.870701949514e-03,9.955420107368e+00
6.120000000000e+02,0.000000000000e+00,2.182122366206e+05,0.000000000000e+00,7.619112757883e+01,3.249314592699e-03,0.000000000000e+00,2.109767441860e-02,3.014382251994e-03,9.402817747183e-04,5.268992770326e-03,0.000000000000e+00,0.000000000000e+00,0.000000000000e+00,2.349323407049e-04,1.676896342300e-02,0.000000000000e+00,-9.093717095261e+02
6.130000000000e+02,0.000000000000e+00,2.185771904845e+05,0.000000000000e+00,7.085169195379e+01,2.503416296066e-03,0.000000000000e+00,9.041860465116e-03,2.355142685727e-03,0.000000000000e+00,2.258062037999e-03,0.000000000000e+00,0.000000000000e+00,0.000000000000e+00,0.000000000000e+00,6.783798427117e-03,1.482736103390e-04,-3.731089134915e+02
6.140000000000e+02,0.000000000000e+00,2.201897696973e+05,0.000000000000e+00,7.781022531840e+01,2.702696319276e-03,0.000000000000e+00,3.214883720930e-02,2.702696319276e-03,5.199164339806e-03,8.028379447530e-03,0.000000000000e+00,0.000000000000e+00,0.000000000000e+00,0.000000000000e+00,2.931962210158e-02,0.000000000000e+00,-1.612579215587e+03
6.150000000000e+02,1.086817028140e+03,2.202679633411e+05,0.000000000000e+00,7.640064075984e+01,2.957803048274e-03,0.000000000000e+00,2.411162790698e-02,2.755433354037e-03,3.293817570822e-03,6.021063244655e-03,0.000000000000e+00,0.000000000000e+00,0.000000000000e+00,2.023696942374e-04,2.138438223314e-02,0.000000000000e+00,-7.819366149946e+01
6.160000000000e+02,1.203712538477e+03,2.202680632550e+05,0.000000000000e+00,4.022705977163e+01,7.572436881437e-03,0.000000000000e+00,9.041860465116e-03,2.915578885177e-03,0.000000000000e+00,2.257812939658e-03,0.000000000000e+00,0.000000000000e+00,0.000000000000e+00,2.192579805571e-03,6.784047525458e-03,2.464278190689e-03,-1.356352142573e+02
6.170000000000e+02,9.529089234644e+02,2.202677863633e+05,0.000000000000e+00,8.326591972355e+00,5.145085055517e-03,0.000000000000e+00,0.000000000000e+00,5.799849312313e-04,0.000000000000e+00,0.000000000000e+00,0.000000000000e+00,0.000000000000e+00,0.000000000000e+00,0.000000000000e+00,0.000000000000e+00,4.565100124285e-03,-2.508036150125e+02
6.180000000000e+02,6.656714947350e+02,2.202674972198e+05,0.000000000000e+00,1.664545934872e+00,5.348884655760e-03,0.000000000000e+00,0.000000000000e+00,1.211287948337e-04,0.000000000000e+00,0.000000000000e+00,0.000000000000e+00,0.000000000000e+00,0.000000000000e+00,0.000000000000e+00,0.000000000000e+00,5.227755860926e-03,-2.872374287294e+02
6.190000000000e+02,3.696499616536e+02,2.202672081127e+05,0.000000000000e+00,3.283444787995e-01,5.411760166677e-03,0.000000000000e+00,0.000000000000e+00,2.429397960558e-05,0.000000000000e+00,0.000000000000e+00,0.000000000000e+00,0.000000000000e+00,0.000000000000e+00,0.000000000000e+00,0.000000000000e+00,5.387466187071e-03,-2.960215330815e+02
6.200000000000e+02,7.284740849159e+01,2.202669208386e+05,0.000000000000e+00,6.455982326186e-02,5.406428967988e-03,0.000000000000e+00,0.000000000000e+00,4.795742744500e-06,0.000000000000e+00,0.000000000000e+00,0.000000000000e+00,0.000000000000e+00,0.000000000000e+00,0.000000000000e+00,0.000000000000e+00,5.401633225243e-03,-2.968025531620e+02
6.210000000000e+02,0.000000000000e+00,2.200335927850e+05,0.000000000000e+00,1.234743714497e-02,5.567775889913e-03,0.000000000000e+00,0.000000000000e+00,9.493032737812e-07,0.000000000000e+00,0.000000000000e+00,0.000000000000e+00,0.000000000000e+00,0.000000000000e+00,0.000000000000e+00,0.000000000000e+00,5.566826586639e-03,-7.284740849159e+01
6.220000000000e+02,0.000000000000e+00,2.198586215370e+05,0.000000000000e+00,3.601582119152e-03,3.181454085197e-03,0.000000000000e+00,0.000000000000e+00,1.590155459239e-07,0.000000000000e+00,0.000000000000e+00,0.000000000000e+00,0.000000000000e+00,0.000000000000e+00,0.000000000000e+00,0.000000000000e+00,3.181295069652e-03,0.000000000000e+00
6.230000000000e+02,0.000000000000e+00,2.199972848764e+05,0.000000000000e+00,2.731206800833e+01,3.010237888266e-03,0.000000000000e+00,6.027906976744e-03,1.008233514922e-03,0.000000000000e+00,1.504751086308e-03,0.000000000000e+00,0.000000000000e+00,0.000000000000e+00,3.635617166750e-04,4.523155890436e-03,1.638442656668e-03,-2.287776795569e+02
6.240000000000e+02,3.798712205062e+02,2.202672559018e+05,0.000000000000e+00,6.374386454000e+01,6.612374560705e-03,0.000000000000e+00,1.908837209302e-02,4.104180247242e-03,0.000000000000e+00,4.764864212587e-03,0.000000000000e+00,0.000000000000e+00,0.000000000000e+00,2.014147754077e-03,1.432350788044e-02,4.940465593860e-04,-2.971435864436e+02
6.250000000000e+02,1.118741774796e+02,2.202669979846e+05,0.000000000000e+00,1.584359433398e+01,5.748021455891e-03,0.000000000000e+00,0.000000000000e+00,8.706585395129e-04,0.000000000000e+00,0.000000000000e+00,0.000000000000e+00,0.000000000000e+00,0.000000000000e+00,1.833348257149e-03,0.000000000000e+00,3.044014659229e-03,-1.671628888834e+02
6.260000000000e+02,0.000000000000e+00,2.201445753895e+05,0.000000000000e+00,4.126132926915e+00,4.472970648415e-03,0.000000000000e+00,0.000000000000e+00,2.130293265435e-04,0.000000000000e+00,0.000000000000e+00,0.000000000000e+00,0.000000000000e+00,0.000000000000e+00,8.044264684250e-04,0.000000000000e+00,3.455514853447e-03,-6.763072171618e+01
6.270000000000e+02,0.000000000000e+00,2.199290719830e+05,0.000000000000e+00,1.010170789538e+00,3.974894896504e-03,0.000000000000e+00,0.000000000000e+00,5.665385704321e-05,0.000000000000e+00,0.000000000000e+00,0.000000000000e+00,0.000000000000e+00,0.000000000000e+00,0.000000000000e+00,0.000000000000e+00,3.918241039461e-03,0.000000000000e+00
6.280000000000e+02,0.000000000000e+00,2.196900614040e+05,0.000000000000e+00,2.300044900821e-01,4.359831734947e-03,0.000000000000e+00,0.000000000000e+00,1.418484180829e-05,0.000000000000e+00,0.000000000000e+00,0.000000000000e+00,0.000000000000e+00,0.000000000000e+00,0.000000000000e+00,0.000000000000e+00,4.345646893139e-03,0.000000000000e+00
6.290000000000e+02,0.000000000000e+00,2.194407296252e+05,0.000000000000e+00,5.067839831960e-02,4.536565545676e-03,0.000000000000e+00,0.000000000000e+00,3.260474395682e-06,0.000000000000e+00,0.000000000000e+00,0.000000000000e+00,0.000000000000e+00,0.000000000000e+00,0.000000000000e+00,0.000000000000e+00,4.533305071280e-03,0.000000000000e+00
6.300000000000e+02,0.000000000000e+00,2.192007617681e+05,0.000000000000e+00,1.148524693812e-02,4.363764550705e-03,0.000000000000e+00,0.000000000000e+00,7.126027523905e-07,0.000000000000e+00,0.000000000000e+00,0.000000000000e+00,0.000000000000e+00,0.000000000000e+00,0.000000000000e+00,0.000000000000e+00,4.363051947953e-03,0.000000000000e+00
6.310000000000e+02,0.000000000000e+00,2.188735318216e+05,0.000000000000e+00,2.461867079497e-03,5.949804947359e-03,0.000000000000e+00,0.000000000000e+00,1.640614519750e-07,0.000000000000e+00,0.000000000000e+00,0.000000000000e+00,0.000000000000e+00,0.000000000000e+00,1.274842723114e-03,0.000000000000e+00,4.674798162793e-03,7.011634977124e+01
6.320000000000e+02,0.000000000000e+00,2.186366326303e+05,0.000000000000e+00,5.613362922151e-04,4.307292580777e-03,0.000000000000e+00,0.000000000000e+00,3.455510522331e-08,0.000000000000e+00,0.000000000000e+00,0.000000000000e+00,0.000000000000e+00,0.000000000000e+00,0.000000000000e+00,0.000000000000e+00,4.307258025672e-03,0.000000000000e+00
6.330000000000e+02,0.000000000000e+00,2.183867988303e+05,0.000000000000e+00,5.896686933841e-05,4.542436568315e-03,0.000000000000e+00,0.000000000000e+00,3.838004228541e-09,0.000000000000e+00,0.000000000000e+00,0.000000000000e+00,0.000000000000e+00,0.000000000000e+00,0.000000000000e+00,0.000000000000e+00,4.542432730311e-03,0.000000000000e+00
6.340000000000e+02,0.000000000000e+00,2.181319816727e+05,0.000000000000e+00,0.000000000000e+00,4.633039230533e-03,0.000000000000e+00,0.000000000000e+00,0.000000000000e+00,0.000000000000e+00,0.000000000000e+00,0.000000000000e+00,0.000000000000e+00,0.000000000000e+00,0.000000000000e+00,0.000000000000e+00,4.633039230533e-03,0.000000000000e+00
6.350000000000e+02,0.000000000000e+00,2.179024901558e+05,0.000000000000e+00,0.000000000000e+00,4.172573034770e-03,0.000000000000e+00,0.000000000000e+00,0.000000000000e+00,0.000000000000e+00,0.000000000000e+00,0.000000000000e+00,0.000000000000e+00,0.000000000000e+00,0.000000000000e+00,0.000000000000e+00,4.172573034770e-03,0.000000000000e+00
6.360000000000e+02,0.000000000000e+00,2.176143937890e+05,0.000000000000e+00,0.000000000000e+00,5.238115483903e-03,0.000000000000e+00,0.000000000000e+00,0.000000000000e+00,0.000000000000e+00,0.000000000000e+00,0.000000000000e+00,0.000000000000e+00,0.000000000000e+00,7.045114590534e-04,0.000000000000e+00,4.533604024850e-03,3.874813024793e+01
6.370000000000e+02,0.000000000000e+00,2.173778600650e+05,0.000000000000e+00,0.000000000000e+00,4.300613166672e-03,0.000000000000e+00,0.000000000000e+00,0.000000000000e+00,0.000000000000e+00,0.000000000000e+00,0.000000000000e+00,0.000000000000e+00,0.000000000000e+00,0.000000000000e+00,0.000000000000e+00,4.300613166672e-03,0.000000000000e+00
6.380000000000e+02,0.000000000000e+00,2.171350200111e+05,0.000000000000e+00,0.000000000000e+00,4.415273710391e-03,0.000000000000e+00,0.000000000000e+00,0.000000000000e+00,0.000000000000e+00,0.000000000000e+00,0.000000000000e+00,0.000000000000e+00,0.000000000000e+00,0.000000000000e+00,0.000000000000e+00,4.415273710391e-03,0.000000000000e+00
6.390000000000e+02,0.000000000000e+00,2.169003902058e+05,0.000000000000e+00,0.000000000000e+00,4.265993393461e-03,0.000000000000e+00,0.000000000000e+00,0.000000000000e+00,0.000000000000e+00,0.000000000000e+00,0.000000000000e+00,0.000000000000e+00,0.000000000000e+00,1.738210244665e-04,0.000000000000e+00,4.092172368994e-03,9.560156345655e+00
