ATS version 1.6.0_8d11cb0c, Amanzi version 1.7-dev_bc2aebf55
======================================================================================================
ATS                |  Writing input file ...
ATS                |  
ATS                |  <ParameterList name="ANONYMOUS">
ATS                |    <ParameterList id="14" name="mesh">
ATS                |      <ParameterList id="5" name="domain">
ATS                |        <Parameter docString="" id="0" isDefault="false" isUsed="true" name="mesh type" type="string" value="read mesh file"/>
ATS                |        <Parameter docString="" id="1" isDefault="false" isUsed="true" name="build columns from set" type="string" value="surface"/>
ATS                |        <ParameterList id="4" name="read mesh file parameters">
ATS                |          <Parameter docString="" id="2" isDefault="false" isUsed="true" name="file" type="string" value="../../shared/hillslope_mesh.exo"/>
ATS                |          <Parameter docString="" id="3" isDefault="false" isUsed="true" name="format" type="string" value="Exodus II"/>
ATS                |        </ParameterList>
ATS                |      </ParameterList>
ATS                |      <ParameterList id="9" name="surface">
ATS                |        <Parameter docString="" id="6" isDefault="false" isUsed="true" name="mesh type" type="string" value="surface"/>
ATS                |        <ParameterList id="8" name="surface parameters">
ATS                |          <Parameter docString="" id="7" isDefault="false" isUsed="true" name="surface sideset name" type="string" value="surface"/>
ATS                |        </ParameterList>
ATS                |      </ParameterList>
ATS                |      <ParameterList id="13" name="snow">
ATS                |        <Parameter docString="" id="10" isDefault="false" isUsed="true" name="mesh type" type="string" value="aliased"/>
ATS                |        <ParameterList id="12" name="aliased parameters">
ATS                |          <Parameter docString="" id="11" isDefault="false" isUsed="true" name="target" type="string" value="surface"/>
ATS                |        </ParameterList>
ATS                |      </ParameterList>
ATS                |    </ParameterList>
ATS                |    <ParameterList id="43" name="regions">
ATS                |      <ParameterList id="16" name="computational domain">
ATS                |        <ParameterList id="15" name="region: all"/>
ATS                |      </ParameterList>
ATS                |      <ParameterList id="18" name="surface domain">
ATS                |        <ParameterList id="17" name="region: all"/>
ATS                |      </ParameterList>
ATS                |      <ParameterList id="24" name="surface">
ATS                |        <ParameterList id="23" name="region: labeled set">
ATS                |          <Parameter docString="" id="19" isDefault="false" isUsed="true" name="label" type="string" value="2"/>
ATS                |          <Parameter docString="" id="20" isDefault="false" isUsed="true" name="file" type="string" value="../../shared/hillslope_mesh.exo"/>
ATS                |          <Parameter docString="" id="21" isDefault="false" isUsed="true" name="format" type="string" value="Exodus II"/>
ATS                |          <Parameter docString="" id="22" isDefault="false" isUsed="true" name="entity" type="string" value="Face"/>
ATS                |        </ParameterList>
ATS                |      </ParameterList>
ATS                |      <ParameterList id="30" name="bottom face">
ATS                |        <ParameterList id="29" name="region: labeled set">
ATS                |          <Parameter docString="" id="25" isDefault="false" isUsed="true" name="label" type="string" value="1"/>
ATS                |          <Parameter docString="" id="26" isDefault="false" isUsed="true" name="file" type="string" value="../../shared/hillslope_mesh.exo"/>
ATS                |          <Parameter docString="" id="27" isDefault="false" isUsed="true" name="format" type="string" value="Exodus II"/>
ATS                |          <Parameter docString="" id="28" isDefault="false" isUsed="true" name="entity" type="string" value="Face"/>
ATS                |        </ParameterList>
ATS                |      </ParameterList>
ATS                |      <ParameterList id="34" name="outlet">
ATS                |        <ParameterList id="33" name="region: plane">
ATS                |          <Parameter docString="" id="31" isDefault="false" isUsed="true" name="point" type="Array(double)" value="{1.00000000000000000e+03, 0.00000000000000000e+00}"/>
ATS                |          <Parameter docString="" id="32" isDefault="false" isUsed="true" name="normal" type="Array(double)" value="{1.00000000000000000e+00, 0.00000000000000000e+00}"/>
ATS                |        </ParameterList>
ATS                |      </ParameterList>
ATS                |      <ParameterList id="38" name="evergreen forest">
ATS                |        <ParameterList id="37" name="region: box">
ATS                |          <Parameter docString="" id="35" isDefault="false" isUsed="true" name="low coordinate" type="Array(double)" value="{0.00000000000000000e+00, 0.00000000000000000e+00}"/>
ATS                |          <Parameter docString="" id="36" isDefault="false" isUsed="true" name="high coordinate" type="Array(double)" value="{2.00000000000000000e+02, 1.00000000000000000e+01}"/>
ATS                |        </ParameterList>
ATS                |      </ParameterList>
ATS                |      <ParameterList id="42" name="grassy meadow">
ATS                |        <ParameterList id="41" name="region: box">
ATS                |          <Parameter docString="" id="39" isDefault="false" isUsed="true" name="low coordinate" type="Array(double)" value="{2.00000000000000000e+02, 0.00000000000000000e+00}"/>
ATS                |          <Parameter docString="" id="40" isDefault="false" isUsed="true" name="high coordinate" type="Array(double)" value="{5.00000000000000000e+02, 1.00000000000000000e+01}"/>
ATS                |        </ParameterList>
ATS                |      </ParameterList>
ATS                |    </ParameterList>
ATS                |    <ParameterList id="65" name="cycle driver">
ATS                |      <Parameter docString="" id="44" isDefault="false" isUsed="true" name="restart from checkpoint file" type="string" value="../run-1/checkpoint00156.h5"/>
ATS                |      <Parameter docString="" id="45" isDefault="false" isUsed="true" name="start time" type="double" value="3.28000000000000000e+02"/>
ATS                |      <Parameter docString="" id="46" isDefault="false" isUsed="true" name="start time units" type="string" value="d"/>
ATS                |      <Parameter docString="" id="47" isDefault="false" isUsed="true" name="end time" type="double" value="6.39000000000000000e+02"/>
ATS                |      <Parameter docString="" id="48" isDefault="false" isUsed="true" name="end time units" type="string" value="d"/>
ATS                |      <Parameter docString="" id="49" isDefault="false" isUsed="true" name="end cycle" type="int" value="300"/>
ATS                |      <Parameter docString="" id="50" isDefault="false" isUsed="true" name="max time step size [s]" type="double" value="8.64000000000000000e+04"/>
ATS                |      <ParameterList id="53" name="required times">
ATS                |        <Parameter docString="" id="51" isDefault="false" isUsed="true" name="times start period stop" type="Array(double)" value="{0.00000000000000000e+00, 1.00000000000000000e+00, -1.00000000000000000e+00}"/>
ATS                |        <Parameter docString="" id="52" isDefault="false" isUsed="true" name="times start period stop units" type="string" value="d"/>
ATS                |      </ParameterList>
ATS                |      <ParameterList id="64" name="PK tree">
ATS                |        <ParameterList id="63" name="water balance">
ATS                |          <Parameter docString="" id="54" isDefault="false" isUsed="true" name="PK type" type="string" value="weak MPC"/>
ATS                |          <ParameterList id="56" name="snow storage">
ATS                |            <Parameter docString="" id="55" isDefault="false" isUsed="true" name="PK type" type="string" value="general surface balance"/>
ATS                |          </ParameterList>
ATS                |          <ParameterList id="62" name="surface-subsurface coupler">
ATS                |            <Parameter docString="" id="57" isDefault="false" isUsed="true" name="PK type" type="string" value="coupled water"/>
ATS                |            <ParameterList id="59" name="flow">
ATS                |              <Parameter docString="" id="58" isDefault="false" isUsed="true" name="PK type" type="string" value="richards flow"/>
ATS                |            </ParameterList>
ATS                |            <ParameterList id="61" name="overland flow">
ATS                |              <Parameter docString="" id="60" isDefault="false" isUsed="true" name="PK type" type="string" value="overland flow, pressure basis"/>
ATS                |            </ParameterList>
ATS                |          </ParameterList>
ATS                |        </ParameterList>
ATS                |      </ParameterList>
ATS                |    </ParameterList>
ATS                |    <ParameterList id="182" name="PKs">
ATS                |      <ParameterList id="68" name="water balance">
ATS                |        <Parameter docString="" id="66" isDefault="false" isUsed="true" name="PK type" type="string" value="weak MPC"/>
ATS                |        <Parameter docString="" id="67" isDefault="false" isUsed="true" name="PKs order" type="Array(string)" value="{snow storage, surface-subsurface coupler}"/>
ATS                |      </ParameterList>
ATS                |      <ParameterList id="103" name="snow storage">
ATS                |        <Parameter docString="" id="69" isDefault="false" isUsed="true" name="PK type" type="string" value="general surface balance"/>
ATS                |        <Parameter docString="" id="70" isDefault="false" isUsed="true" name="primary variable key" type="string" value="snow-water_equivalent"/>
ATS                |        <Parameter docString="" id="71" isDefault="false" isUsed="true" name="conserved quantity key" type="string" value="snow-water_content"/>
ATS                |        <Parameter docString="" id="72" isDefault="false" isUsed="true" name="domain name" type="string" value="snow"/>
ATS                |        <Parameter docString="" id="73" isDefault="false" isUsed="true" name="source term" type="bool" value="true"/>
ATS                |        <Parameter docString="" id="74" isDefault="false" isUsed="true" name="source key" type="string" value="snow-source"/>
ATS                |        <Parameter docString="" id="75" isDefault="false" isUsed="true" name="modify predictor positivity preserving" type="bool" value="true"/>
ATS                |        <ParameterList id="77" name="initial conditions">
ATS                |          <Parameter docString="" id="76" isDefault="false" isUsed="true" name="value" type="double" value="0.00000000000000000e+00"/>
ATS                |        </ParameterList>
ATS                |        <ParameterList id="79" name="inverse">
ATS                |          <Parameter docString="" id="78" isDefault="false" isUsed="true" name="preconditioning method" type="string" value="block ilu"/>
ATS                |        </ParameterList>
ATS                |        <ParameterList id="102" name="time integrator">
ATS                |          <Parameter docString="" id="80" isDefault="false" isUsed="true" name="extrapolate initial guess" type="bool" value="true"/>
ATS                |          <Parameter docString="" id="81" isDefault="false" isUsed="true" name="solver type" type="string" value="nka_bt_ats"/>
ATS                |          <Parameter docString="" id="82" isDefault="false" isUsed="true" name="timestep controller type" type="string" value="smarter"/>
ATS                |          <ParameterList id="91" name="nka_bt_ats parameters">
ATS                |            <Parameter docString="" id="83" isDefault="false" isUsed="true" name="nka lag iterations" type="int" value="2"/>
ATS                |            <Parameter docString="" id="84" isDefault="false" isUsed="true" name="max backtrack steps" type="int" value="5"/>
ATS                |            <Parameter docString="" id="85" isDefault="false" isUsed="true" name="backtrack lag" type="int" value="0"/>
ATS                |            <Parameter docString="" id="86" isDefault="false" isUsed="true" name="backtrack factor" type="double" value="5.00000000000000000e-01"/>
ATS                |            <Parameter docString="" id="87" isDefault="false" isUsed="true" name="backtrack tolerance" type="double" value="1.00000000000000005e-04"/>
ATS                |            <Parameter docString="" id="88" isDefault="false" isUsed="true" name="nonlinear tolerance" type="double" value="9.99999999999999955e-07"/>
ATS                |            <Parameter docString="" id="89" isDefault="false" isUsed="true" name="diverged tolerance" type="double" value="1.00000000000000000e+06"/>
ATS                |            <Parameter docString="" id="90" isDefault="false" isUsed="true" name="limit iterations" type="int" value="21"/>
ATS                |          </ParameterList>
ATS                |          <ParameterList id="101" name="timestep controller smarter parameters">
ATS                |            <Parameter docString="" id="92" isDefault="false" isUsed="true" name="max iterations" type="int" value="18"/>
ATS                |            <Parameter docString="" id="93" isDefault="false" isUsed="true" name="min iterations" type="int" value="10"/>
ATS                |            <Parameter docString="" id="94" isDefault="false" isUsed="true" name="timestep reduction factor" type="double" value="5.00000000000000000e-01"/>
ATS                |            <Parameter docString="" id="95" isDefault="false" isUsed="true" name="timestep increase factor" type="double" value="2.00000000000000000e+00"/>
ATS                |            <Parameter docString="" id="96" isDefault="false" isUsed="true" name="max timestep" type="double" value="1.00000000000000000e+07"/>
ATS                |            <Parameter docString="" id="97" isDefault="false" isUsed="true" name="min timestep" type="double" value="1.00000000000000004e-10"/>
ATS                |            <Parameter docString="" id="98" isDefault="false" isUsed="true" name="growth wait after fail" type="int" value="2"/>
ATS                |            <Parameter docString="" id="99" isDefault="false" isUsed="true" name="count before increasing increase factor" type="int" value="2"/>
ATS                |            <Parameter docString="" id="100" isDefault="false" isUsed="true" name="initial timestep [s]" type="double" value="8.64000000000000000e+04"/>
ATS                |          </ParameterList>
ATS                |        </ParameterList>
ATS                |      </ParameterList>
ATS                |      <ParameterList id="146" name="surface-subsurface coupler">
ATS                |        <Parameter docString="" id="104" isDefault="false" isUsed="true" name="PK type" type="string" value="coupled water"/>
ATS                |        <Parameter docString="" id="105" isDefault="false" isUsed="true" name="PKs order" type="Array(string)" value="{flow, overland flow}"/>
ATS                |        <ParameterList id="109" name="water delegate">
ATS                |          <Parameter docString="" id="106" isDefault="false" isUsed="true" name="modify predictor damp and cap the water spurt" type="bool" value="true"/>
ATS                |          <Parameter docString="" id="107" isDefault="false" isUsed="true" name="damp and cap the water spurt" type="bool" value="true"/>
ATS                |          <Parameter docString="" id="108" isDefault="false" isUsed="true" name="cap over atmospheric" type="double" value="1.00000000000000002e-03"/>
ATS                |        </ParameterList>
ATS                |        <ParameterList id="122" name="inverse">
ATS                |          <Parameter docString="" id="110" isDefault="false" isUsed="true" name="preconditioning method" type="string" value="boomer amg"/>
ATS                |          <Parameter docString="" id="111" isDefault="false" isUsed="true" name="iterative method" type="string" value="gmres"/>
ATS                |          <ParameterList id="116" name="boomer amg parameters">
ATS                |            <Parameter docString="" id="112" isDefault="false" isUsed="true" name="cycle iterations" type="int" value="1"/>
ATS                |            <Parameter docString="" id="113" isDefault="false" isUsed="true" name="smoother sweeps" type="int" value="1"/>
ATS                |            <Parameter docString="" id="114" isDefault="false" isUsed="true" name="strong threshold" type="double" value="8.49999999999999978e-01"/>
ATS                |            <Parameter docString="" id="115" isDefault="false" isUsed="true" name="tolerance" type="double" value="0.00000000000000000e+00"/>
ATS                |          </ParameterList>
ATS                |          <ParameterList id="121" name="gmres parameters">
ATS                |            <Parameter docString="" id="117" isDefault="false" isUsed="true" name="preconditioning strategy" type="string" value="left"/>
ATS                |            <Parameter docString="" id="118" isDefault="false" isUsed="true" name="error tolerance" type="double" value="9.99999999999999955e-07"/>
ATS                |            <Parameter docString="" id="119" isDefault="false" isUsed="true" name="convergence criteria" type="Array(string)" value="{relative residual, make one iteration}"/>
ATS                |            <Parameter docString="" id="120" isDefault="false" isUsed="true" name="maximum number of iteration" type="int" value="80"/>
ATS                |          </ParameterList>
ATS                |        </ParameterList>
ATS                |        <ParameterList id="145" name="time integrator">
ATS                |          <Parameter docString="" id="123" isDefault="false" isUsed="true" name="extrapolate initial guess" type="bool" value="true"/>
ATS                |          <Parameter docString="" id="124" isDefault="false" isUsed="true" name="solver type" type="string" value="nka_bt_ats"/>
ATS                |          <Parameter docString="" id="125" isDefault="false" isUsed="true" name="timestep controller type" type="string" value="smarter"/>
ATS                |          <ParameterList id="134" name="nka_bt_ats parameters">
ATS                |            <Parameter docString="" id="126" isDefault="false" isUsed="true" name="nka lag iterations" type="int" value="2"/>
ATS                |            <Parameter docString="" id="127" isDefault="false" isUsed="true" name="max backtrack steps" type="int" value="5"/>
ATS                |            <Parameter docString="" id="128" isDefault="false" isUsed="true" name="backtrack lag" type="int" value="0"/>
ATS                |            <Parameter docString="" id="129" isDefault="false" isUsed="true" name="backtrack factor" type="double" value="5.00000000000000000e-01"/>
ATS                |            <Parameter docString="" id="130" isDefault="false" isUsed="true" name="backtrack tolerance" type="double" value="1.00000000000000005e-04"/>
ATS                |            <Parameter docString="" id="131" isDefault="false" isUsed="true" name="nonlinear tolerance" type="double" value="9.99999999999999955e-07"/>
ATS                |            <Parameter docString="" id="132" isDefault="false" isUsed="true" name="diverged tolerance" type="double" value="1.00000000000000000e+06"/>
ATS                |            <Parameter docString="" id="133" isDefault="false" isUsed="true" name="limit iterations" type="int" value="21"/>
ATS                |          </ParameterList>
ATS                |          <ParameterList id="144" name="timestep controller smarter parameters">
ATS                |            <Parameter docString="" id="135" isDefault="false" isUsed="true" name="max iterations" type="int" value="18"/>
ATS                |            <Parameter docString="" id="136" isDefault="false" isUsed="true" name="min iterations" type="int" value="10"/>
ATS                |            <Parameter docString="" id="137" isDefault="false" isUsed="true" name="timestep reduction factor" type="double" value="5.00000000000000000e-01"/>
ATS                |            <Parameter docString="" id="138" isDefault="false" isUsed="true" name="timestep increase factor" type="double" value="2.00000000000000000e+00"/>
ATS                |            <Parameter docString="" id="139" isDefault="false" isUsed="true" name="max timestep" type="double" value="1.00000000000000000e+07"/>
ATS                |            <Parameter docString="" id="140" isDefault="false" isUsed="true" name="min timestep" type="double" value="1.00000000000000004e-10"/>
ATS                |            <Parameter docString="" id="141" isDefault="false" isUsed="true" name="growth wait after fail" type="int" value="2"/>
ATS                |            <Parameter docString="" id="142" isDefault="false" isUsed="true" name="count before increasing increase factor" type="int" value="2"/>
ATS                |            <Parameter docString="" id="143" isDefault="false" isUsed="true" name="initial timestep [s]" type="double" value="8.64000000000000000e+04"/>
ATS                |          </ParameterList>
ATS                |        </ParameterList>
ATS                |      </ParameterList>
ATS                |      <ParameterList id="162" name="flow">
ATS                |        <Parameter docString="" id="147" isDefault="false" isUsed="true" name="PK type" type="string" value="richards flow"/>
ATS                |        <Parameter docString="" id="148" isDefault="false" isUsed="true" name="primary variable key" type="string" value="pressure"/>
ATS                |        <Parameter docString="" id="149" isDefault="false" isUsed="true" name="source term" type="bool" value="true"/>
ATS                |        <Parameter docString="" id="150" isDefault="false" isUsed="true" name="source key" type="string" value="water_source"/>
ATS                |        <Parameter docString="" id="151" isDefault="false" isUsed="true" name="permeability rescaling" type="double" value="1.00000000000000000e+07"/>
ATS                |        <Parameter docString="" id="152" isDefault="false" isUsed="true" name="surface rel perm strategy" type="string" value="clobber"/>
ATS                |        <Parameter docString="" id="153" isDefault="false" isUsed="true" name="relative permeability method" type="string" value="upwind with Darcy flux"/>
ATS                |        <ParameterList id="155" name="diffusion">
ATS                |          <Parameter docString="" id="154" isDefault="false" isUsed="true" name="discretization primary" type="string" value="mfd: two-point flux approximation"/>
ATS                |        </ParameterList>
ATS                |        <ParameterList id="157" name="diffusion preconditioner">
ATS                |          <Parameter docString="" id="156" isDefault="false" isUsed="true" name="include Newton correction" type="bool" value="true"/>
ATS                |        </ParameterList>
ATS                |        <ParameterList id="158" name="boundary conditions"/>
ATS                |        <ParameterList id="160" name="initial conditions">
ATS                |          <Parameter docString="" id="159" isDefault="false" isUsed="true" name="restart file" type="string" value="../../01_integrated_flow/spinup/checkpoint_final-np1.h5"/>
ATS                |        </ParameterList>
ATS                |        <Parameter docString="" id="161" isDefault="false" isUsed="true" name="debug cells" type="Array(int)" value="{10}"/>
ATS                |      </ParameterList>
ATS                |      <ParameterList id="181" name="overland flow">
ATS                |        <Parameter docString="" id="163" isDefault="false" isUsed="true" name="PK type" type="string" value="overland flow, pressure basis"/>
ATS                |        <Parameter docString="" id="164" isDefault="false" isUsed="true" name="primary variable key" type="string" value="surface-pressure"/>
ATS                |        <Parameter docString="" id="165" isDefault="false" isUsed="true" name="domain name" type="string" value="surface"/>
ATS                |        <Parameter docString="" id="166" isDefault="false" isUsed="true" name="source term" type="bool" value="true"/>
ATS                |        <Parameter docString="" id="167" isDefault="false" isUsed="true" name="water source in meters" type="bool" value="true"/>
ATS                |        <ParameterList id="169" name="diffusion">
ATS                |          <Parameter docString="" id="168" isDefault="false" isUsed="true" name="discretization primary" type="string" value="fv: default"/>
ATS                |        </ParameterList>
ATS                |        <ParameterList id="171" name="diffusion preconditioner">
ATS                |          <Parameter docString="" id="170" isDefault="false" isUsed="true" name="include Newton correction" type="bool" value="true"/>
ATS                |        </ParameterList>
ATS                |        <ParameterList id="178" name="boundary conditions">
ATS                |          <ParameterList id="177" name="seepage face head">
ATS                |            <ParameterList id="176" name="surface">
ATS                |              <Parameter docString="" id="172" isDefault="false" isUsed="true" name="regions" type="Array(string)" value="{outlet}"/>
ATS                |              <ParameterList id="175" name="boundary head">
ATS                |                <ParameterList id="174" name="function-constant">
ATS                |                  <Parameter docString="" id="173" isDefault="false" isUsed="true" name="value" type="double" value="0.00000000000000000e+00"/>
ATS                |                </ParameterList>
ATS                |              </ParameterList>
ATS                |            </ParameterList>
ATS                |          </ParameterList>
ATS                |        </ParameterList>
ATS                |        <ParameterList id="180" name="initial conditions">
ATS                |          <Parameter docString="" id="179" isDefault="false" isUsed="true" name="restart file" type="string" value="../../01_integrated_flow/spinup/checkpoint_final-np1.h5"/>
ATS                |        </ParameterList>
ATS                |      </ParameterList>
ATS                |    </ParameterList>
ATS                |    <ParameterList id="444" name="state">
ATS                |      <ParameterList id="419" name="evaluators">
ATS                |        <ParameterList id="185" name="water_content">
ATS                |          <Parameter docString="" id="183" isDefault="false" isUsed="true" name="evaluator type" type="string" value="richards water content"/>
ATS                |          <Parameter docString="" id="184" isDefault="false" isUsed="true" name="units" type="string" value="mol"/>
ATS                |        </ParameterList>
ATS                |        <ParameterList id="188" name="surface-ponded_depth">
ATS                |          <Parameter docString="" id="186" isDefault="false" isUsed="true" name="evaluator type" type="string" value="ponded depth"/>
ATS                |          <Parameter docString="" id="187" isDefault="false" isUsed="true" name="units" type="string" value="m"/>
ATS                |        </ParameterList>
ATS                |        <ParameterList id="191" name="surface-water_content">
ATS                |          <Parameter docString="" id="189" isDefault="false" isUsed="true" name="evaluator type" type="string" value="overland pressure water content"/>
ATS                |          <Parameter docString="" id="190" isDefault="false" isUsed="true" name="units" type="string" value="mol"/>
ATS                |        </ParameterList>
ATS                |        <ParameterList id="194" name="capillary_pressure_gas_liq">
ATS                |          <Parameter docString="" id="192" isDefault="false" isUsed="true" name="evaluator type" type="string" value="capillary pressure, atmospheric gas over liquid"/>
ATS                |          <Parameter docString="" id="193" isDefault="false" isUsed="true" name="units" type="string" value="Pa"/>
ATS                |        </ParameterList>
ATS                |        <ParameterList id="198" name="snow-water_content">
ATS                |          <Parameter docString="" id="195" isDefault="false" isUsed="true" name="evaluator type" type="string" value="multiplicative evaluator"/>
ATS                |          <Parameter docString="" id="196" isDefault="false" isUsed="true" name="dependencies" type="Array(string)" value="{snow-cell_volume, snow-water_equivalent, surface-molar_density_liquid}"/>
ATS                |          <Parameter docString="" id="197" isDefault="false" isUsed="true" name="units" type="string" value="mol"/>
ATS                |        </ParameterList>
ATS                |        <ParameterList id="202" name="snow-source">
ATS                |          <Parameter docString="" id="199" isDefault="false" isUsed="true" name="evaluator type" type="string" value="multiplicative evaluator"/>
ATS                |          <Parameter docString="" id="200" isDefault="false" isUsed="true" name="dependencies" type="Array(string)" value="{snow-source_mps, surface-molar_density_liquid}"/>
ATS                |          <Parameter docString="" id="201" isDefault="false" isUsed="true" name="units" type="string" value="mol m^-2 s^-1"/>
ATS                |        </ParameterList>
ATS                |        <ParameterList id="207" name="snow-source_mps">
ATS                |          <Parameter docString="" id="203" isDefault="false" isUsed="true" name="evaluator type" type="string" value="additive evaluator"/>
ATS                |          <Parameter docString="" id="204" isDefault="false" isUsed="true" name="dependencies" type="Array(string)" value="{snow-precipitation, snow-melt}"/>
ATS                |          <Parameter docString="" id="205" isDefault="false" isUsed="true" name="snow-melt coefficient" type="double" value="-1.00000000000000000e+00"/>
ATS                |          <Parameter docString="" id="206" isDefault="false" isUsed="true" name="units" type="string" value="m s^-1"/>
ATS                |        </ParameterList>
ATS                |        <ParameterList id="211" name="snow-melt">
ATS                |          <Parameter docString="" id="208" isDefault="false" isUsed="true" name="evaluator type" type="string" value="snow melt rate"/>
ATS                |          <Parameter docString="" id="209" isDefault="false" isUsed="true" name="snow melt rate [mm day^-1 C^-1]" type="double" value="2.74000000000000021e+00"/>
ATS                |          <Parameter docString="" id="210" isDefault="false" isUsed="true" name="units" type="string" value="m s^-1"/>
ATS                |        </ParameterList>
ATS                |        <ParameterList id="224" name="snow-precipitation">
ATS                |          <Parameter docString="" id="212" isDefault="false" isUsed="true" name="evaluator type" type="string" value="independent variable"/>
ATS                |          <Parameter docString="" id="213" isDefault="false" isUsed="true" name="units" type="string" value="m s^-1"/>
ATS                |          <ParameterList id="223" name="function">
ATS                |            <ParameterList id="222" name="domain">
ATS                |              <Parameter docString="" id="214" isDefault="false" isUsed="true" name="region" type="string" value="surface domain"/>
ATS                |              <Parameter docString="" id="215" isDefault="false" isUsed="true" name="component" type="string" value="cell"/>
ATS                |              <ParameterList id="221" name="function">
ATS                |                <ParameterList id="220" name="function-tabular">
ATS                |                  <Parameter docString="" id="216" isDefault="false" isUsed="true" name="file" type="string" value="../data/daymet.h5"/>
ATS                |                  <Parameter docString="" id="217" isDefault="false" isUsed="true" name="x header" type="string" value="time [s]"/>
ATS                |                  <Parameter docString="" id="218" isDefault="false" isUsed="true" name="y header" type="string" value="precipitation snow [m SWE s^-1]"/>
ATS                |                  <Parameter docString="" id="219" isDefault="false" isUsed="true" name="forms" type="string" value="constant"/>
ATS                |                </ParameterList>
ATS                |              </ParameterList>
ATS                |            </ParameterList>
ATS                |          </ParameterList>
ATS                |        </ParameterList>
ATS                |        <ParameterList id="228" name="surface-water_source">
ATS                |          <Parameter docString="" id="225" isDefault="false" isUsed="true" name="evaluator type" type="string" value="additive evaluator"/>
ATS                |          <Parameter docString="" id="226" isDefault="false" isUsed="true" name="dependencies" type="Array(string)" value="{snow-melt, surface-precipitation_rain}"/>
ATS                |          <Parameter docString="" id="227" isDefault="false" isUsed="true" name="units" type="string" value="m s^-1"/>
ATS                |        </ParameterList>
ATS                |        <ParameterList id="241" name="surface-precipitation_rain">
ATS                |          <Parameter docString="" id="229" isDefault="false" isUsed="true" name="evaluator type" type="string" value="independent variable"/>
ATS                |          <Parameter docString="" id="230" isDefault="false" isUsed="true" name="units" type="string" value="m s^-1"/>
ATS                |          <ParameterList id="240" name="function">
ATS                |            <ParameterList id="239" name="domain">
ATS                |              <Parameter docString="" id="231" isDefault="false" isUsed="true" name="region" type="string" value="surface domain"/>
ATS                |              <Parameter docString="" id="232" isDefault="false" isUsed="true" name="component" type="string" value="cell"/>
ATS                |              <ParameterList id="238" name="function">
ATS                |                <ParameterList id="237" name="function-tabular">
ATS                |                  <Parameter docString="" id="233" isDefault="false" isUsed="true" name="file" type="string" value="../data/daymet.h5"/>
ATS                |                  <Parameter docString="" id="234" isDefault="false" isUsed="true" name="x header" type="string" value="time [s]"/>
ATS                |                  <Parameter docString="" id="235" isDefault="false" isUsed="true" name="y header" type="string" value="precipitation rain [m s^-1]"/>
ATS                |                  <Parameter docString="" id="236" isDefault="false" isUsed="true" name="forms" type="string" value="constant"/>
ATS                |                </ParameterList>
ATS                |              </ParameterList>
ATS                |            </ParameterList>
ATS                |          </ParameterList>
ATS                |        </ParameterList>
ATS                |        <ParameterList id="246" name="surface-total_evapotranspiration">
ATS                |          <Parameter docString="" id="242" isDefault="false" isUsed="true" name="evaluator type" type="string" value="column sum evaluator"/>
ATS                |          <Parameter docString="" id="243" isDefault="false" isUsed="true" name="summed key" type="string" value="transpiration"/>
ATS                |          <Parameter docString="" id="244" isDefault="false" isUsed="true" name="divide by density" type="bool" value="true"/>
ATS                |          <Parameter docString="" id="245" isDefault="false" isUsed="true" name="units" type="string" value="m s^-1"/>
ATS                |        </ParameterList>
ATS                |        <ParameterList id="250" name="transpiration">
ATS                |          <Parameter docString="" id="247" isDefault="false" isUsed="true" name="evaluator type" type="string" value="transpiration distribution, rooting depth"/>
ATS                |          <Parameter docString="" id="248" isDefault="false" isUsed="true" name="potential transpiration key" type="string" value="surface-potential_evapotranspiration"/>
ATS                |          <Parameter docString="" id="249" isDefault="false" isUsed="true" name="units" type="string" value="mol m^-3 s^-1"/>
ATS                |        </ParameterList>
ATS                |        <ParameterList id="253" name="plant_wilting_factor">
ATS                |          <Parameter docString="" id="251" isDefault="false" isUsed="true" name="evaluator type" type="string" value="plant wilting factor"/>
ATS                |          <Parameter docString="" id="252" isDefault="false" isUsed="true" name="units" type="string" value="-"/>
ATS                |        </ParameterList>
ATS                |        <ParameterList id="256" name="root_fraction">
ATS                |          <Parameter docString="" id="254" isDefault="false" isUsed="true" name="evaluator type" type="string" value="root fraction"/>
ATS                |          <Parameter docString="" id="255" isDefault="false" isUsed="true" name="units" type="string" value="-"/>
ATS                |        </ParameterList>
ATS                |        <ParameterList id="260" name="depth">
ATS                |          <Parameter docString="" id="257" isDefault="false" isUsed="true" name="constant in time" type="bool" value="true"/>
ATS                |          <Parameter docString="" id="258" isDefault="false" isUsed="true" name="evaluator type" type="string" value="depth"/>
ATS                |          <Parameter docString="" id="259" isDefault="false" isUsed="true" name="units" type="string" value="m"/>
ATS                |        </ParameterList>
ATS                |        <ParameterList id="265" name="water_source">
ATS                |          <Parameter docString="" id="261" isDefault="false" isUsed="true" name="evaluator type" type="string" value="additive evaluator"/>
ATS                |          <Parameter docString="" id="262" isDefault="false" isUsed="true" name="dependencies" type="Array(string)" value="{transpiration}"/>
ATS                |          <Parameter docString="" id="263" isDefault="false" isUsed="true" name="transpiration coefficient" type="double" value="-1.00000000000000000e+00"/>
ATS                |          <Parameter docString="" id="264" isDefault="false" isUsed="true" name="units" type="string" value="mol m^-3 s^-1"/>
ATS                |        </ParameterList>
ATS                |        <ParameterList id="269" name="surface-potential_evapotranspiration">
ATS                |          <Parameter docString="" id="266" isDefault="false" isUsed="true" name="evaluator type" type="string" value="multiplicative evaluator"/>
ATS                |          <Parameter docString="" id="267" isDefault="false" isUsed="true" name="dependencies" type="Array(string)" value="{surface-potential_evapotranspiration_mps, surface-molar_density_liquid}"/>
ATS                |          <Parameter docString="" id="268" isDefault="false" isUsed="true" name="units" type="string" value="mol m^-2 s^-1"/>
ATS                |        </ParameterList>
ATS                |        <ParameterList id="276" name="surface-potential_evapotranspiration_mps">
ATS                |          <Parameter docString="" id="270" isDefault="false" isUsed="true" name="evaluator type" type="string" value="potential evapotranspiration, Priestley-Taylor"/>
ATS                |          <Parameter docString="" id="271" isDefault="false" isUsed="true" name="evaporation type" type="string" value="transpiration"/>
ATS                |          <Parameter docString="" id="272" isDefault="false" isUsed="true" name="air temperature key" type="string" value="surface-air_temperature"/>
ATS                |          <Parameter docString="" id="273" isDefault="false" isUsed="true" name="surface temperature key" type="string" value="surface-temperature"/>
ATS                |          <Parameter docString="" id="274" isDefault="false" isUsed="true" name="net radiation key suffix" type="string" value="shortwave_radiation"/>
ATS                |          <Parameter docString="" id="275" isDefault="false" isUsed="true" name="units" type="string" value="m s^-1"/>
ATS                |        </ParameterList>
ATS                |        <ParameterList id="288" name="surface-air_temperature">
ATS                |          <Parameter docString="" id="277" isDefault="false" isUsed="true" name="evaluator type" type="string" value="independent variable"/>
ATS                |          <Parameter docString="" id="278" isDefault="false" isUsed="true" name="units" type="string" value="K"/>
ATS                |          <ParameterList id="287" name="function">
ATS                |            <ParameterList id="286" name="domain">
ATS                |              <Parameter docString="" id="279" isDefault="false" isUsed="true" name="region" type="string" value="surface domain"/>
ATS                |              <Parameter docString="" id="280" isDefault="false" isUsed="true" name="component" type="string" value="cell"/>
ATS                |              <ParameterList id="285" name="function">
ATS                |                <ParameterList id="284" name="function-tabular">
ATS                |                  <Parameter docString="" id="281" isDefault="false" isUsed="true" name="file" type="string" value="../data/daymet.h5"/>
ATS                |                  <Parameter docString="" id="282" isDefault="false" isUsed="true" name="x header" type="string" value="time [s]"/>
ATS                |                  <Parameter docString="" id="283" isDefault="false" isUsed="true" name="y header" type="string" value="air temperature [K]"/>
ATS                |                </ParameterList>
ATS                |              </ParameterList>
ATS                |            </ParameterList>
ATS                |          </ParameterList>
ATS                |        </ParameterList>
ATS                |        <ParameterList id="307" name="surface-temperature">
ATS                |          <Parameter docString="" id="289" isDefault="false" isUsed="true" name="evaluator type" type="string" value="independent variable"/>
ATS                |          <Parameter docString="" id="290" isDefault="false" isUsed="true" name="units" type="string" value="K"/>
ATS                |          <ParameterList id="306" name="function">
ATS                |            <ParameterList id="305" name="domain">
ATS                |              <Parameter docString="" id="291" isDefault="false" isUsed="true" name="region" type="string" value="surface domain"/>
ATS                |              <Parameter docString="" id="292" isDefault="false" isUsed="true" name="component" type="string" value="cell"/>
ATS                |              <ParameterList id="304" name="function">
ATS                |                <ParameterList id="303" name="function-composition">
ATS                |                  <ParameterList id="297" name="function2">
ATS                |                    <ParameterList id="296" name="function-linear">
ATS                |                      <Parameter docString="" id="293" isDefault="false" isUsed="true" name="x0" type="Array(double)" value="{8.64000000000000000e+04, 0.00000000000000000e+00, 0.00000000000000000e+00}"/>
ATS                |                      <Parameter docString="" id="294" isDefault="false" isUsed="true" name="y0" type="double" value="0.00000000000000000e+00"/>
ATS                |                      <Parameter docString="" id="295" isDefault="false" isUsed="true" name="gradient" type="Array(double)" value="{1.00000000000000000e+00, 0.00000000000000000e+00, 0.00000000000000000e+00}"/>
ATS                |                    </ParameterList>
ATS                |                  </ParameterList>
ATS                |                  <ParameterList id="302" name="function1">
ATS                |                    <ParameterList id="301" name="function-tabular">
ATS                |                      <Parameter docString="" id="298" isDefault="false" isUsed="true" name="file" type="string" value="../data/daymet.h5"/>
ATS                |                      <Parameter docString="" id="299" isDefault="false" isUsed="true" name="x header" type="string" value="time [s]"/>
ATS                |                      <Parameter docString="" id="300" isDefault="false" isUsed="true" name="y header" type="string" value="air temperature [K]"/>
ATS                |                    </ParameterList>
ATS                |                  </ParameterList>
ATS                |                </ParameterList>
ATS                |              </ParameterList>
ATS                |            </ParameterList>
ATS                |          </ParameterList>
ATS                |        </ParameterList>
ATS                |        <ParameterList id="319" name="surface-vapor_pressure_air">
ATS                |          <Parameter docString="" id="308" isDefault="false" isUsed="true" name="evaluator type" type="string" value="independent variable"/>
ATS                |          <Parameter docString="" id="309" isDefault="false" isUsed="true" name="units" type="string" value="-"/>
ATS                |          <ParameterList id="318" name="function">
ATS                |            <ParameterList id="317" name="domain">
ATS                |              <Parameter docString="" id="310" isDefault="false" isUsed="true" name="region" type="string" value="surface domain"/>
ATS                |              <Parameter docString="" id="311" isDefault="false" isUsed="true" name="component" type="string" value="cell"/>
ATS                |              <ParameterList id="316" name="function">
ATS                |                <ParameterList id="315" name="function-tabular">
ATS                |                  <Parameter docString="" id="312" isDefault="false" isUsed="true" name="file" type="string" value="../data/daymet.h5"/>
ATS                |                  <Parameter docString="" id="313" isDefault="false" isUsed="true" name="x header" type="string" value="time [s]"/>
ATS                |                  <Parameter docString="" id="314" isDefault="false" isUsed="true" name="y header" type="string" value="vapor pressure air [Pa]"/>
ATS                |                </ParameterList>
ATS                |              </ParameterList>
ATS                |            </ParameterList>
ATS                |          </ParameterList>
ATS                |        </ParameterList>
ATS                |        <ParameterList id="331" name="surface-shortwave_radiation">
ATS                |          <Parameter docString="" id="320" isDefault="false" isUsed="true" name="evaluator type" type="string" value="independent variable"/>
ATS                |          <Parameter docString="" id="321" isDefault="false" isUsed="true" name="units" type="string" value="W m^-2"/>
ATS                |          <ParameterList id="330" name="function">
ATS                |            <ParameterList id="329" name="domain">
ATS                |              <Parameter docString="" id="322" isDefault="false" isUsed="true" name="region" type="string" value="surface domain"/>
ATS                |              <Parameter docString="" id="323" isDefault="false" isUsed="true" name="component" type="string" value="cell"/>
ATS                |              <ParameterList id="328" name="function">
ATS                |                <ParameterList id="327" name="function-tabular">
ATS                |                  <Parameter docString="" id="324" isDefault="false" isUsed="true" name="file" type="string" value="../data/daymet.h5"/>
ATS                |                  <Parameter docString="" id="325" isDefault="false" isUsed="true" name="x header" type="string" value="time [s]"/>
ATS                |                  <Parameter docString="" id="326" isDefault="false" isUsed="true" name="y header" type="string" value="incoming shortwave radiation [W m^-2]"/>
ATS                |                </ParameterList>
ATS                |              </ParameterList>
ATS                |            </ParameterList>
ATS                |          </ParameterList>
ATS                |        </ParameterList>
ATS                |        <ParameterList id="335" name="surface-manning_coefficient">
ATS                |          <Parameter docString="" id="332" isDefault="false" isUsed="true" name="evaluator type" type="string" value="independent variable constant"/>
ATS                |          <Parameter docString="" id="333" isDefault="false" isUsed="true" name="value" type="double" value="1.00000000000000000e+00"/>
ATS                |          <Parameter docString="" id="334" isDefault="false" isUsed="true" name="units" type="string" value="-"/>
ATS                |        </ParameterList>
ATS                |        <ParameterList id="339" name="base_porosity">
ATS                |          <Parameter docString="" id="336" isDefault="false" isUsed="true" name="evaluator type" type="string" value="independent variable constant"/>
ATS                |          <Parameter docString="" id="337" isDefault="false" isUsed="true" name="value" type="double" value="4.00000000000000022e-01"/>
ATS                |          <Parameter docString="" id="338" isDefault="false" isUsed="true" name="units" type="string" value="-"/>
ATS                |        </ParameterList>
ATS                |        <ParameterList id="346" name="porosity">
ATS                |          <Parameter docString="" id="340" isDefault="false" isUsed="true" name="evaluator type" type="string" value="compressible porosity"/>
ATS                |          <Parameter docString="" id="341" isDefault="false" isUsed="true" name="units" type="string" value="-"/>
ATS                |          <ParameterList id="345" name="compressible porosity model parameters">
ATS                |            <ParameterList id="344" name="computational domain">
ATS                |              <Parameter docString="" id="342" isDefault="false" isUsed="true" name="region" type="string" value="computational domain"/>
ATS                |              <Parameter docString="" id="343" isDefault="false" isUsed="true" name="pore compressibility [Pa^-1]" type="double" value="1.00000000000000002e-08"/>
ATS                |            </ParameterList>
ATS                |          </ParameterList>
ATS                |        </ParameterList>
ATS                |        <ParameterList id="358" name="permeability">
ATS                |          <Parameter docString="" id="347" isDefault="false" isUsed="true" name="evaluator type" type="string" value="independent variable tensor"/>
ATS                |          <Parameter docString="" id="348" isDefault="false" isUsed="true" name="value" type="double" value="9.99999999999999980e-13"/>
ATS                |          <Parameter docString="" id="349" isDefault="false" isUsed="true" name="units" type="string" value="m^2"/>
ATS                |          <ParameterList id="356" name="function">
ATS                |            <ParameterList id="355" name="domain">
ATS                |              <Parameter docString="" id="350" isDefault="false" isUsed="true" name="region" type="string" value="computational domain"/>
ATS                |              <Parameter docString="" id="351" isDefault="false" isUsed="true" name="component" type="string" value="cell"/>
ATS                |              <ParameterList id="354" name="function">
ATS                |                <ParameterList id="353" name="function-constant">
ATS                |                  <Parameter docString="" id="352" isDefault="false" isUsed="true" name="value" type="double" value="9.99999999999999980e-13"/>
ATS                |                </ParameterList>
ATS                |              </ParameterList>
ATS                |            </ParameterList>
ATS                |          </ParameterList>
ATS                |          <Parameter docString="" id="357" isDefault="false" isUsed="true" name="tensor type" type="string" value="scalar"/>
ATS                |        </ParameterList>
ATS                |        <ParameterList id="362" name="surface-relative_permeability">
ATS                |          <Parameter docString="" id="359" isDefault="false" isUsed="true" name="evaluator type" type="string" value="independent variable constant"/>
ATS                |          <Parameter docString="" id="360" isDefault="false" isUsed="true" name="value" type="double" value="1.00000000000000000e+00"/>
ATS                |          <Parameter docString="" id="361" isDefault="false" isUsed="true" name="units" type="string" value="-"/>
ATS                |        </ParameterList>
ATS                |        <ParameterList id="365" name="mass_density_liquid">
ATS                |          <Parameter docString="" id="363" isDefault="false" isUsed="true" name="evaluator type" type="string" value="independent variable constant"/>
ATS                |          <Parameter docString="" id="364" isDefault="false" isUsed="true" name="value" type="double" value="1.00000000000000000e+03"/>
ATS                |        </ParameterList>
ATS                |        <ParameterList id="368" name="molar_density_liquid">
ATS                |          <Parameter docString="" id="366" isDefault="false" isUsed="true" name="evaluator type" type="string" value="independent variable constant"/>
ATS                |          <Parameter docString="" id="367" isDefault="false" isUsed="true" name="value" type="double" value="5.50000000000000000e+04"/>
ATS                |        </ParameterList>
ATS                |        <ParameterList id="371" name="viscosity_liquid">
ATS                |          <Parameter docString="" id="369" isDefault="false" isUsed="true" name="evaluator type" type="string" value="independent variable constant"/>
ATS                |          <Parameter docString="" id="370" isDefault="false" isUsed="true" name="value" type="double" value="8.89999999999999949e-04"/>
ATS                |        </ParameterList>
ATS                |        <ParameterList id="374" name="surface-molar_density_liquid">
ATS                |          <Parameter docString="" id="372" isDefault="false" isUsed="true" name="evaluator type" type="string" value="independent variable constant"/>
ATS                |          <Parameter docString="" id="373" isDefault="false" isUsed="true" name="value" type="double" value="5.50000000000000000e+04"/>
ATS                |        </ParameterList>
ATS                |        <ParameterList id="377" name="surface-mass_density_liquid">
ATS                |          <Parameter docString="" id="375" isDefault="false" isUsed="true" name="evaluator type" type="string" value="independent variable constant"/>
ATS                |          <Parameter docString="" id="376" isDefault="false" isUsed="true" name="value" type="double" value="1.00000000000000000e+03"/>
ATS                |        </ParameterList>
ATS                |        <ParameterList id="380" name="surface-source_molar_density">
ATS                |          <Parameter docString="" id="378" isDefault="false" isUsed="true" name="evaluator type" type="string" value="independent variable constant"/>
ATS                |          <Parameter docString="" id="379" isDefault="false" isUsed="true" name="value" type="double" value="5.50000000000000000e+04"/>
ATS                |        </ParameterList>
ATS                |        <ParameterList id="386" name="surface-overland_conductivity">
ATS                |          <Parameter docString="" id="381" isDefault="false" isUsed="true" name="evaluator type" type="string" value="overland conductivity"/>
ATS                |          <ParameterList id="385" name="overland conductivity model">
ATS                |            <Parameter docString="" id="382" isDefault="false" isUsed="true" name="overland conductivity type " type="string" value="manning"/>
ATS                |            <Parameter docString="" id="383" isDefault="false" isUsed="true" name="Manning exponent" type="double" value="6.66666670000000017e-01"/>
ATS                |            <Parameter docString="" id="384" isDefault="false" isUsed="true" name="slope regularization epsilon" type="double" value="1.00000000000000002e-02"/>
ATS                |          </ParameterList>
ATS                |        </ParameterList>
ATS                |        <ParameterList id="390" name="snow-expected_temperature">
ATS                |          <Parameter docString="" id="387" isDefault="false" isUsed="true" name="evaluator type" type="string" value="additive evaluator"/>
ATS                |          <Parameter docString="" id="388" isDefault="false" isUsed="true" name="dependencies" type="Array(string)" value="{surface-air_temperature}"/>
ATS                |          <Parameter docString="" id="389" isDefault="false" isUsed="true" name="constant shift" type="double" value="-3.00000000000000000e+00"/>
ATS                |        </ParameterList>
ATS                |        <ParameterList id="403" name="snow-temperature">
ATS                |          <Parameter docString="" id="391" isDefault="false" isUsed="true" name="evaluator type" type="string" value="secondary variable from function"/>
ATS                |          <Parameter docString="" id="392" isDefault="false" isUsed="true" name="dependencies" type="Array(string)" value="{snow-expected_temperature}"/>
ATS                |          <ParameterList id="402" name="function">
ATS                |            <Parameter docString="" id="393" isDefault="false" isUsed="true" name="function type" type="string" value="composition"/>
ATS                |            <ParameterList id="397" name="function1">
ATS                |              <Parameter docString="" id="394" isDefault="false" isUsed="true" name="function type" type="string" value="linear"/>
ATS                |              <Parameter docString="" id="395" isDefault="false" isUsed="true" name="gradient" type="Array(double)" value="{1.00000000000000000e+00}"/>
ATS                |              <Parameter docString="" id="396" isDefault="false" isUsed="true" name="y0" type="double" value="2.73149999999999977e+02"/>
ATS                |            </ParameterList>
ATS                |            <ParameterList id="401" name="function2">
ATS                |              <Parameter docString="" id="398" isDefault="false" isUsed="true" name="function type" type="string" value="standard math"/>
ATS                |              <Parameter docString="" id="399" isDefault="false" isUsed="true" name="operator" type="string" value="negative"/>
ATS                |              <Parameter docString="" id="400" isDefault="false" isUsed="true" name="shift" type="double" value="2.73149999999999977e+02"/>
ATS                |            </ParameterList>
ATS                |          </ParameterList>
ATS                |        </ParameterList>
ATS                |        <ParameterList id="407" name="canopy-temperature">
ATS                |          <Parameter docString="" id="404" isDefault="false" isUsed="true" name="evaluator type" type="string" value="additive evaluator"/>
ATS                |          <Parameter docString="" id="405" isDefault="false" isUsed="true" name="dependencies" type="Array(string)" value="{surface-air_temperature}"/>
ATS                |          <Parameter docString="" id="406" isDefault="false" isUsed="true" name="constant shift" type="double" value="-1.50000000000000000e+00"/>
ATS                |        </ParameterList>
ATS                |        <ParameterList id="412" name="relative_permeability">
ATS                |          <Parameter docString="" id="408" isDefault="false" isUsed="true" name="evaluator type" type="string" value="relative permeability, water retention model"/>
ATS                |          <Parameter docString="" id="409" isDefault="false" isUsed="true" name="model parameters" type="string" value="WRM parameters"/>
ATS                |          <Parameter docString="" id="410" isDefault="false" isUsed="true" name="minimum rel perm cutoff" type="double" value="0.00000000000000000e+00"/>
ATS                |          <Parameter docString="" id="411" isDefault="false" isUsed="true" name="use surface rel perm" type="bool" value="true"/>
ATS                |        </ParameterList>
ATS                |        <ParameterList id="415" name="saturation_liquid">
ATS                |          <Parameter docString="" id="413" isDefault="false" isUsed="true" name="model parameters" type="string" value="WRM parameters"/>
ATS                |          <Parameter docString="" id="414" isDefault="false" isUsed="true" name="evaluator type" type="string" value="water retention model"/>
ATS                |        </ParameterList>
ATS                |        <ParameterList id="418" name="saturation_gas">
ATS                |          <Parameter docString="" id="416" isDefault="false" isUsed="true" name="model parameters" type="string" value="WRM parameters"/>
ATS                |          <Parameter docString="" id="417" isDefault="false" isUsed="true" name="evaluator type" type="string" value="water retention model"/>
ATS                |        </ParameterList>
ATS                |      </ParameterList>
ATS                |      <ParameterList id="424" name="initial conditions">
ATS                |        <ParameterList id="421" name="atmospheric_pressure">
ATS                |          <Parameter docString="" id="420" isDefault="false" isUsed="true" name="value" type="double" value="1.01325000000000000e+05"/>
ATS                |        </ParameterList>
ATS                |        <ParameterList id="423" name="gravity">
ATS                |          <Parameter docString="" id="422" isDefault="false" isUsed="true" name="value" type="Array(double)" value="{0.00000000000000000e+00, 0.00000000000000000e+00, -9.80664999999999942e+00}"/>
ATS                |        </ParameterList>
ATS                |      </ParameterList>
ATS                |      <ParameterList id="443" name="model parameters">
ATS                |        <ParameterList id="431" name="WRM parameters">
ATS                |          <ParameterList id="430" name="computation domain">
ATS                |            <Parameter docString="" id="425" isDefault="false" isUsed="true" name="region" type="string" value="computational domain"/>
ATS                |            <Parameter docString="" id="426" isDefault="false" isUsed="true" name="wrm type" type="string" value="van Genuchten"/>
ATS                |            <Parameter docString="" id="427" isDefault="false" isUsed="true" name="van Genuchten alpha [Pa^-1]" type="double" value="1.00000000000000005e-04"/>
ATS                |            <Parameter docString="" id="428" isDefault="false" isUsed="true" name="van Genuchten n [-]" type="double" value="3.00000000000000000e+00"/>
ATS                |            <Parameter docString="" id="429" isDefault="false" isUsed="true" name="residual saturation [-]" type="double" value="1.00000000000000006e-01"/>
ATS                |          </ParameterList>
ATS                |        </ParameterList>
ATS                |        <ParameterList id="442" name="land cover types">
ATS                |          <ParameterList id="441" name="surface domain">
ATS                |            <Parameter docString="" id="432" isDefault="false" isUsed="true" name="snow transition depth [m]" type="double" value="2.00000000000000004e-02"/>
ATS                |            <Parameter docString="" id="433" isDefault="false" isUsed="true" name="leaf on time [doy]" type="double" value="1.01000000000000000e+02"/>
ATS                |            <Parameter docString="" id="434" isDefault="false" isUsed="true" name="leaf off time [doy]" type="double" value="2.54000000000000000e+02"/>
ATS                |            <Parameter docString="" id="435" isDefault="false" isUsed="true" name="rooting depth max [m]" type="double" value="2.00000000000000000e+00"/>
ATS                |            <Parameter docString="" id="436" isDefault="false" isUsed="true" name="rooting profile alpha [-]" type="double" value="7.00000000000000000e+00"/>
ATS                |            <Parameter docString="" id="437" isDefault="false" isUsed="true" name="rooting profile beta [-]" type="double" value="1.75000000000000000e+00"/>
ATS                |            <Parameter docString="" id="438" isDefault="false" isUsed="true" name="capillary pressure at fully closed stomata [Pa]" type="double" value="5.50000000000000000e+04"/>
ATS                |            <Parameter docString="" id="439" isDefault="false" isUsed="true" name="capillary pressure at fully open stomata [Pa]" type="double" value="3.50000000000000000e+03"/>
ATS                |            <Parameter docString="" id="440" isDefault="false" isUsed="true" name="Priestley-Taylor alpha of transpiration [-]" type="double" value="1.26000000000000001e+00"/>
ATS                |          </ParameterList>
ATS                |        </ParameterList>
ATS                |      </ParameterList>
ATS                |    </ParameterList>
ATS                |    <ParameterList id="453" name="visualization">
ATS                |      <ParameterList id="448" name="domain">
ATS                |        <Parameter docString="" id="445" isDefault="false" isUsed="true" name="times start period stop" type="Array(double)" value="{0.00000000000000000e+00, 1.00000000000000000e+00, -1.00000000000000000e+00}"/>
ATS                |        <Parameter docString="" id="446" isDefault="false" isUsed="true" name="times start period stop units" type="string" value="d"/>
ATS                |        <Parameter docString="" id="447" isDefault="false" isUsed="true" name="time units" type="string" value="d"/>
ATS                |      </ParameterList>
ATS                |      <ParameterList id="452" name="surface">
ATS                |        <Parameter docString="" id="449" isDefault="false" isUsed="true" name="times start period stop" type="Array(double)" value="{0.00000000000000000e+00, 1.00000000000000000e+00, -1.00000000000000000e+00}"/>
ATS                |        <Parameter docString="" id="450" isDefault="false" isUsed="true" name="times start period stop units" type="string" value="d"/>
ATS                |        <Parameter docString="" id="451" isDefault="false" isUsed="true" name="time units" type="string" value="d"/>
ATS                |      </ParameterList>
ATS                |    </ParameterList>
ATS                |    <ParameterList id="457" name="checkpoint">
ATS                |      <Parameter docString="" id="454" isDefault="false" isUsed="true" name="times start period stop" type="Array(double)" value="{0.00000000000000000e+00, 1.00000000000000000e+01, -1.00000000000000000e+00}"/>
ATS                |      <Parameter docString="" id="455" isDefault="false" isUsed="true" name="times start period stop units" type="string" value="d"/>
ATS                |      <Parameter docString="" id="456" isDefault="false" isUsed="true" name="time units" type="string" value="d"/>
ATS                |    </ParameterList>
ATS                |    <ParameterList id="511" name="observations">
ATS                |      <ParameterList id="510" name="fluxes">
ATS                |        <Parameter docString="" id="458" isDefault="false" isUsed="true" name="observation output filename" type="string" value="water_balance.dat"/>
ATS                |        <Parameter docString="" id="459" isDefault="false" isUsed="true" name="write interval" type="int" value="10"/>
ATS                |        <Parameter docString="" id="460" isDefault="false" isUsed="true" name="time units" type="string" value="d"/>
ATS                |        <Parameter docString="" id="461" isDefault="false" isUsed="true" name="times start period stop" type="Array(double)" value="{0.00000000000000000e+00, 1.00000000000000000e+00, -1.00000000000000000e+00}"/>
ATS                |        <Parameter docString="" id="462" isDefault="false" isUsed="true" name="times start period stop units" type="string" value="d"/>
ATS                |        <ParameterList id="509" name="observed quantities">
ATS                |          <ParameterList id="469" name="runoff generation [mol d^-1]">
ATS                |            <Parameter docString="" id="463" isDefault="false" isUsed="true" name="variable" type="string" value="surface-water_flux"/>
ATS                |            <Parameter docString="" id="464" isDefault="false" isUsed="true" name="direction normalized flux" type="bool" value="true"/>
ATS                |            <Parameter docString="" id="465" isDefault="false" isUsed="true" name="region" type="string" value="outlet"/>
ATS                |            <Parameter docString="" id="466" isDefault="false" isUsed="true" name="functional" type="string" value="extensive integral"/>
ATS                |            <Parameter docString="" id="467" isDefault="false" isUsed="true" name="location name" type="string" value="face"/>
ATS                |            <Parameter docString="" id="468" isDefault="false" isUsed="true" name="time integrated" type="bool" value="true"/>
ATS                |          </ParameterList>
ATS                |          <ParameterList id="475" name="evapotranspiration [m d^-1]">
ATS                |            <Parameter docString="" id="470" isDefault="false" isUsed="true" name="variable" type="string" value="surface-total_evapotranspiration"/>
ATS                |            <Parameter docString="" id="471" isDefault="false" isUsed="true" name="region" type="string" value="surface domain"/>
ATS                |            <Parameter docString="" id="472" isDefault="false" isUsed="true" name="functional" type="string" value="average"/>
ATS                |            <Parameter docString="" id="473" isDefault="false" isUsed="true" name="location name" type="string" value="cell"/>
ATS                |            <Parameter docString="" id="474" isDefault="false" isUsed="true" name="time integrated" type="bool" value="true"/>
ATS                |          </ParameterList>
ATS                |          <ParameterList id="481" name="snow precipitation [m d^-1]">
ATS                |            <Parameter docString="" id="476" isDefault="false" isUsed="true" name="variable" type="string" value="snow-precipitation"/>
ATS                |            <Parameter docString="" id="477" isDefault="false" isUsed="true" name="region" type="string" value="surface domain"/>
ATS                |            <Parameter docString="" id="478" isDefault="false" isUsed="true" name="functional" type="string" value="average"/>
ATS                |            <Parameter docString="" id="479" isDefault="false" isUsed="true" name="location name" type="string" value="cell"/>
ATS                |            <Parameter docString="" id="480" isDefault="false" isUsed="true" name="time integrated" type="bool" value="true"/>
ATS                |          </ParameterList>
ATS                |          <ParameterList id="487" name="snow melt [m d^-1]">
ATS                |            <Parameter docString="" id="482" isDefault="false" isUsed="true" name="variable" type="string" value="snow-melt"/>
ATS                |            <Parameter docString="" id="483" isDefault="false" isUsed="true" name="region" type="string" value="surface domain"/>
ATS                |            <Parameter docString="" id="484" isDefault="false" isUsed="true" name="functional" type="string" value="average"/>
ATS                |            <Parameter docString="" id="485" isDefault="false" isUsed="true" name="location name" type="string" value="cell"/>
ATS                |            <Parameter docString="" id="486" isDefault="false" isUsed="true" name="time integrated" type="bool" value="true"/>
ATS                |          </ParameterList>
ATS                |          <ParameterList id="493" name="rain precipitation [m d^-1]">
ATS                |            <Parameter docString="" id="488" isDefault="false" isUsed="true" name="variable" type="string" value="surface-precipitation_rain"/>
ATS                |            <Parameter docString="" id="489" isDefault="false" isUsed="true" name="region" type="string" value="surface domain"/>
ATS                |            <Parameter docString="" id="490" isDefault="false" isUsed="true" name="functional" type="string" value="average"/>
ATS                |            <Parameter docString="" id="491" isDefault="false" isUsed="true" name="location name" type="string" value="cell"/>
ATS                |            <Parameter docString="" id="492" isDefault="false" isUsed="true" name="time integrated" type="bool" value="true"/>
ATS                |          </ParameterList>
ATS                |          <ParameterList id="498" name="surface water content [mol]">
ATS                |            <Parameter docString="" id="494" isDefault="false" isUsed="true" name="variable" type="string" value="surface-water_content"/>
ATS                |            <Parameter docString="" id="495" isDefault="false" isUsed="true" name="region" type="string" value="surface domain"/>
ATS                |            <Parameter docString="" id="496" isDefault="false" isUsed="true" name="functional" type="string" value="extensive integral"/>
ATS                |            <Parameter docString="" id="497" isDefault="false" isUsed="true" name="location name" type="string" value="cell"/>
ATS                |          </ParameterList>
ATS                |          <ParameterList id="503" name="subsurface water content [mol]">
ATS                |            <Parameter docString="" id="499" isDefault="false" isUsed="true" name="variable" type="string" value="water_content"/>
ATS                |            <Parameter docString="" id="500" isDefault="false" isUsed="true" name="region" type="string" value="computational domain"/>
ATS                |            <Parameter docString="" id="501" isDefault="false" isUsed="true" name="functional" type="string" value="extensive integral"/>
ATS                |            <Parameter docString="" id="502" isDefault="false" isUsed="true" name="location name" type="string" value="cell"/>
ATS                |          </ParameterList>
ATS                |          <ParameterList id="508" name="snow water content [mol]">
ATS                |            <Parameter docString="" id="504" isDefault="false" isUsed="true" name="variable" type="string" value="snow-water_content"/>
ATS                |            <Parameter docString="" id="505" isDefault="false" isUsed="true" name="region" type="string" value="surface domain"/>
ATS                |            <Parameter docString="" id="506" isDefault="false" isUsed="true" name="functional" type="string" value="extensive integral"/>
ATS                |            <Parameter docString="" id="507" isDefault="false" isUsed="true" name="location name" type="string" value="cell"/>
ATS                |          </ParameterList>
ATS                |        </ParameterList>
ATS                |      </ParameterList>
ATS                |    </ParameterList>
ATS                |    <ParameterList id="514" name="VerboseObject">
ATS                |      <Parameter docString="" id="512" isDefault="true" isUsed="true" name="Output File" type="string" value="none"/>
ATS                |      <Parameter docString="" id="513" isDefault="true" isUsed="true" name="Verbosity Level" type="string" value="default"/>
ATS                |    </ParameterList>
ATS                |    <Validators/>
ATS                |  </ParameterList>
ATS                |  
ATS                |    ... completed.
ATS                |  ================================================================================
ATS                |  Beginning mesh creation stage...
================================================================================

                      TimeMonitor results over 1 processor

Timer Name            Global time (num calls)    
--------------------------------------------------------------------------------
0: create mesh        0 (1)                      
1: create run         0 (0)                      
2: setup              0 (0)                      
3: initialize         0 (0)                      
4: solve              0 (0)                      
4a: advance step      0 (0)                      
4b: visualize         0 (0)                      
4c: observe           0 (0)                      
4d: checkpoint        0 (0)                      
5: finalize           0 (0)                      
--------------------------------------------------------------------------------
wallclock duration    0 (1)                      
================================================================================
ATS                |    ... completed: 0.13098 / 0.13098 / 0.13098 (min/mean/max) [s]
ATS                |  ================================================================================
ATS                |  Beginning run creation stage...
ATS                |    ... completed: 0.0223952 / 0.0223952 / 0.0223952 (min/mean/max) [s]
ATS                |  ================================================================================
ATS                |  Beginning setup stage...
ATS                |    ... completed: 0.150233 / 0.150233 / 0.150233 (min/mean/max) [s]
ATS                |  ================================================================================
ATS                |  Beginning initialize stage...
State              |  initializing data through initial conditions...
ATS                |    ... completed: 0.0272942 / 0.0272942 / 0.0272942 (min/mean/max) [s]
ATS                |  ================================================================================
ATS                |  Beginning timestepping stage...
ATS                |  ================================================================================
ATS                |  
ATS                |  Cycle = 156,  Time [days] = 470,  dt [days] = 1
ATS                |  --------------------------------------------------------------------------------
snow storage       |  ----------------------------------------------------------------
snow storage       |  Advancing: t0 = 4.0608e+07 t1 = 4.06944e+07 h = 86400
snow storage       |  ----------------------------------------------------------------
snow storage       |   ENorm (Infnorm) of: snow-water_content: 
snow storage       |     ENorm (cell) = [0] 0.0176159 (0.00872106)
Solver::NKA_BT_ATS |  0: error(res) = 0.0176159
Solver::NKA_BT_ATS |  0: L2 error(res) = 0.0872106
Solvers::Factory   |  [1;33mParameter sublist "block ilu parameters" is missing, using defaults.[0m
snow storage       |   ENorm (Infnorm) of: snow-water_content: 
snow storage       |     ENorm (cell) = [0] 5.0783e-17 (2.51411e-17)
Solver::NKA_BT_ATS |  1: backtrack 0: error(res) = 5.0783e-17
Solver::NKA_BT_ATS |  1: backtrack 0: L2 error(res) = 2.51411e-16
Solver::NKA_BT_ATS |  Solve succeeded: 1 iterations, error = 5.0783e-17
surface-subsurface |  ----------------------------------------------------------------
surface-subsurface |  Advancing: t0 = 4.0608e+07 t1 = 4.06944e+07 h = 86400
surface-subsurface |  ----------------------------------------------------------------
flow               |  ENorm (Infnorm) of: water_content: 
flow               |    ENorm (face) = [1530] 0.321991 (0.00872106)
flow               |    ENorm (cell) = [321] 1.48368 (0.0363736)
overland flow      |  ENorm (Infnorm) of: surface-water_content: 
overland flow      |    ENorm (cell) = [80] 0.102347 (0.0155185)
overland flow      |    ENorm (boundary_face) = [-1] -1.79769e+308 (0)
Solver::NKA_BT_ATS |  0: error(res) = 1.48368
Solver::NKA_BT_ATS |  0: L2 error(res) = 0.221271
inverse::GMRES     |  Converged (relative res), itr=9 ||r||=0.17567 ||r0||=348036
flow               |  ENorm (Infnorm) of: water_content: 
flow               |    ENorm (face) = [1489] 9.9614e-10 (2.71592e-11)
flow               |    ENorm (cell) = [332] 0.55885 (0.0131871)
overland flow      |  ENorm (Infnorm) of: surface-water_content: 
overland flow      |    ENorm (cell) = [80] 0.010404 (0.00189063)
overland flow      |    ENorm (boundary_face) = [-1] -1.79769e+308 (0)
Solver::NKA_BT_ATS |  1: backtrack 0: error(res) = 0.55885
Solver::NKA_BT_ATS |  1: backtrack 0: L2 error(res) = 0.0777168
inverse::GMRES     |  Converged (relative res), itr=7 ||r||=0.106789 ||r0||=546652
flow               |  ENorm (Infnorm) of: water_content: 
flow               |    ENorm (face) = [3212] 6.42119e-12 (4.34319e-13)
flow               |    ENorm (cell) = [142] 0.431556 (0.0120903)
overland flow      |  ENorm (Infnorm) of: surface-water_content: 
overland flow      |    ENorm (cell) = [80] 1.80135e-06 (2.93879e-07)
overland flow      |    ENorm (boundary_face) = [-1] -1.79769e+308 (0)
Solver::NKA_BT_ATS |  2: backtrack 0: error(res) = 0.431556
Solver::NKA_BT_ATS |  2: backtrack 0: L2 error(res) = 0.0395937
inverse::GMRES     |  Converged (relative res), itr=5 ||r||=0.0385211 ||r0||=274244
flow               |  ENorm (Infnorm) of: water_content: 
flow               |    ENorm (face) = [3048] 7.90015e-12 (4.84501e-13)
flow               |    ENorm (cell) = [142] 0.161107 (0.00451353)
overland flow      |  ENorm (Infnorm) of: surface-water_content: 
overland flow      |    ENorm (cell) = [71] 1.04662e-10 (5.42151e-10)
overland flow      |    ENorm (boundary_face) = [-1] -1.79769e+308 (0)
Solver::NKA_BT_ATS |  3: NKA : error(res) = 0.161107
Solver::NKA_BT_ATS |  3: NKA : L2 error(res) = 0.0129972
inverse::GMRES     |  Converged (relative res), itr=4 ||r||=0.00233756 ||r0||=116223
flow               |  ENorm (Infnorm) of: water_content: 
flow               |    ENorm (face) = [2892] 6.67291e-12 (4.2899e-13)
flow               |    ENorm (cell) = [142] 0.0615487 (0.00172433)
overland flow      |  ENorm (Infnorm) of: surface-water_content: 
overland flow      |    ENorm (cell) = [75] 7.52756e-11 (3.66982e-10)
overland flow      |    ENorm (boundary_face) = [-1] -1.79769e+308 (0)
Solver::NKA_BT_ATS |  4: NKA : error(res) = 0.0615487
Solver::NKA_BT_ATS |  4: NKA : L2 error(res) = 0.00439625
inverse::GMRES     |  Converged (relative res), itr=2 ||r||=0.00135943 ||r0||=40870.5
flow               |  ENorm (Infnorm) of: water_content: 
flow               |    ENorm (face) = [1776] 6.63126e-12 (4.59632e-13)
flow               |    ENorm (cell) = [142] 0.00807979 (0.000226361)
overland flow      |  ENorm (Infnorm) of: surface-water_content: 
overland flow      |    ENorm (cell) = [69] 7.12284e-11 (3.43577e-10)
overland flow      |    ENorm (boundary_face) = [-1] -1.79769e+308 (0)
Solver::NKA_BT_ATS |  5: NKA : error(res) = 0.00807979
Solver::NKA_BT_ATS |  5: NKA : L2 error(res) = 0.000612283
inverse::GMRES     |  Converged (relative res), itr=2 ||r||=7.83402e-05 ||r0||=8616.86
flow               |  ENorm (Infnorm) of: water_content: 
flow               |    ENorm (face) = [3376] 6.69911e-12 (4.88942e-13)
flow               |    ENorm (cell) = [100] 0.0027818 (9.00937e-05)
overland flow      |  ENorm (Infnorm) of: surface-water_content: 
overland flow      |    ENorm (cell) = [71] 7.62419e-11 (3.94933e-10)
overland flow      |    ENorm (boundary_face) = [-1] -1.79769e+308 (0)
Solver::NKA_BT_ATS |  6: NKA : error(res) = 0.0027818
Solver::NKA_BT_ATS |  6: NKA : L2 error(res) = 0.000272105
inverse::GMRES     |  Converged (relative res), itr=2 ||r||=4.09357e-05 ||r0||=3141.66
flow               |  ENorm (Infnorm) of: water_content: 
flow               |    ENorm (face) = [2679] 6.47939e-12 (4.31211e-13)
flow               |    ENorm (cell) = [100] 0.000574677 (1.8612e-05)
overland flow      |  ENorm (Infnorm) of: surface-water_content: 
overland flow      |    ENorm (cell) = [74] 1.0827e-10 (5.51659e-10)
overland flow      |    ENorm (boundary_face) = [-1] -1.79769e+308 (0)
Solver::NKA_BT_ATS |  7: NKA : error(res) = 0.000574677
Solver::NKA_BT_ATS |  7: NKA : L2 error(res) = 5.00473e-05
inverse::GMRES     |  Converged (relative res), itr=2 ||r||=1.03638e-05 ||r0||=469.842
flow               |  ENorm (Infnorm) of: water_content: 
flow               |    ENorm (face) = [2597] 6.06209e-12 (4.01013e-13)
flow               |    ENorm (cell) = [142] 6.85367e-05 (1.9201e-06)
overland flow      |  ENorm (Infnorm) of: surface-water_content: 
overland flow      |    ENorm (cell) = [75] 7.61612e-11 (3.713e-10)
overland flow      |    ENorm (boundary_face) = [-1] -1.79769e+308 (0)
Solver::NKA_BT_ATS |  8: NKA : error(res) = 6.85367e-05
Solver::NKA_BT_ATS |  8: NKA : L2 error(res) = 6.65056e-06
inverse::GMRES     |  Converged (relative res), itr=2 ||r||=9.69684e-07 ||r0||=90.2444
flow               |  ENorm (Infnorm) of: water_content: 
flow               |    ENorm (face) = [2896] 6.17477e-12 (3.86358e-13)
flow               |    ENorm (cell) = [122] 7.05043e-06 (2.00444e-07)
overland flow      |  ENorm (Infnorm) of: surface-water_content: 
overland flow      |    ENorm (cell) = [72] 8.73097e-11 (4.5734e-10)
overland flow      |    ENorm (boundary_face) = [-1] -1.79769e+308 (0)
Solver::NKA_BT_ATS |  9: NKA : error(res) = 7.05043e-06
Solver::NKA_BT_ATS |  9: NKA : L2 error(res) = 7.41322e-07
inverse::GMRES     |  Converged (relative res), itr=2 ||r||=1.30165e-07 ||r0||=10.375
flow               |  ENorm (Infnorm) of: water_content: 
flow               |    ENorm (face) = [2888] 9.25866e-12 (5.61329e-13)
flow               |    ENorm (cell) = [142] 1.90994e-06 (5.35082e-08)
overland flow      |  ENorm (Infnorm) of: surface-water_content: 
overland flow      |    ENorm (cell) = [75] 7.51414e-11 (3.66328e-10)
overland flow      |    ENorm (boundary_face) = [-1] -1.79769e+308 (0)
Solver::NKA_BT_ATS |  10: NKA : error(res) = 1.90994e-06
Solver::NKA_BT_ATS |  10: NKA : L2 error(res) = 1.56624e-07
inverse::GMRES     |  Converged (relative res), itr=2 ||r||=2.90486e-08 ||r0||=1.90932
flow               |  ENorm (Infnorm) of: water_content: 
flow               |    ENorm (face) = [3007] 6.82e-12 (4.71623e-13)
flow               |    ENorm (cell) = [142] 5.48863e-07 (1.53768e-08)
overland flow      |  ENorm (Infnorm) of: surface-water_content: 
overland flow      |    ENorm (cell) = [72] 6.42094e-11 (3.36338e-10)
overland flow      |    ENorm (boundary_face) = [-1] -1.79769e+308 (0)
Solver::NKA_BT_ATS |  11: NKA : error(res) = 5.48863e-07
Solver::NKA_BT_ATS |  11: NKA : L2 error(res) = 3.30765e-08
Solver::NKA_BT_ATS |  Solve succeeded: 11 iterations, error = 5.48863e-07
ATS                |  ================================================================================
ATS                |  
ATS                |  Cycle = 157,  Time [days] = 471,  dt [days] = 1
ATS                |  --------------------------------------------------------------------------------
snow storage       |  ----------------------------------------------------------------
snow storage       |  Advancing: t0 = 4.06944e+07 t1 = 4.07808e+07 h = 86400
snow storage       |  ----------------------------------------------------------------
snow storage       |   ENorm (Infnorm) of: snow-water_content: 
snow storage       |     ENorm (cell) = [0] 0.0176159 (0.00872106)
Solver::NKA_BT_ATS |  0: error(res) = 0.0176159
Solver::NKA_BT_ATS |  0: L2 error(res) = 0.0872106
snow storage       |   ENorm (Infnorm) of: snow-water_content: 
snow storage       |     ENorm (cell) = [0] 1.2483e-16 (6.17995e-17)
Solver::NKA_BT_ATS |  1: backtrack 0: error(res) = 1.2483e-16
Solver::NKA_BT_ATS |  1: backtrack 0: L2 error(res) = 6.17995e-16
Solver::NKA_BT_ATS |  Solve succeeded: 1 iterations, error = 1.2483e-16
surface-subsurface |  ----------------------------------------------------------------
surface-subsurface |  Advancing: t0 = 4.06944e+07 t1 = 4.07808e+07 h = 86400
surface-subsurface |  ----------------------------------------------------------------
flow               |  ENorm (Infnorm) of: water_content: 
flow               |    ENorm (face) = [1530] 0.68746 (0.0174421)
flow               |    ENorm (cell) = [360] 0.312008 (0.00794749)
overland flow      |  ENorm (Infnorm) of: surface-water_content: 
overland flow      |    ENorm (cell) = [80] 0.0592991 (0.00820226)
overland flow      |    ENorm (boundary_face) = [-1] -1.79769e+308 (0)
Solver::NKA_BT_ATS |  0: error(res) = 0.68746
Solver::NKA_BT_ATS |  0: L2 error(res) = 0.151321
inverse::GMRES     |  Converged (relative res), itr=3 ||r||=0.1447 ||r0||=765461
flow               |  ENorm (Infnorm) of: water_content: 
flow               |    ENorm (face) = [1530] 0.0876497 (0.00222387)
flow               |    ENorm (cell) = [211] 7034.52 (188.297)
overland flow      |  ENorm (Infnorm) of: surface-water_content: 
overland flow      |    ENorm (cell) = [29] 1493.58 (47.5386)
overland flow      |    ENorm (boundary_face) = [-1] -1.79769e+308 (0)
Solver::NKA_BT_ATS |  1: PIC : error(res) = 7034.52
Solver::NKA_BT_ATS |  1: PIC : L2 error(res) = 1228.15
inverse::GMRES     |  Not converged (max iterations), ||r||=0.724439 ||f||=1228.15
flow               |  ENorm (Infnorm) of: water_content: 
flow               |    ENorm (face) = [1202] 4.97954 (0.132495)
flow               |    ENorm (cell) = [291] 14594.9 (368.28)
overland flow      |  ENorm (Infnorm) of: surface-water_content: 
overland flow      |    ENorm (cell) = [80] 3.74124e-05 (5.76566e-06)
overland flow      |    ENorm (boundary_face) = [-1] -1.79769e+308 (0)
Solver::NKA_BT_ATS |  2: PIC : error(res) = 14594.9
Solver::NKA_BT_ATS |  2: PIC : L2 error(res) = 1574.39
inverse::GMRES     |  Converged (relative res), itr=102 ||r||=14.9546 ||r0||=1.49962e+07
flow               |  ENorm (Infnorm) of: water_content: 
flow               |    ENorm (face) = [1202] 4.8338e-07 (1.28617e-08)
flow               |    ENorm (cell) = [312] 50229.6 (1210.12)
overland flow      |  ENorm (Infnorm) of: surface-water_content: 
overland flow      |    ENorm (cell) = [63] 8.82326e-08 (3.68847e-07)
overland flow      |    ENorm (boundary_face) = [-1] -1.79769e+308 (0)
Solver::NKA_BT_ATS |  3: NKA : error(res) = 50229.6
Solver::NKA_BT_ATS |  3: NKA : L2 error(res) = 1970.47
flow               |  ENorm (Infnorm) of: water_content: 
flow               |    ENorm (face) = [1202] 2.48977 (0.0662475)
flow               |    ENorm (cell) = [311] 130.775 (3.25574)
overland flow      |  ENorm (Infnorm) of: surface-water_content: 
overland flow      |    ENorm (cell) = [80] 1.87058e-05 (2.88283e-06)
overland flow      |    ENorm (boundary_face) = [-1] -1.79769e+308 (0)
Solver::NKA_BT_ATS |  3: backtrack 1: error(res) = 130.775
Solver::NKA_BT_ATS |  3: backtrack 1: L2 error(res) = 8.20832
inverse::GMRES     |  Converged (relative res), itr=18 ||r||=393.687 ||r0||=5.82567e+08
flow               |  ENorm (Infnorm) of: water_content: 
flow               |    ENorm (face) = [1120] 2.05189 (0.0555459)
flow               |    ENorm (cell) = [180] 46605 (1366.98)
overland flow      |  ENorm (Infnorm) of: surface-water_content: 
overland flow      |    ENorm (cell) = [17] 42947.5 (1366.96)
overland flow      |    ENorm (boundary_face) = [-1] -1.79769e+308 (0)
Solver::NKA_BT_ATS |  4: NKA : error(res) = 46605
Solver::NKA_BT_ATS |  4: NKA : L2 error(res) = 7103.56
inverse::GMRES     |  Converged (relative res), itr=42 ||r||=78.0201 ||r0||=7.82126e+07
flow               |  ENorm (Infnorm) of: water_content: 
flow               |    ENorm (face) = [1243] 48.1145 (1.26969)
flow               |    ENorm (cell) = [2] 1.95807e+06 (59217.2)
overland flow      |  ENorm (Infnorm) of: surface-water_content: 
overland flow      |    ENorm (cell) = [28] 28.1938 (0.897374)
overland flow      |    ENorm (boundary_face) = [-1] -1.79769e+308 (0)
Solver::NKA_BT_ATS |  5: NKA : error(res) = 1.95807e+06
Solver::NKA_BT_ATS |  5: NKA : L2 error(res) = 195530
Solver::NKA_BT_ATS |  Solve failed, error 1.95807e+06 > 1e+06 (dtol)
ATS                |  ================================================================================
ATS                |  
ATS                |  Cycle = 157,  Time [days] = 471,  dt [days] = 0.5
ATS                |  --------------------------------------------------------------------------------
snow storage       |  ----------------------------------------------------------------
snow storage       |  Advancing: t0 = 4.06944e+07 t1 = 4.07376e+07 h = 43200
snow storage       |  ----------------------------------------------------------------
snow storage       |   ENorm (Infnorm) of: snow-water_content: 
snow storage       |     ENorm (cell) = [0] 0.00440397 (0.00436053)
Solver::NKA_BT_ATS |  0: error(res) = 0.00440397
Solver::NKA_BT_ATS |  0: L2 error(res) = 0.0436053
snow storage       |   ENorm (Infnorm) of: snow-water_content: 
snow storage       |     ENorm (cell) = [0] 1.2056e-16 (1.19371e-16)
Solver::NKA_BT_ATS |  1: backtrack 0: error(res) = 1.2056e-16
Solver::NKA_BT_ATS |  1: backtrack 0: L2 error(res) = 1.19371e-15
Solver::NKA_BT_ATS |  Solve succeeded: 1 iterations, error = 1.2056e-16
surface-subsurface |  ----------------------------------------------------------------
surface-subsurface |  Advancing: t0 = 4.06944e+07 t1 = 4.07376e+07 h = 43200
surface-subsurface |  ----------------------------------------------------------------
flow               |  ENorm (Infnorm) of: water_content: 
flow               |    ENorm (face) = [1530] 0.171865 (0.00872106)
flow               |    ENorm (cell) = [360] 0.0777722 (0.00396897)
overland flow      |  ENorm (Infnorm) of: surface-water_content: 
overland flow      |    ENorm (cell) = [80] 0.0134291 (0.00371504)
overland flow      |    ENorm (boundary_face) = [-1] -1.79769e+308 (0)
Solver::NKA_BT_ATS |  0: error(res) = 0.171865
Solver::NKA_BT_ATS |  0: L2 error(res) = 0.0756319
inverse::GMRES     |  Converged (relative res), itr=3 ||r||=0.0113564 ||r0||=160110
flow               |  ENorm (Infnorm) of: water_content: 
flow               |    ENorm (face) = [1571] 1.98631e-10 (1.01559e-11)
flow               |    ENorm (cell) = [220] 0.128301 (0.00730766)
overland flow      |  ENorm (Infnorm) of: surface-water_content: 
overland flow      |    ENorm (cell) = [80] 0.000181352 (0.000121166)
overland flow      |    ENorm (boundary_face) = [-1] -1.79769e+308 (0)
Solver::NKA_BT_ATS |  1: backtrack 0: error(res) = 0.128301
Solver::NKA_BT_ATS |  1: backtrack 0: L2 error(res) = 0.0458079
inverse::GMRES     |  Converged (relative res), itr=3 ||r||=0.00261955 ||r0||=68552.8
flow               |  ENorm (Infnorm) of: water_content: 
flow               |    ENorm (face) = [3589] 3.39033e-12 (4.92051e-13)
flow               |    ENorm (cell) = [231] 0.0259748 (0.00138024)
overland flow      |  ENorm (Infnorm) of: surface-water_content: 
overland flow      |    ENorm (cell) = [80] 1.52813e-09 (5.56144e-09)
overland flow      |    ENorm (boundary_face) = [-1] -1.79769e+308 (0)
Solver::NKA_BT_ATS |  2: backtrack 0: error(res) = 0.0259748
Solver::NKA_BT_ATS |  2: backtrack 0: L2 error(res) = 0.00925957
inverse::GMRES     |  Converged (relative res), itr=2 ||r||=0.00194217 ||r0||=40284.7
flow               |  ENorm (Infnorm) of: water_content: 
flow               |    ENorm (face) = [2974] 3.11301e-12 (4.05898e-13)
flow               |    ENorm (cell) = [210] 0.00266118 (0.000151607)
overland flow      |  ENorm (Infnorm) of: surface-water_content: 
overland flow      |    ENorm (cell) = [71] 4.54776e-11 (4.69995e-10)
overland flow      |    ENorm (boundary_face) = [-1] -1.79769e+308 (0)
Solver::NKA_BT_ATS |  3: NKA : error(res) = 0.00266118
Solver::NKA_BT_ATS |  3: NKA : L2 error(res) = 0.000593235
inverse::GMRES     |  Converged (relative res), itr=2 ||r||=4.33428e-05 ||r0||=1709.72
flow               |  ENorm (Infnorm) of: water_content: 
flow               |    ENorm (face) = [3753] 4.17228e-12 (6.03517e-13)
flow               |    ENorm (cell) = [210] 0.000528076 (3.00844e-05)
overland flow      |  ENorm (Infnorm) of: surface-water_content: 
overland flow      |    ENorm (cell) = [74] 4.27124e-11 (4.34174e-10)
overland flow      |    ENorm (boundary_face) = [-1] -1.79769e+308 (0)
Solver::NKA_BT_ATS |  4: NKA : error(res) = 0.000528076
Solver::NKA_BT_ATS |  4: NKA : L2 error(res) = 0.000107788
inverse::GMRES     |  Converged (relative res), itr=2 ||r||=1.54284e-06 ||r0||=412.857
flow               |  ENorm (Infnorm) of: water_content: 
flow               |    ENorm (face) = [2970] 3.66972e-12 (4.44977e-13)
flow               |    ENorm (cell) = [0] 1.48491e-05 (9.55181e-07)
overland flow      |  ENorm (Infnorm) of: surface-water_content: 
overland flow      |    ENorm (cell) = [73] 3.48316e-11 (3.62214e-10)
overland flow      |    ENorm (boundary_face) = [-1] -1.79769e+308 (0)
Solver::NKA_BT_ATS |  5: NKA : error(res) = 1.48491e-05
Solver::NKA_BT_ATS |  5: NKA : L2 error(res) = 3.97232e-06
inverse::GMRES     |  Converged (relative res), itr=2 ||r||=2.65994e-07 ||r0||=12.959
flow               |  ENorm (Infnorm) of: water_content: 
flow               |    ENorm (face) = [3876] 3.53749e-12 (5.10703e-13)
flow               |    ENorm (cell) = [210] 3.22965e-06 (1.99651e-07)
overland flow      |  ENorm (Infnorm) of: surface-water_content: 
overland flow      |    ENorm (cell) = [73] 3.76737e-11 (3.91769e-10)
overland flow      |    ENorm (boundary_face) = [-1] -1.79769e+308 (0)
Solver::NKA_BT_ATS |  6: NKA : error(res) = 3.22965e-06
Solver::NKA_BT_ATS |  6: NKA : L2 error(res) = 7.31841e-07
inverse::GMRES     |  Converged (relative res), itr=2 ||r||=1.18938e-08 ||r0||=2.61901
flow               |  ENorm (Infnorm) of: water_content: 
flow               |    ENorm (face) = [2925] 3.37402e-12 (4.35207e-13)
flow               |    ENorm (cell) = [0] 2.85343e-07 (1.83549e-08)
overland flow      |  ENorm (Infnorm) of: surface-water_content: 
overland flow      |    ENorm (cell) = [75] 3.07034e-11 (2.98591e-10)
overland flow      |    ENorm (boundary_face) = [-1] -1.79769e+308 (0)
Solver::NKA_BT_ATS |  7: NKA : error(res) = 2.85343e-07
Solver::NKA_BT_ATS |  7: NKA : L2 error(res) = 5.72696e-08
Solver::NKA_BT_ATS |  Solve succeeded: 7 iterations, error = 2.85343e-07
ATS                |  ================================================================================
ATS                |  
ATS                |  Cycle = 158,  Time [days] = 471.5,  dt [days] = 0.5
ATS                |  --------------------------------------------------------------------------------
snow storage       |  ----------------------------------------------------------------
snow storage       |  Advancing: t0 = 4.07376e+07 t1 = 4.07808e+07 h = 43200
snow storage       |  ----------------------------------------------------------------
snow storage       |   ENorm (Infnorm) of: snow-water_content: 
snow storage       |     ENorm (cell) = [0] 0.00442345 (0.00436053)
Solver::NKA_BT_ATS |  0: error(res) = 0.00442345
Solver::NKA_BT_ATS |  0: L2 error(res) = 0.0436053
snow storage       |   ENorm (Infnorm) of: snow-water_content: 
snow storage       |     ENorm (cell) = [0] 1.85874e-16 (1.8323e-16)
Solver::NKA_BT_ATS |  1: backtrack 0: error(res) = 1.85874e-16
Solver::NKA_BT_ATS |  1: backtrack 0: L2 error(res) = 1.8323e-15
Solver::NKA_BT_ATS |  Solve succeeded: 1 iterations, error = 1.85874e-16
surface-subsurface |  ----------------------------------------------------------------
surface-subsurface |  Advancing: t0 = 4.07376e+07 t1 = 4.07808e+07 h = 43200
surface-subsurface |  ----------------------------------------------------------------
flow               |  ENorm (Infnorm) of: water_content: 
flow               |    ENorm (face) = [2925] 1.01954e-11 (1.23457e-12)
flow               |    ENorm (cell) = [150] 0.0430106 (0.00264455)
overland flow      |  ENorm (Infnorm) of: surface-water_content: 
overland flow      |    ENorm (cell) = [80] 0.0211661 (0.00570335)
overland flow      |    ENorm (boundary_face) = [-1] -1.79769e+308 (0)
Solver::NKA_BT_ATS |  0: error(res) = 0.0430106
Solver::NKA_BT_ATS |  0: L2 error(res) = 0.0384561
inverse::GMRES     |  Converged (relative res), itr=3 ||r||=0.0154796 ||r0||=59954
flow               |  ENorm (Infnorm) of: water_content: 
flow               |    ENorm (face) = [2929] 3.56837e-12 (4.32099e-13)
flow               |    ENorm (cell) = [150] 0.0132666 (0.00081571)
overland flow      |  ENorm (Infnorm) of: surface-water_content: 
overland flow      |    ENorm (cell) = [80] 0.000358316 (0.000131389)
overland flow      |    ENorm (boundary_face) = [-1] -1.79769e+308 (0)
Solver::NKA_BT_ATS |  1: backtrack 0: error(res) = 0.0132666
Solver::NKA_BT_ATS |  1: backtrack 0: L2 error(res) = 0.00459883
inverse::GMRES     |  Converged (relative res), itr=2 ||r||=0.00709563 ||r0||=12075.8
flow               |  ENorm (Infnorm) of: water_content: 
flow               |    ENorm (face) = [2851] 4.39931e-12 (5.35572e-13)
flow               |    ENorm (cell) = [0] 0.000928829 (6.14295e-05)
overland flow      |  ENorm (Infnorm) of: surface-water_content: 
overland flow      |    ENorm (cell) = [80] 3.08957e-09 (1.93218e-08)
overland flow      |    ENorm (boundary_face) = [-1] -1.79769e+308 (0)
Solver::NKA_BT_ATS |  2: backtrack 0: error(res) = 0.000928829
Solver::NKA_BT_ATS |  2: backtrack 0: L2 error(res) = 0.000371458
inverse::GMRES     |  Converged (relative res), itr=2 ||r||=0.000138318 ||r0||=1697.22
flow               |  ENorm (Infnorm) of: water_content: 
flow               |    ENorm (face) = [2802] 3.72538e-12 (4.56524e-13)
flow               |    ENorm (cell) = [171] 0.000125773 (7.07387e-06)
overland flow      |  ENorm (Infnorm) of: surface-water_content: 
overland flow      |    ENorm (cell) = [83] 4.8739e-11 (4.20048e-10)
overland flow      |    ENorm (boundary_face) = [-1] -1.79769e+308 (0)
Solver::NKA_BT_ATS |  3: NKA : error(res) = 0.000125773
Solver::NKA_BT_ATS |  3: NKA : L2 error(res) = 4.4047e-05
inverse::GMRES     |  Converged (relative res), itr=2 ||r||=1.01869e-05 ||r0||=203.423
flow               |  ENorm (Infnorm) of: water_content: 
flow               |    ENorm (face) = [2925] 4.3679e-12 (5.2891e-13)
flow               |    ENorm (cell) = [100] 2.22264e-06 (1.4101e-07)
overland flow      |  ENorm (Infnorm) of: surface-water_content: 
overland flow      |    ENorm (cell) = [72] 6.36626e-11 (6.64873e-10)
overland flow      |    ENorm (boundary_face) = [-1] -1.79769e+308 (0)
Solver::NKA_BT_ATS |  4: NKA : error(res) = 2.22264e-06
Solver::NKA_BT_ATS |  4: NKA : L2 error(res) = 7.5905e-07
inverse::GMRES     |  Converged (relative res), itr=2 ||r||=3.11659e-07 ||r0||=1.94862
flow               |  ENorm (Infnorm) of: water_content: 
flow               |    ENorm (face) = [3753] 3.99422e-12 (5.7776e-13)
flow               |    ENorm (cell) = [100] 1.50229e-07 (9.53085e-09)
overland flow      |  ENorm (Infnorm) of: surface-water_content: 
overland flow      |    ENorm (cell) = [73] 2.42471e-11 (2.5197e-10)
overland flow      |    ENorm (boundary_face) = [-1] -1.79769e+308 (0)
Solver::NKA_BT_ATS |  5: NKA : error(res) = 1.50229e-07
Solver::NKA_BT_ATS |  5: NKA : L2 error(res) = 4.16167e-08
Solver::NKA_BT_ATS |  Solve succeeded: 5 iterations, error = 1.50229e-07
ATS                |  ================================================================================
ATS                |  
ATS                |  Cycle = 159,  Time [days] = 472,  dt [days] = 0.5
ATS                |  --------------------------------------------------------------------------------
snow storage       |  ----------------------------------------------------------------
snow storage       |  Advancing: t0 = 4.07808e+07 t1 = 4.0824e+07 h = 43200
snow storage       |  ----------------------------------------------------------------
snow storage       |   ENorm (Infnorm) of: snow-water_content: 
snow storage       |     ENorm (cell) = [0] 0.00446293 (0.00436053)
Solver::NKA_BT_ATS |  0: error(res) = 0.00446293
Solver::NKA_BT_ATS |  0: L2 error(res) = 0.0436053
snow storage       |   ENorm (Infnorm) of: snow-water_content: 
snow storage       |     ENorm (cell) = [0] 2.35248e-17 (2.29851e-17)
Solver::NKA_BT_ATS |  1: backtrack 0: error(res) = 2.35248e-17
Solver::NKA_BT_ATS |  1: backtrack 0: L2 error(res) = 2.29851e-16
Solver::NKA_BT_ATS |  Solve succeeded: 1 iterations, error = 2.35248e-17
surface-subsurface |  ----------------------------------------------------------------
surface-subsurface |  Advancing: t0 = 4.07808e+07 t1 = 4.0824e+07 h = 43200
surface-subsurface |  ----------------------------------------------------------------
flow               |  ENorm (Infnorm) of: water_content: 
flow               |    ENorm (face) = [2896] 8.03893e-12 (1.01208e-12)
flow               |    ENorm (cell) = [310] 0.0807063 (0.00469849)
overland flow      |  ENorm (Infnorm) of: surface-water_content: 
overland flow      |    ENorm (cell) = [80] 0.0205844 (0.00557373)
overland flow      |    ENorm (boundary_face) = [-1] -1.79769e+308 (0)
Solver::NKA_BT_ATS |  0: error(res) = 0.0807063
Solver::NKA_BT_ATS |  0: L2 error(res) = 0.0483174
inverse::GMRES     |  Converged (relative res), itr=3 ||r||=0.0096138 ||r0||=41456.8
flow               |  ENorm (Infnorm) of: water_content: 
flow               |    ENorm (face) = [2851] 4.44309e-12 (5.9952e-13)
flow               |    ENorm (cell) = [291] 0.00901385 (0.000481644)
overland flow      |  ENorm (Infnorm) of: surface-water_content: 
overland flow      |    ENorm (cell) = [80] 0.000185882 (5.14347e-05)
overland flow      |    ENorm (boundary_face) = [-1] -1.79769e+308 (0)
Solver::NKA_BT_ATS |  1: backtrack 0: error(res) = 0.00901385
Solver::NKA_BT_ATS |  1: backtrack 0: L2 error(res) = 0.00300569
inverse::GMRES     |  Converged (relative res), itr=2 ||r||=0.00198182 ||r0||=3265.55
flow               |  ENorm (Infnorm) of: water_content: 
flow               |    ENorm (face) = [2888] 3.83458e-12 (4.64961e-13)
flow               |    ENorm (cell) = [181] 0.000466114 (2.68465e-05)
overland flow      |  ENorm (Infnorm) of: surface-water_content: 
overland flow      |    ENorm (cell) = [81] 1.06183e-09 (1.01554e-09)
overland flow      |    ENorm (boundary_face) = [-1] -1.79769e+308 (0)
Solver::NKA_BT_ATS |  2: backtrack 0: error(res) = 0.000466114
Solver::NKA_BT_ATS |  2: backtrack 0: L2 error(res) = 0.000130231
inverse::GMRES     |  Converged (relative res), itr=2 ||r||=2.38501e-05 ||r0||=203.845
flow               |  ENorm (Infnorm) of: water_content: 
flow               |    ENorm (face) = [2851] 3.77553e-12 (4.59632e-13)
flow               |    ENorm (cell) = [171] 2.83216e-05 (1.64216e-06)
overland flow      |  ENorm (Infnorm) of: surface-water_content: 
overland flow      |    ENorm (cell) = [72] 4.4754e-11 (4.67323e-10)
overland flow      |    ENorm (boundary_face) = [-1] -1.79769e+308 (0)
Solver::NKA_BT_ATS |  3: NKA : error(res) = 2.83216e-05
Solver::NKA_BT_ATS |  3: NKA : L2 error(res) = 8.21947e-06
inverse::GMRES     |  Converged (relative res), itr=2 ||r||=1.51196e-06 ||r0||=13.8791
flow               |  ENorm (Infnorm) of: water_content: 
flow               |    ENorm (face) = [3462] 3.12936e-12 (4.55636e-13)
flow               |    ENorm (cell) = [70] 4.74827e-07 (3.25878e-08)
overland flow      |  ENorm (Infnorm) of: surface-water_content: 
overland flow      |    ENorm (cell) = [76] 3.53776e-11 (3.19387e-10)
overland flow      |    ENorm (boundary_face) = [-1] -1.79769e+308 (0)
Solver::NKA_BT_ATS |  4: NKA : error(res) = 4.74827e-07
Solver::NKA_BT_ATS |  4: NKA : L2 error(res) = 1.39308e-07
Solver::NKA_BT_ATS |  Solve succeeded: 4 iterations, error = 4.74827e-07
ATS                |  ================================================================================
ATS                |  
ATS                |  Cycle = 160,  Time [days] = 472.5,  dt [days] = 0.5
ATS                |  --------------------------------------------------------------------------------
snow storage       |  ----------------------------------------------------------------
snow storage       |  Advancing: t0 = 4.0824e+07 t1 = 4.08672e+07 h = 43200
snow storage       |  ----------------------------------------------------------------
snow storage       |   ENorm (Infnorm) of: snow-water_content: 
snow storage       |     ENorm (cell) = [0] 0.00452349 (0.00436053)
Solver::NKA_BT_ATS |  0: error(res) = 0.00452349
Solver::NKA_BT_ATS |  0: L2 error(res) = 0.0436053
snow storage       |   ENorm (Infnorm) of: snow-water_content: 
snow storage       |     ENorm (cell) = [0] 4.94877e-18 (4.77049e-18)
Solver::NKA_BT_ATS |  1: backtrack 0: error(res) = 4.94877e-18
Solver::NKA_BT_ATS |  1: backtrack 0: L2 error(res) = 4.77049e-17
Solver::NKA_BT_ATS |  Solve succeeded: 1 iterations, error = 4.94877e-18
surface-subsurface |  ----------------------------------------------------------------
surface-subsurface |  Advancing: t0 = 4.0824e+07 t1 = 4.08672e+07 h = 43200
surface-subsurface |  ----------------------------------------------------------------
flow               |  ENorm (Infnorm) of: water_content: 
flow               |    ENorm (face) = [3015] 9.86147e-12 (1.20082e-12)
flow               |    ENorm (cell) = [260] 0.0831102 (0.00549417)
overland flow      |  ENorm (Infnorm) of: surface-water_content: 
overland flow      |    ENorm (cell) = [80] 0.0140196 (0.00379416)
overland flow      |    ENorm (boundary_face) = [-1] -1.79769e+308 (0)
Solver::NKA_BT_ATS |  0: error(res) = 0.0831102
Solver::NKA_BT_ATS |  0: L2 error(res) = 0.0477544
inverse::GMRES     |  Converged (relative res), itr=2 ||r||=0.034816 ||r0||=44455.2
flow               |  ENorm (Infnorm) of: water_content: 
flow               |    ENorm (face) = [3015] 4.23416e-12 (5.15588e-13)
flow               |    ENorm (cell) = [302] 0.00768385 (0.000396047)
overland flow      |  ENorm (Infnorm) of: surface-water_content: 
overland flow      |    ENorm (cell) = [80] 0.000170483 (4.60013e-05)
overland flow      |    ENorm (boundary_face) = [-1] -1.79769e+308 (0)
Solver::NKA_BT_ATS |  1: backtrack 0: error(res) = 0.00768385
Solver::NKA_BT_ATS |  1: backtrack 0: L2 error(res) = 0.00310194
inverse::GMRES     |  Converged (relative res), itr=2 ||r||=0.00140931 ||r0||=5401.01
flow               |  ENorm (Infnorm) of: water_content: 
flow               |    ENorm (face) = [3671] 3.50677e-12 (5.08038e-13)
flow               |    ENorm (cell) = [0] 0.000346411 (2.60319e-05)
overland flow      |  ENorm (Infnorm) of: surface-water_content: 
overland flow      |    ENorm (cell) = [63] 1.44842e-09 (6.96537e-09)
overland flow      |    ENorm (boundary_face) = [-1] -1.79769e+308 (0)
Solver::NKA_BT_ATS |  2: backtrack 0: error(res) = 0.000346411
Solver::NKA_BT_ATS |  2: backtrack 0: L2 error(res) = 0.00014922
inverse::GMRES     |  Converged (relative res), itr=2 ||r||=1.56081e-05 ||r0||=185.527
flow               |  ENorm (Infnorm) of: water_content: 
flow               |    ENorm (face) = [2929] 3.20529e-12 (4.2677e-13)
flow               |    ENorm (cell) = [1] 2.17559e-05 (1.59791e-06)
overland flow      |  ENorm (Infnorm) of: surface-water_content: 
overland flow      |    ENorm (cell) = [70] 3.62707e-11 (3.64545e-10)
overland flow      |    ENorm (boundary_face) = [-1] -1.79769e+308 (0)
Solver::NKA_BT_ATS |  3: NKA : error(res) = 2.17559e-05
Solver::NKA_BT_ATS |  3: NKA : L2 error(res) = 8.39707e-06
inverse::GMRES     |  Converged (relative res), itr=2 ||r||=8.01161e-07 ||r0||=13.0816
flow               |  ENorm (Infnorm) of: water_content: 
flow               |    ENorm (face) = [2892] 6.21512e-12 (7.53619e-13)
flow               |    ENorm (cell) = [1] 1.2363e-06 (8.15648e-08)
overland flow      |  ENorm (Infnorm) of: surface-water_content: 
overland flow      |    ENorm (cell) = [71] 4.52503e-11 (4.67338e-10)
overland flow      |    ENorm (boundary_face) = [-1] -1.79769e+308 (0)
Solver::NKA_BT_ATS |  4: NKA : error(res) = 1.2363e-06
Solver::NKA_BT_ATS |  4: NKA : L2 error(res) = 2.92257e-07
inverse::GMRES     |  Converged (relative res), itr=2 ||r||=1.36632e-07 ||r0||=0.918195
flow               |  ENorm (Infnorm) of: water_content: 
flow               |    ENorm (face) = [3220] 3.83918e-12 (5.0715e-13)
flow               |    ENorm (cell) = [597] 2.02763e-08 (5.95047e-09)
overland flow      |  ENorm (Infnorm) of: surface-water_content: 
overland flow      |    ENorm (cell) = [72] 3.86031e-11 (4.03176e-10)
overland flow      |    ENorm (boundary_face) = [-1] -1.79769e+308 (0)
Solver::NKA_BT_ATS |  5: NKA : error(res) = 2.02763e-08
Solver::NKA_BT_ATS |  5: NKA : L2 error(res) = 9.16901e-09
Solver::NKA_BT_ATS |  Solve succeeded: 5 iterations, error = 2.02763e-08
ATS                |  ================================================================================
ATS                |  
ATS                |  Cycle = 161,  Time [days] = 473,  dt [days] = 1
ATS                |  --------------------------------------------------------------------------------
snow storage       |  ----------------------------------------------------------------
snow storage       |  Advancing: t0 = 4.08672e+07 t1 = 4.09536e+07 h = 86400
snow storage       |  ----------------------------------------------------------------
snow storage       |   ENorm (Infnorm) of: snow-water_content: 
snow storage       |     ENorm (cell) = [0] 0.0368548 (0.0174421)
Solver::NKA_BT_ATS |  0: error(res) = 0.0368548
Solver::NKA_BT_ATS |  0: L2 error(res) = 0.174421
snow storage       |   ENorm (Infnorm) of: snow-water_content: 
snow storage       |     ENorm (cell) = [0] 1.91938e-17 (9.08378e-18)
Solver::NKA_BT_ATS |  1: backtrack 0: error(res) = 1.91938e-17
Solver::NKA_BT_ATS |  1: backtrack 0: L2 error(res) = 9.08378e-17
Solver::NKA_BT_ATS |  Solve succeeded: 1 iterations, error = 1.91938e-17
surface-subsurface |  ----------------------------------------------------------------
surface-subsurface |  Advancing: t0 = 4.08672e+07 t1 = 4.09536e+07 h = 86400
surface-subsurface |  ----------------------------------------------------------------
flow               |  ENorm (Infnorm) of: water_content: 
flow               |    ENorm (face) = [1612] 0.827351 (0.0261632)
flow               |    ENorm (cell) = [2] 1.47044 (0.0518101)
overland flow      |  ENorm (Infnorm) of: surface-water_content: 
overland flow      |    ENorm (cell) = [80] 0.13027 (0.0196922)
overland flow      |    ENorm (boundary_face) = [-1] -1.79769e+308 (0)
Solver::NKA_BT_ATS |  0: error(res) = 1.47044
Solver::NKA_BT_ATS |  0: L2 error(res) = 0.378973
inverse::GMRES     |  Converged (relative res), itr=8 ||r||=0.213748 ||r0||=275401
flow               |  ENorm (Infnorm) of: water_content: 
flow               |    ENorm (face) = [1612] 1.24264e-07 (3.92988e-09)
flow               |    ENorm (cell) = [2] 0.551214 (0.018379)
overland flow      |  ENorm (Infnorm) of: surface-water_content: 
overland flow      |    ENorm (cell) = [80] 0.0364622 (0.00654541)
overland flow      |    ENorm (boundary_face) = [-1] -1.79769e+308 (0)
Solver::NKA_BT_ATS |  1: backtrack 0: error(res) = 0.551214
Solver::NKA_BT_ATS |  1: backtrack 0: L2 error(res) = 0.141295
inverse::GMRES     |  Converged (relative res), itr=6 ||r||=0.119657 ||r0||=439349
flow               |  ENorm (Infnorm) of: water_content: 
flow               |    ENorm (face) = [2851] 7.44892e-12 (4.55191e-13)
flow               |    ENorm (cell) = [2] 0.272971 (0.00865647)
overland flow      |  ENorm (Infnorm) of: surface-water_content: 
overland flow      |    ENorm (cell) = [80] 3.03745e-05 (4.74485e-06)
overland flow      |    ENorm (boundary_face) = [-1] -1.79769e+308 (0)
Solver::NKA_BT_ATS |  2: backtrack 0: error(res) = 0.272971
Solver::NKA_BT_ATS |  2: backtrack 0: L2 error(res) = 0.0493777
inverse::GMRES     |  Converged (relative res), itr=4 ||r||=0.213731 ||r0||=288689
flow               |  ENorm (Infnorm) of: water_content: 
flow               |    ENorm (face) = [2773] 7.71214e-12 (4.76952e-13)
flow               |    ENorm (cell) = [213] 0.296548 (0.00808219)
overland flow      |  ENorm (Infnorm) of: surface-water_content: 
overland flow      |    ENorm (cell) = [72] 8.23692e-11 (4.3038e-10)
overland flow      |    ENorm (boundary_face) = [-1] -1.79769e+308 (0)
Solver::NKA_BT_ATS |  3: NKA : error(res) = 0.296548
Solver::NKA_BT_ATS |  3: NKA : L2 error(res) = 0.0250866
inverse::GMRES     |  Converged (relative res), itr=2 ||r||=0.00561729 ||r0||=64630.8
flow               |  ENorm (Infnorm) of: water_content: 
flow               |    ENorm (face) = [2720] 7.36473e-12 (4.60965e-13)
flow               |    ENorm (cell) = [213] 0.123806 (0.00337423)
overland flow      |  ENorm (Infnorm) of: surface-water_content: 
overland flow      |    ENorm (cell) = [74] 8.63918e-11 (4.39049e-10)
overland flow      |    ENorm (boundary_face) = [-1] -1.79769e+308 (0)
Solver::NKA_BT_ATS |  4: NKA : error(res) = 0.123806
Solver::NKA_BT_ATS |  4: NKA : L2 error(res) = 0.00988482
inverse::GMRES     |  Converged (relative res), itr=2 ||r||=0.00222185 ||r0||=36527.4
flow               |  ENorm (Infnorm) of: water_content: 
flow               |    ENorm (face) = [2843] 7.39069e-12 (4.49862e-13)
flow               |    ENorm (cell) = [213] 0.0440036 (0.00119929)
overland flow      |  ENorm (Infnorm) of: surface-water_content: 
overland flow      |    ENorm (cell) = [69] 8.85962e-11 (4.26188e-10)
overland flow      |    ENorm (boundary_face) = [-1] -1.79769e+308 (0)
Solver::NKA_BT_ATS |  5: NKA : error(res) = 0.0440036
Solver::NKA_BT_ATS |  5: NKA : L2 error(res) = 0.00321832
inverse::GMRES     |  Converged (relative res), itr=2 ||r||=0.000724953 ||r0||=18718.7
flow               |  ENorm (Infnorm) of: water_content: 
flow               |    ENorm (face) = [3704] 7.57155e-12 (5.48006e-13)
flow               |    ENorm (cell) = [233] 0.00266971 (7.85158e-05)
overland flow      |  ENorm (Infnorm) of: surface-water_content: 
overland flow      |    ENorm (cell) = [71] 7.1715e-11 (3.70542e-10)
overland flow      |    ENorm (boundary_face) = [-1] -1.79769e+308 (0)
Solver::NKA_BT_ATS |  6: NKA : error(res) = 0.00266971
Solver::NKA_BT_ATS |  6: NKA : L2 error(res) = 0.000424316
inverse::GMRES     |  Converged (relative res), itr=2 ||r||=0.000104376 ||r0||=2152.17
flow               |  ENorm (Infnorm) of: water_content: 
flow               |    ENorm (face) = [2810] 1.14368e-11 (7.00773e-13)
flow               |    ENorm (cell) = [213] 0.00348775 (9.5056e-05)
overland flow      |  ENorm (Infnorm) of: surface-water_content: 
overland flow      |    ENorm (cell) = [66] 3.24212e-11 (1.37534e-10)
overland flow      |    ENorm (boundary_face) = [-1] -1.79769e+308 (0)
Solver::NKA_BT_ATS |  7: NKA : error(res) = 0.00348775
Solver::NKA_BT_ATS |  7: NKA : L2 error(res) = 0.000290118
inverse::GMRES     |  Converged (relative res), itr=2 ||r||=4.7634e-05 ||r0||=1839.67
flow               |  ENorm (Infnorm) of: water_content: 
flow               |    ENorm (face) = [3585] 7.31317e-12 (5.30687e-13)
flow               |    ENorm (cell) = [232] 0.000458032 (1.30318e-05)
overland flow      |  ENorm (Infnorm) of: surface-water_content: 
overland flow      |    ENorm (cell) = [77] 4.30088e-11 (1.72445e-10)
overland flow      |    ENorm (boundary_face) = [-1] -1.79769e+308 (0)
Solver::NKA_BT_ATS |  8: NKA : error(res) = 0.000458032
Solver::NKA_BT_ATS |  8: NKA : L2 error(res) = 4.12262e-05
inverse::GMRES     |  Converged (relative res), itr=2 ||r||=1.15578e-05 ||r0||=191.835
flow               |  ENorm (Infnorm) of: water_content: 
flow               |    ENorm (face) = [3007] 8.432e-12 (5.13367e-13)
flow               |    ENorm (cell) = [213] 0.000359461 (9.79685e-06)
overland flow      |  ENorm (Infnorm) of: surface-water_content: 
overland flow      |    ENorm (cell) = [72] 1.13984e-10 (5.95568e-10)
overland flow      |    ENorm (boundary_face) = [-1] -1.79769e+308 (0)
Solver::NKA_BT_ATS |  9: NKA : error(res) = 0.000359461
Solver::NKA_BT_ATS |  9: NKA : L2 error(res) = 2.73222e-05
inverse::GMRES     |  Converged (relative res), itr=2 ||r||=7.10569e-06 ||r0||=200.878
flow               |  ENorm (Infnorm) of: water_content: 
flow               |    ENorm (face) = [2761] 9.17009e-12 (5.67102e-13)
flow               |    ENorm (cell) = [243] 5.50719e-05 (1.46319e-06)
overland flow      |  ENorm (Infnorm) of: surface-water_content: 
overland flow      |    ENorm (cell) = [74] 1.17845e-10 (5.98895e-10)
overland flow      |    ENorm (boundary_face) = [-1] -1.79769e+308 (0)
Solver::NKA_BT_ATS |  10: NKA : error(res) = 5.50719e-05
Solver::NKA_BT_ATS |  10: NKA : L2 error(res) = 5.82019e-06
inverse::GMRES     |  Converged (relative res), itr=2 ||r||=1.31027e-06 ||r0||=33.453
flow               |  ENorm (Infnorm) of: water_content: 
flow               |    ENorm (face) = [2974] 7.22218e-12 (4.6585e-13)
flow               |    ENorm (cell) = [213] 1.31051e-05 (3.5717e-07)
overland flow      |  ENorm (Infnorm) of: surface-water_content: 
overland flow      |    ENorm (cell) = [66] 3.98194e-11 (1.59008e-10)
overland flow      |    ENorm (boundary_face) = [-1] -1.79769e+308 (0)
Solver::NKA_BT_ATS |  11: NKA : error(res) = 1.31051e-05
Solver::NKA_BT_ATS |  11: NKA : L2 error(res) = 1.08167e-06
inverse::GMRES     |  Converged (relative res), itr=2 ||r||=1.88376e-07 ||r0||=7.44261
flow               |  ENorm (Infnorm) of: water_content: 
flow               |    ENorm (face) = [3171] 6.30884e-12 (4.05009e-13)
flow               |    ENorm (cell) = [223] 5.54383e-07 (1.4991e-08)
overland flow      |  ENorm (Infnorm) of: surface-water_content: 
overland flow      |    ENorm (cell) = [69] 9.35604e-11 (4.50068e-10)
overland flow      |    ENorm (boundary_face) = [-1] -1.79769e+308 (0)
Solver::NKA_BT_ATS |  12: NKA : error(res) = 5.54383e-07
Solver::NKA_BT_ATS |  12: NKA : L2 error(res) = 5.26976e-08
Solver::NKA_BT_ATS |  Solve succeeded: 12 iterations, error = 5.54383e-07
ATS                |  ================================================================================
ATS                |  
ATS                |  Cycle = 162,  Time [days] = 474,  dt [days] = 1
ATS                |  --------------------------------------------------------------------------------
snow storage       |  ----------------------------------------------------------------
snow storage       |  Advancing: t0 = 4.09536e+07 t1 = 4.104e+07 h = 86400
snow storage       |  ----------------------------------------------------------------
snow storage       |   ENorm (Infnorm) of: snow-water_content: 
snow storage       |     ENorm (cell) = [0] 1.91938e-17 (9.08378e-18)
Solver::NKA_BT_ATS |  0: error(res) = 1.91938e-17
Solver::NKA_BT_ATS |  0: L2 error(res) = 9.08378e-17
Solver::NKA_BT_ATS |  Solve succeeded: 0 iterations, error = 1.91938e-17
surface-subsurface |  ----------------------------------------------------------------
surface-subsurface |  Advancing: t0 = 4.09536e+07 t1 = 4.104e+07 h = 86400
surface-subsurface |  ----------------------------------------------------------------
flow               |  ENorm (Infnorm) of: water_content: 
flow               |    ENorm (face) = [1612] 0.614713 (0.0174421)
flow               |    ENorm (cell) = [360] 0.56154 (0.0163341)
overland flow      |  ENorm (Infnorm) of: surface-water_content: 
overland flow      |    ENorm (cell) = [80] 0.0219675 (0.0117181)
overland flow      |    ENorm (boundary_face) = [-1] -1.79769e+308 (0)
Solver::NKA_BT_ATS |  0: error(res) = 0.614713
Solver::NKA_BT_ATS |  0: L2 error(res) = 0.180768
inverse::GMRES     |  Converged (relative res), itr=3 ||r||=0.0395004 ||r0||=52462.4
flow               |  ENorm (Infnorm) of: water_content: 
flow               |    ENorm (face) = [1612] 1.53718e-07 (4.36183e-09)
flow               |    ENorm (cell) = [510] 0.0337626 (0.00131123)
overland flow      |  ENorm (Infnorm) of: surface-water_content: 
overland flow      |    ENorm (cell) = [80] 0.00125577 (0.000153713)
overland flow      |    ENorm (boundary_face) = [-1] -1.79769e+308 (0)
Solver::NKA_BT_ATS |  1: backtrack 0: error(res) = 0.0337626
Solver::NKA_BT_ATS |  1: backtrack 0: L2 error(res) = 0.00658455
inverse::GMRES     |  Converged (relative res), itr=3 ||r||=0.00203084 ||r0||=15692
flow               |  ENorm (Infnorm) of: water_content: 
flow               |    ENorm (face) = [3089] 8.83311e-12 (5.47562e-13)
flow               |    ENorm (cell) = [0] 0.00441576 (0.000167947)
overland flow      |  ENorm (Infnorm) of: surface-water_content: 
overland flow      |    ENorm (cell) = [80] 3.4763e-07 (4.2552e-08)
overland flow      |    ENorm (boundary_face) = [-1] -1.79769e+308 (0)
Solver::NKA_BT_ATS |  2: backtrack 0: error(res) = 0.00441576
Solver::NKA_BT_ATS |  2: backtrack 0: L2 error(res) = 0.000918347
inverse::GMRES     |  Converged (relative res), itr=2 ||r||=0.00111177 ||r0||=3913.51
flow               |  ENorm (Infnorm) of: water_content: 
flow               |    ENorm (face) = [2925] 8.79448e-12 (5.32463e-13)
flow               |    ENorm (cell) = [0] 0.00166174 (5.99723e-05)
overland flow      |  ENorm (Infnorm) of: surface-water_content: 
overland flow      |    ENorm (cell) = [63] 1.5322e-09 (3.33342e-09)
overland flow      |    ENorm (boundary_face) = [-1] -1.79769e+308 (0)
Solver::NKA_BT_ATS |  3: NKA : error(res) = 0.00166174
Solver::NKA_BT_ATS |  3: NKA : L2 error(res) = 0.000228353
inverse::GMRES     |  Converged (relative res), itr=2 ||r||=3.30899e-05 ||r0||=1245.36
flow               |  ENorm (Infnorm) of: water_content: 
flow               |    ENorm (face) = [2683] 6.16481e-12 (3.91687e-13)
flow               |    ENorm (cell) = [250] 3.78827e-05 (1.17851e-06)
overland flow      |  ENorm (Infnorm) of: surface-water_content: 
overland flow      |    ENorm (cell) = [63] 3.83035e-10 (8.831e-10)
overland flow      |    ENorm (boundary_face) = [-1] -1.79769e+308 (0)
Solver::NKA_BT_ATS |  4: NKA : error(res) = 3.78827e-05
Solver::NKA_BT_ATS |  4: NKA : L2 error(res) = 5.31982e-06
inverse::GMRES     |  Converged (relative res), itr=2 ||r||=7.72729e-06 ||r0||=28.4479
flow               |  ENorm (Infnorm) of: water_content: 
flow               |    ENorm (face) = [2892] 8.20382e-12 (4.9738e-13)
flow               |    ENorm (cell) = [0] 6.60273e-06 (2.38293e-07)
overland flow      |  ENorm (Infnorm) of: surface-water_content: 
overland flow      |    ENorm (cell) = [73] 7.19685e-11 (3.73045e-10)
overland flow      |    ENorm (boundary_face) = [-1] -1.79769e+308 (0)
Solver::NKA_BT_ATS |  5: NKA : error(res) = 6.60273e-06
Solver::NKA_BT_ATS |  5: NKA : L2 error(res) = 5.2563e-07
inverse::GMRES     |  Converged (relative res), itr=2 ||r||=1.30462e-06 ||r0||=2.85983
flow               |  ENorm (Infnorm) of: water_content: 
flow               |    ENorm (face) = [3544] 6.29712e-12 (4.57412e-13)
flow               |    ENorm (cell) = [160] 3.14753e-07 (1.0504e-08)
overland flow      |  ENorm (Infnorm) of: surface-water_content: 
overland flow      |    ENorm (cell) = [73] 7.59219e-11 (3.93538e-10)
overland flow      |    ENorm (boundary_face) = [-1] -1.79769e+308 (0)
Solver::NKA_BT_ATS |  6: NKA : error(res) = 3.14753e-07
Solver::NKA_BT_ATS |  6: NKA : L2 error(res) = 4.05379e-08
Solver::NKA_BT_ATS |  Solve succeeded: 6 iterations, error = 3.14753e-07
ATS                |  ================================================================================
ATS                |  
ATS                |  Cycle = 163,  Time [days] = 475,  dt [days] = 1
ATS                |  --------------------------------------------------------------------------------
snow storage       |  ----------------------------------------------------------------
snow storage       |  Advancing: t0 = 4.104e+07 t1 = 4.11264e+07 h = 86400
snow storage       |  ----------------------------------------------------------------
snow storage       |   ENorm (Infnorm) of: snow-water_content: 
snow storage       |     ENorm (cell) = [0] 1.91938e-17 (9.08378e-18)
Solver::NKA_BT_ATS |  0: error(res) = 1.91938e-17
Solver::NKA_BT_ATS |  0: L2 error(res) = 9.08378e-17
Solver::NKA_BT_ATS |  Solve succeeded: 0 iterations, error = 1.91938e-17
surface-subsurface |  ----------------------------------------------------------------
surface-subsurface |  Advancing: t0 = 4.104e+07 t1 = 4.11264e+07 h = 86400
surface-subsurface |  ----------------------------------------------------------------
flow               |  ENorm (Infnorm) of: water_content: 
flow               |    ENorm (face) = [3089] 1.46502e-11 (9.08162e-13)
flow               |    ENorm (cell) = [470] 0.0299257 (0.00126312)
overland flow      |  ENorm (Infnorm) of: surface-water_content: 
overland flow      |    ENorm (cell) = [80] 0.0793812 (0.00885538)
overland flow      |    ENorm (boundary_face) = [-1] -1.79769e+308 (0)
Solver::NKA_BT_ATS |  0: error(res) = 0.0793812
Solver::NKA_BT_ATS |  0: L2 error(res) = 0.0303236
inverse::GMRES     |  Converged (relative res), itr=3 ||r||=0.0208022 ||r0||=22594.3
flow               |  ENorm (Infnorm) of: water_content: 
flow               |    ENorm (face) = [2556] 5.59984e-12 (3.80584e-13)
flow               |    ENorm (cell) = [0] 0.00701454 (0.000246044)
overland flow      |  ENorm (Infnorm) of: surface-water_content: 
overland flow      |    ENorm (cell) = [80] 0.000638693 (7.12495e-05)
overland flow      |    ENorm (boundary_face) = [-1] -1.79769e+308 (0)
Solver::NKA_BT_ATS |  1: backtrack 0: error(res) = 0.00701454
Solver::NKA_BT_ATS |  1: backtrack 0: L2 error(res) = 0.00129719
inverse::GMRES     |  Converged (relative res), itr=3 ||r||=0.000319067 ||r0||=7396.14
flow               |  ENorm (Infnorm) of: water_content: 
flow               |    ENorm (face) = [2773] 6.38371e-12 (4.12115e-13)
flow               |    ENorm (cell) = [0] 0.00263532 (9.00814e-05)
overland flow      |  ENorm (Infnorm) of: surface-water_content: 
overland flow      |    ENorm (cell) = [80] 1.07053e-08 (1.19423e-09)
overland flow      |    ENorm (boundary_face) = [-1] -1.79769e+308 (0)
Solver::NKA_BT_ATS |  2: backtrack 0: error(res) = 0.00263532
Solver::NKA_BT_ATS |  2: backtrack 0: L2 error(res) = 0.000365754
inverse::GMRES     |  Converged (relative res), itr=2 ||r||=6.40512e-05 ||r0||=2644.28
flow               |  ENorm (Infnorm) of: water_content: 
flow               |    ENorm (face) = [3384] 6.06619e-12 (4.42757e-13)
flow               |    ENorm (cell) = [0] 0.00119141 (4.07253e-05)
overland flow      |  ENorm (Infnorm) of: surface-water_content: 
overland flow      |    ENorm (cell) = [63] 9.1528e-11 (3.19854e-10)
overland flow      |    ENorm (boundary_face) = [-1] -1.79769e+308 (0)
Solver::NKA_BT_ATS |  3: NKA : error(res) = 0.00119141
Solver::NKA_BT_ATS |  3: NKA : L2 error(res) = 0.000147634
inverse::GMRES     |  Converged (relative res), itr=2 ||r||=5.42567e-06 ||r0||=1042.15
flow               |  ENorm (Infnorm) of: water_content: 
flow               |    ENorm (face) = [3872] 5.80155e-12 (4.18776e-13)
flow               |    ENorm (cell) = [250] 2.91802e-05 (8.55466e-07)
overland flow      |  ENorm (Infnorm) of: surface-water_content: 
overland flow      |    ENorm (cell) = [75] 6.58911e-11 (3.18613e-10)
overland flow      |    ENorm (boundary_face) = [-1] -1.79769e+308 (0)
Solver::NKA_BT_ATS |  4: NKA : error(res) = 2.91802e-05
Solver::NKA_BT_ATS |  4: NKA : L2 error(res) = 3.42133e-06
inverse::GMRES     |  Converged (relative res), itr=2 ||r||=5.09951e-07 ||r0||=22.9834
flow               |  ENorm (Infnorm) of: water_content: 
flow               |    ENorm (face) = [2847] 7.67517e-12 (4.67182e-13)
flow               |    ENorm (cell) = [0] 5.14076e-06 (1.75723e-07)
overland flow      |  ENorm (Infnorm) of: surface-water_content: 
overland flow      |    ENorm (cell) = [74] 9.09689e-11 (4.5989e-10)
overland flow      |    ENorm (boundary_face) = [-1] -1.79769e+308 (0)
Solver::NKA_BT_ATS |  5: NKA : error(res) = 5.14076e-06
Solver::NKA_BT_ATS |  5: NKA : L2 error(res) = 3.55855e-07
inverse::GMRES     |  Converged (relative res), itr=2 ||r||=5.74312e-08 ||r0||=2.51204
flow               |  ENorm (Infnorm) of: water_content: 
flow               |    ENorm (face) = [2888] 7.18574e-12 (4.35652e-13)
flow               |    ENorm (cell) = [0] 6.88116e-07 (2.35214e-08)
overland flow      |  ENorm (Infnorm) of: surface-water_content: 
overland flow      |    ENorm (cell) = [73] 1.21561e-10 (6.28767e-10)
overland flow      |    ENorm (boundary_face) = [-1] -1.79769e+308 (0)
Solver::NKA_BT_ATS |  6: NKA : error(res) = 6.88116e-07
Solver::NKA_BT_ATS |  6: NKA : L2 error(res) = 4.8944e-08
Solver::NKA_BT_ATS |  Solve succeeded: 6 iterations, error = 6.88116e-07
ATS                |  ================================================================================
ATS                |  
ATS                |  Cycle = 164,  Time [days] = 476,  dt [days] = 1
ATS                |  --------------------------------------------------------------------------------
snow storage       |  ----------------------------------------------------------------
snow storage       |  Advancing: t0 = 4.11264e+07 t1 = 4.12128e+07 h = 86400
snow storage       |  ----------------------------------------------------------------
snow storage       |   ENorm (Infnorm) of: snow-water_content: 
snow storage       |     ENorm (cell) = [0] 1.91938e-17 (9.08378e-18)
Solver::NKA_BT_ATS |  0: error(res) = 1.91938e-17
Solver::NKA_BT_ATS |  0: L2 error(res) = 9.08378e-17
Solver::NKA_BT_ATS |  Solve succeeded: 0 iterations, error = 1.91938e-17
surface-subsurface |  ----------------------------------------------------------------
surface-subsurface |  Advancing: t0 = 4.11264e+07 t1 = 4.12128e+07 h = 86400
surface-subsurface |  ----------------------------------------------------------------
flow               |  ENorm (Infnorm) of: water_content: 
flow               |    ENorm (face) = [2888] 1.75432e-11 (1.06359e-12)
flow               |    ENorm (cell) = [404] 0.00774743 (0.00143516)
overland flow      |  ENorm (Infnorm) of: surface-water_content: 
overland flow      |    ENorm (cell) = [80] 0.0545071 (0.00554016)
overland flow      |    ENorm (boundary_face) = [-1] -1.79769e+308 (0)
Solver::NKA_BT_ATS |  0: error(res) = 0.0545071
Solver::NKA_BT_ATS |  0: L2 error(res) = 0.0109436
inverse::GMRES     |  Converged (relative res), itr=3 ||r||=0.0108498 ||r0||=11848.9
flow               |  ENorm (Infnorm) of: water_content: 
flow               |    ENorm (face) = [1735] 6.8473e-12 (4.4853e-13)
flow               |    ENorm (cell) = [0] 0.00344392 (0.000161312)
overland flow      |  ENorm (Infnorm) of: surface-water_content: 
overland flow      |    ENorm (cell) = [80] 0.00423702 (0.000430655)
overland flow      |    ENorm (boundary_face) = [-1] -1.79769e+308 (0)
Solver::NKA_BT_ATS |  1: backtrack 0: error(res) = 0.00423702
Solver::NKA_BT_ATS |  1: backtrack 0: L2 error(res) = 0.000807386
inverse::GMRES     |  Converged (relative res), itr=3 ||r||=0.000121084 ||r0||=4164.34
flow               |  ENorm (Infnorm) of: water_content: 
flow               |    ENorm (face) = [2884] 7.56671e-12 (4.58744e-13)
flow               |    ENorm (cell) = [0] 0.00194975 (6.44758e-05)
overland flow      |  ENorm (Infnorm) of: surface-water_content: 
overland flow      |    ENorm (cell) = [80] 5.97575e-07 (6.07381e-08)
overland flow      |    ENorm (boundary_face) = [-1] -1.79769e+308 (0)
Solver::NKA_BT_ATS |  2: backtrack 0: error(res) = 0.00194975
Solver::NKA_BT_ATS |  2: backtrack 0: L2 error(res) = 0.000235806
inverse::GMRES     |  Converged (relative res), itr=2 ||r||=1.58971e-05 ||r0||=2184.09
flow               |  ENorm (Infnorm) of: water_content: 
flow               |    ENorm (face) = [3380] 7.48396e-12 (5.4623e-13)
flow               |    ENorm (cell) = [0] 0.00119523 (3.95246e-05)
overland flow      |  ENorm (Infnorm) of: surface-water_content: 
overland flow      |    ENorm (cell) = [73] 1.12983e-10 (5.83258e-10)
overland flow      |    ENorm (boundary_face) = [-1] -1.79769e+308 (0)
Solver::NKA_BT_ATS |  3: NKA : error(res) = 0.00119523
Solver::NKA_BT_ATS |  3: NKA : L2 error(res) = 0.000132641
inverse::GMRES     |  Converged (relative res), itr=2 ||r||=3.72912e-06 ||r0||=1202.74
flow               |  ENorm (Infnorm) of: water_content: 
flow               |    ENorm (face) = [3712] 7.46709e-12 (5.40457e-13)
flow               |    ENorm (cell) = [0] 2.48362e-05 (8.21303e-07)
overland flow      |  ENorm (Infnorm) of: surface-water_content: 
overland flow      |    ENorm (cell) = [73] 1.03607e-10 (5.34857e-10)
overland flow      |    ENorm (boundary_face) = [-1] -1.79769e+308 (0)
Solver::NKA_BT_ATS |  4: NKA : error(res) = 2.48362e-05
Solver::NKA_BT_ATS |  4: NKA : L2 error(res) = 2.87955e-06
inverse::GMRES     |  Converged (relative res), itr=2 ||r||=3.58661e-07 ||r0||=25.4089
flow               |  ENorm (Infnorm) of: water_content: 
flow               |    ENorm (face) = [2970] 8.52608e-12 (5.1692e-13)
flow               |    ENorm (cell) = [0] 6.24068e-06 (2.06371e-07)
overland flow      |  ENorm (Infnorm) of: surface-water_content: 
overland flow      |    ENorm (cell) = [70] 4.31901e-11 (2.15587e-10)
overland flow      |    ENorm (boundary_face) = [-1] -1.79769e+308 (0)
Solver::NKA_BT_ATS |  5: NKA : error(res) = 6.24068e-06
Solver::NKA_BT_ATS |  5: NKA : L2 error(res) = 3.77551e-07
inverse::GMRES     |  Converged (relative res), itr=2 ||r||=6.22601e-08 ||r0||=3.44586
flow               |  ENorm (Infnorm) of: water_content: 
flow               |    ENorm (face) = [3347] 6.25799e-12 (4.57412e-13)
flow               |    ENorm (cell) = [0] 9.56491e-07 (3.163e-08)
overland flow      |  ENorm (Infnorm) of: surface-water_content: 
overland flow      |    ENorm (cell) = [70] 7.37444e-11 (3.68102e-10)
overland flow      |    ENorm (boundary_face) = [-1] -1.79769e+308 (0)
Solver::NKA_BT_ATS |  6: NKA : error(res) = 9.56491e-07
Solver::NKA_BT_ATS |  6: NKA : L2 error(res) = 6.61049e-08
Solver::NKA_BT_ATS |  Solve succeeded: 6 iterations, error = 9.56491e-07
ATS                |  ================================================================================
ATS                |  
ATS                |  Cycle = 165,  Time [days] = 477,  dt [days] = 1
ATS                |  --------------------------------------------------------------------------------
snow storage       |  ----------------------------------------------------------------
snow storage       |  Advancing: t0 = 4.12128e+07 t1 = 4.12992e+07 h = 86400
snow storage       |  ----------------------------------------------------------------
snow storage       |   ENorm (Infnorm) of: snow-water_content: 
snow storage       |     ENorm (cell) = [0] 0.0138205 (0.0065408)
Solver::NKA_BT_ATS |  0: error(res) = 0.0138205
Solver::NKA_BT_ATS |  0: L2 error(res) = 0.065408
snow storage       |   ENorm (Infnorm) of: snow-water_content: 
snow storage       |     ENorm (cell) = [0] 2.33671e-17 (1.10589e-17)
Solver::NKA_BT_ATS |  1: backtrack 0: error(res) = 2.33671e-17
Solver::NKA_BT_ATS |  1: backtrack 0: L2 error(res) = 1.10589e-16
Solver::NKA_BT_ATS |  Solve succeeded: 1 iterations, error = 2.33671e-17
surface-subsurface |  ----------------------------------------------------------------
surface-subsurface |  Advancing: t0 = 4.12128e+07 t1 = 4.12992e+07 h = 86400
surface-subsurface |  ----------------------------------------------------------------
flow               |  ENorm (Infnorm) of: water_content: 
flow               |    ENorm (face) = [1571] 0.259414 (0.0065408)
flow               |    ENorm (cell) = [0] 0.00980976 (0.000634442)
overland flow      |  ENorm (Infnorm) of: surface-water_content: 
overland flow      |    ENorm (cell) = [80] 0.148837 (0.0133361)
overland flow      |    ENorm (boundary_face) = [-1] -1.79769e+308 (0)
Solver::NKA_BT_ATS |  0: error(res) = 0.259414
Solver::NKA_BT_ATS |  0: L2 error(res) = 0.0597258
inverse::GMRES     |  Converged (relative res), itr=3 ||r||=0.0349392 ||r0||=462940
flow               |  ENorm (Infnorm) of: water_content: 
flow               |    ENorm (face) = [1489] 6.93859e-10 (1.76201e-11)
flow               |    ENorm (cell) = [200] 87.2677 (2.50603)
overland flow      |  ENorm (Infnorm) of: surface-water_content: 
overland flow      |    ENorm (cell) = [80] 0.0170646 (0.00165435)
overland flow      |    ENorm (boundary_face) = [-1] -1.79769e+308 (0)
Solver::NKA_BT_ATS |  1: backtrack 0: error(res) = 87.2677
Solver::NKA_BT_ATS |  1: backtrack 0: L2 error(res) = 15.2589
flow               |  ENorm (Infnorm) of: water_content: 
flow               |    ENorm (face) = [1571] 0.129707 (0.0032704)
flow               |    ENorm (cell) = [230] 0.444332 (0.0125931)
overland flow      |  ENorm (Infnorm) of: surface-water_content: 
overland flow      |    ENorm (cell) = [80] 0.0784611 (0.00703027)
overland flow      |    ENorm (boundary_face) = [-1] -1.79769e+308 (0)
Solver::NKA_BT_ATS |  1: backtrack 1: error(res) = 0.444332
Solver::NKA_BT_ATS |  1: backtrack 1: L2 error(res) = 0.0858055
flow               |  ENorm (Infnorm) of: water_content: 
flow               |    ENorm (face) = [1571] 0.194561 (0.0049056)
flow               |    ENorm (cell) = [200] 0.0632485 (0.00187205)
overland flow      |  ENorm (Infnorm) of: surface-water_content: 
overland flow      |    ENorm (cell) = [80] 0.11261 (0.0100901)
overland flow      |    ENorm (boundary_face) = [-1] -1.79769e+308 (0)
Solver::NKA_BT_ATS |  1: backtrack 2: error(res) = 0.194561
Solver::NKA_BT_ATS |  1: backtrack 2: L2 error(res) = 0.0461583
inverse::GMRES     |  Converged (relative res), itr=3 ||r||=0.0171154 ||r0||=136459
flow               |  ENorm (Infnorm) of: water_content: 
flow               |    ENorm (face) = [1571] 5.42512e-09 (1.36875e-10)
flow               |    ENorm (cell) = [400] 0.177617 (0.0045246)
overland flow      |  ENorm (Infnorm) of: surface-water_content: 
overland flow      |    ENorm (cell) = [80] 0.00860855 (0.000855227)
overland flow      |    ENorm (boundary_face) = [-1] -1.79769e+308 (0)
Solver::NKA_BT_ATS |  2: backtrack 0: error(res) = 0.177617
Solver::NKA_BT_ATS |  2: backtrack 0: L2 error(res) = 0.0247074
inverse::GMRES     |  Converged (relative res), itr=3 ||r||=0.00158568 ||r0||=49613.5
flow               |  ENorm (Infnorm) of: water_content: 
flow               |    ENorm (face) = [2810] 8.07394e-12 (4.94715e-13)
flow               |    ENorm (cell) = [400] 0.0285441 (0.000723531)
overland flow      |  ENorm (Infnorm) of: surface-water_content: 
overland flow      |    ENorm (cell) = [80] 2.52942e-06 (2.26641e-07)
overland flow      |    ENorm (boundary_face) = [-1] -1.79769e+308 (0)
Solver::NKA_BT_ATS |  3: NKA : error(res) = 0.0285441
Solver::NKA_BT_ATS |  3: NKA : L2 error(res) = 0.00389674
inverse::GMRES     |  Converged (relative res), itr=2 ||r||=0.00267838 ||r0||=12064.1
flow               |  ENorm (Infnorm) of: water_content: 
flow               |    ENorm (face) = [2843] 7.20102e-12 (4.38316e-13)
flow               |    ENorm (cell) = [400] 0.00375728 (9.52389e-05)
overland flow      |  ENorm (Infnorm) of: surface-water_content: 
overland flow      |    ENorm (cell) = [80] 3.07425e-07 (2.75459e-08)
overland flow      |    ENorm (boundary_face) = [-1] -1.79769e+308 (0)
Solver::NKA_BT_ATS |  4: NKA : error(res) = 0.00375728
Solver::NKA_BT_ATS |  4: NKA : L2 error(res) = 0.000396254
inverse::GMRES     |  Converged (relative res), itr=2 ||r||=0.000246212 ||r0||=447.228
flow               |  ENorm (Infnorm) of: water_content: 
flow               |    ENorm (face) = [2724] 8.55665e-12 (5.35572e-13)
flow               |    ENorm (cell) = [0] 0.000133013 (4.2947e-06)
overland flow      |  ENorm (Infnorm) of: surface-water_content: 
overland flow      |    ENorm (cell) = [80] 6.19197e-09 (5.62697e-10)
overland flow      |    ENorm (boundary_face) = [-1] -1.79769e+308 (0)
Solver::NKA_BT_ATS |  5: NKA : error(res) = 0.000133013
Solver::NKA_BT_ATS |  5: NKA : L2 error(res) = 1.61295e-05
inverse::GMRES     |  Converged (relative res), itr=2 ||r||=9.96619e-06 ||r0||=48.5398
flow               |  ENorm (Infnorm) of: water_content: 
flow               |    ENorm (face) = [2888] 7.06855e-12 (4.49862e-13)
flow               |    ENorm (cell) = [0] 2.12746e-05 (6.86913e-07)
overland flow      |  ENorm (Infnorm) of: surface-water_content: 
overland flow      |    ENorm (cell) = [80] 1.42596e-09 (2.60362e-10)
overland flow      |    ENorm (boundary_face) = [-1] -1.79769e+308 (0)
Solver::NKA_BT_ATS |  6: NKA : error(res) = 2.12746e-05
Solver::NKA_BT_ATS |  6: NKA : L2 error(res) = 3.05701e-06
inverse::GMRES     |  Converged (relative res), itr=2 ||r||=1.62584e-06 ||r0||=7.71525
flow               |  ENorm (Infnorm) of: water_content: 
flow               |    ENorm (face) = [2888] 8.15996e-12 (4.94715e-13)
flow               |    ENorm (cell) = [0] 1.14386e-06 (3.69328e-08)
overland flow      |  ENorm (Infnorm) of: surface-water_content: 
overland flow      |    ENorm (cell) = [80] 8.34929e-11 (3.15734e-10)
overland flow      |    ENorm (boundary_face) = [-1] -1.79769e+308 (0)
Solver::NKA_BT_ATS |  7: NKA : error(res) = 1.14386e-06
Solver::NKA_BT_ATS |  7: NKA : L2 error(res) = 1.67411e-07
inverse::GMRES     |  Converged (relative res), itr=2 ||r||=7.7574e-08 ||r0||=0.554287
flow               |  ENorm (Infnorm) of: water_content: 
flow               |    ENorm (face) = [2560] 8.13504e-12 (5.52891e-13)
flow               |    ENorm (cell) = [1] 3.61219e-08 (1.16788e-09)
overland flow      |  ENorm (Infnorm) of: surface-water_content: 
overland flow      |    ENorm (cell) = [72] 9.72633e-11 (5.03428e-10)
overland flow      |    ENorm (boundary_face) = [-1] -1.79769e+308 (0)
Solver::NKA_BT_ATS |  8: NKA : error(res) = 3.61219e-08
Solver::NKA_BT_ATS |  8: NKA : L2 error(res) = 3.6707e-09
Solver::NKA_BT_ATS |  Solve succeeded: 8 iterations, error = 3.61219e-08
ATS                |  ================================================================================
ATS                |  
ATS                |  Cycle = 166,  Time [days] = 478,  dt [days] = 1
ATS                |  --------------------------------------------------------------------------------
snow storage       |  ----------------------------------------------------------------
snow storage       |  Advancing: t0 = 4.12992e+07 t1 = 4.13856e+07 h = 86400
snow storage       |  ----------------------------------------------------------------
snow storage       |   ENorm (Infnorm) of: snow-water_content: 
snow storage       |     ENorm (cell) = [0] 0.0186856 (0.00872106)
Solver::NKA_BT_ATS |  0: error(res) = 0.0186856
Solver::NKA_BT_ATS |  0: L2 error(res) = 0.0872106
snow storage       |   ENorm (Infnorm) of: snow-water_content: 
snow storage       |     ENorm (cell) = [0] 4.83184e-17 (2.25514e-17)
Solver::NKA_BT_ATS |  1: backtrack 0: error(res) = 4.83184e-17
Solver::NKA_BT_ATS |  1: backtrack 0: L2 error(res) = 2.25514e-16
Solver::NKA_BT_ATS |  Solve succeeded: 1 iterations, error = 4.83184e-17
surface-subsurface |  ----------------------------------------------------------------
surface-subsurface |  Advancing: t0 = 4.12992e+07 t1 = 4.13856e+07 h = 86400
surface-subsurface |  ----------------------------------------------------------------
flow               |  ENorm (Infnorm) of: water_content: 
flow               |    ENorm (face) = [1612] 0.0786868 (0.00218027)
flow               |    ENorm (cell) = [291] 1.01529 (0.0289886)
overland flow      |  ENorm (Infnorm) of: surface-water_content: 
overland flow      |    ENorm (cell) = [80] 0.136353 (0.0117172)
overland flow      |    ENorm (boundary_face) = [-1] -1.79769e+308 (0)
Solver::NKA_BT_ATS |  0: error(res) = 1.01529
Solver::NKA_BT_ATS |  0: L2 error(res) = 0.234199
inverse::GMRES     |  Converged (relative res), itr=6 ||r||=0.0919392 ||r0||=97416.2
flow               |  ENorm (Infnorm) of: water_content: 
flow               |    ENorm (face) = [1612] 2.35584e-08 (6.53006e-10)
flow               |    ENorm (cell) = [270] 0.178956 (0.00538411)
overland flow      |  ENorm (Infnorm) of: surface-water_content: 
overland flow      |    ENorm (cell) = [80] 0.0107729 (0.00092575)
overland flow      |    ENorm (boundary_face) = [-1] -1.79769e+308 (0)
Solver::NKA_BT_ATS |  1: backtrack 0: error(res) = 0.178956
Solver::NKA_BT_ATS |  1: backtrack 0: L2 error(res) = 0.036293
inverse::GMRES     |  Converged (relative res), itr=3 ||r||=0.00159776 ||r0||=18236.3
flow               |  ENorm (Infnorm) of: water_content: 
flow               |    ENorm (face) = [2888] 7.66919e-12 (5.36016e-13)
flow               |    ENorm (cell) = [261] 0.0250317 (0.000706504)
overland flow      |  ENorm (Infnorm) of: surface-water_content: 
overland flow      |    ENorm (cell) = [80] 3.64348e-06 (3.13096e-07)
overland flow      |    ENorm (boundary_face) = [-1] -1.79769e+308 (0)
Solver::NKA_BT_ATS |  2: backtrack 0: error(res) = 0.0250317
Solver::NKA_BT_ATS |  2: backtrack 0: L2 error(res) = 0.00410701
inverse::GMRES     |  Converged (relative res), itr=2 ||r||=0.0011896 ||r0||=4072.11
flow               |  ENorm (Infnorm) of: water_content: 
flow               |    ENorm (face) = [1489] 6.40688e-12 (4.20997e-13)
flow               |    ENorm (cell) = [111] 0.000900059 (2.89361e-05)
overland flow      |  ENorm (Infnorm) of: surface-water_content: 
overland flow      |    ENorm (cell) = [70] 5.47171e-11 (2.72241e-10)
overland flow      |    ENorm (boundary_face) = [-1] -1.79769e+308 (0)
Solver::NKA_BT_ATS |  3: NKA : error(res) = 0.000900059
Solver::NKA_BT_ATS |  3: NKA : L2 error(res) = 0.000175443
inverse::GMRES     |  Converged (relative res), itr=2 ||r||=4.0553e-05 ||r0||=455.843
flow               |  ENorm (Infnorm) of: water_content: 
flow               |    ENorm (face) = [2605] 5.77331e-12 (4.16556e-13)
flow               |    ENorm (cell) = [201] 4.62473e-05 (1.36639e-06)
overland flow      |  ENorm (Infnorm) of: surface-water_content: 
overland flow      |    ENorm (cell) = [73] 4.96819e-11 (2.55672e-10)
overland flow      |    ENorm (boundary_face) = [-1] -1.79769e+308 (0)
Solver::NKA_BT_ATS |  4: NKA : error(res) = 4.62473e-05
Solver::NKA_BT_ATS |  4: NKA : L2 error(res) = 7.25378e-06
inverse::GMRES     |  Converged (relative res), itr=2 ||r||=2.37884e-06 ||r0||=17.4828
flow               |  ENorm (Infnorm) of: water_content: 
flow               |    ENorm (face) = [2761] 7.20253e-12 (4.63185e-13)
flow               |    ENorm (cell) = [0] 2.22051e-06 (7.84799e-08)
overland flow      |  ENorm (Infnorm) of: surface-water_content: 
overland flow      |    ENorm (cell) = [74] 4.83972e-11 (2.434e-10)
overland flow      |    ENorm (boundary_face) = [-1] -1.79769e+308 (0)
Solver::NKA_BT_ATS |  5: NKA : error(res) = 2.22051e-06
Solver::NKA_BT_ATS |  5: NKA : L2 error(res) = 3.87695e-07
inverse::GMRES     |  Converged (relative res), itr=2 ||r||=1.39677e-07 ||r0||=1.02445
flow               |  ENorm (Infnorm) of: water_content: 
flow               |    ENorm (face) = [2806] 9.21191e-12 (5.64437e-13)
flow               |    ENorm (cell) = [0] 1.47503e-07 (5.21322e-09)
overland flow      |  ENorm (Infnorm) of: surface-water_content: 
overland flow      |    ENorm (cell) = [73] 8.38032e-11 (4.31267e-10)
overland flow      |    ENorm (boundary_face) = [-1] -1.79769e+308 (0)
Solver::NKA_BT_ATS |  6: NKA : error(res) = 1.47503e-07
Solver::NKA_BT_ATS |  6: NKA : L2 error(res) = 2.11256e-08
Solver::NKA_BT_ATS |  Solve succeeded: 6 iterations, error = 1.47503e-07
ATS                |  ================================================================================
ATS                |  
ATS                |  Cycle = 167,  Time [days] = 479,  dt [days] = 1
ATS                |  --------------------------------------------------------------------------------
snow storage       |  ----------------------------------------------------------------
snow storage       |  Advancing: t0 = 4.13856e+07 t1 = 4.1472e+07 h = 86400
snow storage       |  ----------------------------------------------------------------
snow storage       |   ENorm (Infnorm) of: snow-water_content: 
snow storage       |     ENorm (cell) = [0] 0.00482933 (0.00218027)
Solver::NKA_BT_ATS |  0: error(res) = 0.00482933
Solver::NKA_BT_ATS |  0: L2 error(res) = 0.0218027
snow storage       |   ENorm (Infnorm) of: snow-water_content: 
snow storage       |     ENorm (cell) = [0] 1.66186e-16 (7.50268e-17)
Solver::NKA_BT_ATS |  1: backtrack 0: error(res) = 1.66186e-16
Solver::NKA_BT_ATS |  1: backtrack 0: L2 error(res) = 7.50268e-16
Solver::NKA_BT_ATS |  Solve succeeded: 1 iterations, error = 1.66186e-16
surface-subsurface |  ----------------------------------------------------------------
surface-subsurface |  Advancing: t0 = 4.13856e+07 t1 = 4.1472e+07 h = 86400
surface-subsurface |  ----------------------------------------------------------------
flow               |  ENorm (Infnorm) of: water_content: 
flow               |    ENorm (face) = [1653] 0.209478 (0.0065408)
flow               |    ENorm (cell) = [200] 0.97926 (0.0376584)
overland flow      |  ENorm (Infnorm) of: surface-water_content: 
overland flow      |    ENorm (cell) = [80] 0.0243692 (0.00213218)
overland flow      |    ENorm (boundary_face) = [-1] -1.79769e+308 (0)
Solver::NKA_BT_ATS |  0: error(res) = 0.97926
Solver::NKA_BT_ATS |  0: L2 error(res) = 0.265494
inverse::GMRES     |  Converged (relative res), itr=6 ||r||=0.0235189 ||r0||=64334.9
flow               |  ENorm (Infnorm) of: water_content: 
flow               |    ENorm (face) = [1571] 2.42218e-10 (7.6632e-12)
flow               |    ENorm (cell) = [200] 0.351337 (0.013675)
overland flow      |  ENorm (Infnorm) of: surface-water_content: 
overland flow      |    ENorm (cell) = [80] 0.000828257 (7.17599e-05)
overland flow      |    ENorm (boundary_face) = [-1] -1.79769e+308 (0)
Solver::NKA_BT_ATS |  1: backtrack 0: error(res) = 0.351337
Solver::NKA_BT_ATS |  1: backtrack 0: L2 error(res) = 0.094333
inverse::GMRES     |  Converged (relative res), itr=3 ||r||=0.000823289 ||r0||=58280.5
flow               |  ENorm (Infnorm) of: water_content: 
flow               |    ENorm (face) = [3630] 8.48374e-12 (6.15064e-13)
flow               |    ENorm (cell) = [1] 0.0709581 (0.0025478)
overland flow      |  ENorm (Infnorm) of: surface-water_content: 
overland flow      |    ENorm (cell) = [80] 2.17361e-08 (2.46331e-09)
overland flow      |    ENorm (boundary_face) = [-1] -1.79769e+308 (0)
Solver::NKA_BT_ATS |  2: backtrack 0: error(res) = 0.0709581
Solver::NKA_BT_ATS |  2: backtrack 0: L2 error(res) = 0.0174276
inverse::GMRES     |  Converged (relative res), itr=2 ||r||=0.0036611 ||r0||=5233.8
flow               |  ENorm (Infnorm) of: water_content: 
flow               |    ENorm (face) = [2847] 8.54338e-12 (6.12843e-13)
flow               |    ENorm (cell) = [201] 0.00277714 (9.05269e-05)
overland flow      |  ENorm (Infnorm) of: surface-water_content: 
overland flow      |    ENorm (cell) = [73] 1.10703e-10 (5.69785e-10)
overland flow      |    ENorm (boundary_face) = [-1] -1.79769e+308 (0)
Solver::NKA_BT_ATS |  3: NKA : error(res) = 0.00277714
Solver::NKA_BT_ATS |  3: NKA : L2 error(res) = 0.000503023
inverse::GMRES     |  Converged (relative res), itr=2 ||r||=9.44032e-05 ||r0||=556.353
flow               |  ENorm (Infnorm) of: water_content: 
flow               |    ENorm (face) = [2847] 1.07686e-11 (6.55476e-13)
flow               |    ENorm (cell) = [161] 9.67456e-05 (3.25647e-06)
overland flow      |  ENorm (Infnorm) of: surface-water_content: 
overland flow      |    ENorm (cell) = [74] 1.15904e-10 (5.82996e-10)
overland flow      |    ENorm (boundary_face) = [-1] -1.79769e+308 (0)
Solver::NKA_BT_ATS |  4: NKA : error(res) = 9.67456e-05
Solver::NKA_BT_ATS |  4: NKA : L2 error(res) = 1.98241e-05
inverse::GMRES     |  Converged (relative res), itr=2 ||r||=6.34214e-06 ||r0||=64.1861
flow               |  ENorm (Infnorm) of: water_content: 
flow               |    ENorm (face) = [2806] 7.93631e-12 (4.86278e-13)
flow               |    ENorm (cell) = [140] 2.69047e-06 (1.02241e-07)
overland flow      |  ENorm (Infnorm) of: surface-water_content: 
overland flow      |    ENorm (cell) = [78] 4.35221e-11 (1.79539e-10)
overland flow      |    ENorm (boundary_face) = [-1] -1.79769e+308 (0)
Solver::NKA_BT_ATS |  5: NKA : error(res) = 2.69047e-06
Solver::NKA_BT_ATS |  5: NKA : L2 error(res) = 6.62228e-07
inverse::GMRES     |  Converged (relative res), itr=2 ||r||=1.86467e-07 ||r0||=1.47457
flow               |  ENorm (Infnorm) of: water_content: 
flow               |    ENorm (face) = [2974] 9.14862e-12 (5.54667e-13)
flow               |    ENorm (cell) = [211] 2.70231e-07 (9.42872e-09)
overland flow      |  ENorm (Infnorm) of: surface-water_content: 
overland flow      |    ENorm (cell) = [75] 1.17989e-10 (5.79109e-10)
overland flow      |    ENorm (boundary_face) = [-1] -1.79769e+308 (0)
Solver::NKA_BT_ATS |  6: NKA : error(res) = 2.70231e-07
Solver::NKA_BT_ATS |  6: NKA : L2 error(res) = 6.40661e-08
Solver::NKA_BT_ATS |  Solve succeeded: 6 iterations, error = 2.70231e-07
ATS                |  ================================================================================
ATS                |  
ATS                |  Cycle = 168,  Time [days] = 480,  dt [days] = 1
ATS                |  --------------------------------------------------------------------------------
snow storage       |  ----------------------------------------------------------------
snow storage       |  Advancing: t0 = 4.1472e+07 t1 = 4.15584e+07 h = 86400
snow storage       |  ----------------------------------------------------------------
snow storage       |   ENorm (Infnorm) of: snow-water_content: 
snow storage       |     ENorm (cell) = [0] 0.0150702 (0.0065408)
Solver::NKA_BT_ATS |  0: error(res) = 0.0150702
Solver::NKA_BT_ATS |  0: L2 error(res) = 0.065408
snow storage       |   ENorm (Infnorm) of: snow-water_content: 
snow storage       |     ENorm (cell) = [0] 1.19906e-16 (5.20417e-17)
Solver::NKA_BT_ATS |  1: backtrack 0: error(res) = 1.19906e-16
Solver::NKA_BT_ATS |  1: backtrack 0: L2 error(res) = 5.20417e-16
Solver::NKA_BT_ATS |  Solve succeeded: 1 iterations, error = 1.19906e-16
surface-subsurface |  ----------------------------------------------------------------
surface-subsurface |  Advancing: t0 = 4.1472e+07 t1 = 4.15584e+07 h = 86400
surface-subsurface |  ----------------------------------------------------------------
flow               |  ENorm (Infnorm) of: water_content: 
flow               |    ENorm (face) = [1694] 0.131172 (0.00436053)
flow               |    ENorm (cell) = [171] 0.170346 (0.00648114)
overland flow      |  ENorm (Infnorm) of: surface-water_content: 
overland flow      |    ENorm (cell) = [80] 0.0678583 (0.00601372)
overland flow      |    ENorm (boundary_face) = [-1] -1.79769e+308 (0)
Solver::NKA_BT_ATS |  0: error(res) = 0.170346
Solver::NKA_BT_ATS |  0: L2 error(res) = 0.0736996
inverse::GMRES     |  Converged (relative res), itr=3 ||r||=0.0213229 ||r0||=63691.7
flow               |  ENorm (Infnorm) of: water_content: 
flow               |    ENorm (face) = [1694] 1.90995e-09 (6.36953e-11)
flow               |    ENorm (cell) = [253] 0.0266355 (0.000912091)
overland flow      |  ENorm (Infnorm) of: surface-water_content: 
overland flow      |    ENorm (cell) = [80] 0.0260395 (0.00230767)
overland flow      |    ENorm (boundary_face) = [-1] -1.79769e+308 (0)
Solver::NKA_BT_ATS |  1: backtrack 0: error(res) = 0.0266355
Solver::NKA_BT_ATS |  1: backtrack 0: L2 error(res) = 0.00670775
inverse::GMRES     |  Converged (relative res), itr=3 ||r||=0.00109803 ||r0||=7077.95
flow               |  ENorm (Infnorm) of: water_content: 
flow               |    ENorm (face) = [3093] 6.76269e-12 (4.85834e-13)
flow               |    ENorm (cell) = [224] 0.000791981 (4.34854e-05)
overland flow      |  ENorm (Infnorm) of: surface-water_content: 
overland flow      |    ENorm (cell) = [80] 1.3949e-05 (1.23619e-06)
overland flow      |    ENorm (boundary_face) = [-1] -1.79769e+308 (0)
Solver::NKA_BT_ATS |  2: backtrack 0: error(res) = 0.000791981
Solver::NKA_BT_ATS |  2: backtrack 0: L2 error(res) = 0.000216734
inverse::GMRES     |  Converged (relative res), itr=2 ||r||=0.000115209 ||r0||=415.533
flow               |  ENorm (Infnorm) of: water_content: 
flow               |    ENorm (face) = [3790] 8.30747e-12 (6.00409e-13)
flow               |    ENorm (cell) = [210] 4.88261e-05 (2.09254e-06)
overland flow      |  ENorm (Infnorm) of: surface-water_content: 
overland flow      |    ENorm (cell) = [81] 2.07948e-10 (2.96638e-10)
overland flow      |    ENorm (boundary_face) = [-1] -1.79769e+308 (0)
Solver::NKA_BT_ATS |  3: NKA : error(res) = 4.88261e-05
Solver::NKA_BT_ATS |  3: NKA : L2 error(res) = 1.32929e-05
inverse::GMRES     |  Converged (relative res), itr=2 ||r||=5.5376e-06 ||r0||=24.4478
flow               |  ENorm (Infnorm) of: water_content: 
flow               |    ENorm (face) = [3216] 7.47004e-12 (4.93383e-13)
flow               |    ENorm (cell) = [202] 9.27668e-07 (4.14744e-08)
overland flow      |  ENorm (Infnorm) of: surface-water_content: 
overland flow      |    ENorm (cell) = [70] 7.14808e-11 (3.55853e-10)
overland flow      |    ENorm (boundary_face) = [-1] -1.79769e+308 (0)
Solver::NKA_BT_ATS |  4: NKA : error(res) = 9.27668e-07
Solver::NKA_BT_ATS |  4: NKA : L2 error(res) = 2.56145e-07
Solver::NKA_BT_ATS |  Solve succeeded: 4 iterations, error = 9.27668e-07
ATS                |  ================================================================================
ATS                |  
ATS                |  Cycle = 169,  Time [days] = 481,  dt [days] = 1
ATS                |  --------------------------------------------------------------------------------
snow storage       |  ----------------------------------------------------------------
snow storage       |  Advancing: t0 = 4.15584e+07 t1 = 4.16448e+07 h = 86400
snow storage       |  ----------------------------------------------------------------
snow storage       |   ENorm (Infnorm) of: snow-water_content: 
snow storage       |     ENorm (cell) = [0] 2.62299e-16 (1.07553e-16)
Solver::NKA_BT_ATS |  0: error(res) = 2.62299e-16
Solver::NKA_BT_ATS |  0: L2 error(res) = 1.07553e-15
Solver::NKA_BT_ATS |  Solve succeeded: 0 iterations, error = 2.62299e-16
surface-subsurface |  ----------------------------------------------------------------
surface-subsurface |  Advancing: t0 = 4.15584e+07 t1 = 4.16448e+07 h = 86400
surface-subsurface |  ----------------------------------------------------------------
flow               |  ENorm (Infnorm) of: water_content: 
flow               |    ENorm (face) = [1694] 0.183518 (0.0065408)
flow               |    ENorm (cell) = [204] 0.185317 (0.0108199)
overland flow      |  ENorm (Infnorm) of: surface-water_content: 
overland flow      |    ENorm (cell) = [80] 0.0858871 (0.00842305)
overland flow      |    ENorm (boundary_face) = [-1] -1.79769e+308 (0)
Solver::NKA_BT_ATS |  0: error(res) = 0.185317
Solver::NKA_BT_ATS |  0: L2 error(res) = 0.0931421
inverse::GMRES     |  Converged (relative res), itr=4 ||r||=0.00426579 ||r0||=57473.2
flow               |  ENorm (Infnorm) of: water_content: 
flow               |    ENorm (face) = [1735] 1.30181e-09 (4.64708e-11)
flow               |    ENorm (cell) = [214] 0.0595594 (0.00344817)
overland flow      |  ENorm (Infnorm) of: surface-water_content: 
overland flow      |    ENorm (cell) = [80] 0.00143213 (0.000141001)
overland flow      |    ENorm (boundary_face) = [-1] -1.79769e+308 (0)
Solver::NKA_BT_ATS |  1: backtrack 0: error(res) = 0.0595594
Solver::NKA_BT_ATS |  1: backtrack 0: L2 error(res) = 0.0209695
inverse::GMRES     |  Converged (relative res), itr=2 ||r||=0.0191259 ||r0||=22439.1
flow               |  ENorm (Infnorm) of: water_content: 
flow               |    ENorm (face) = [2806] 6.69693e-12 (4.2677e-13)
flow               |    ENorm (cell) = [3] 0.00365596 (0.000183589)
overland flow      |  ENorm (Infnorm) of: surface-water_content: 
overland flow      |    ENorm (cell) = [80] 5.14735e-08 (3.49685e-08)
overland flow      |    ENorm (boundary_face) = [-1] -1.79769e+308 (0)
Solver::NKA_BT_ATS |  2: backtrack 0: error(res) = 0.00365596
Solver::NKA_BT_ATS |  2: backtrack 0: L2 error(res) = 0.00108488
inverse::GMRES     |  Converged (relative res), itr=2 ||r||=0.00028973 ||r0||=1184.91
flow               |  ENorm (Infnorm) of: water_content: 
flow               |    ENorm (face) = [2929] 6.96805e-12 (4.73399e-13)
flow               |    ENorm (cell) = [4] 0.000145125 (9.19307e-06)
overland flow      |  ENorm (Infnorm) of: surface-water_content: 
overland flow      |    ENorm (cell) = [83] 1.63191e-10 (2.88742e-10)
overland flow      |    ENorm (boundary_face) = [-1] -1.79769e+308 (0)
Solver::NKA_BT_ATS |  3: NKA : error(res) = 0.000145125
Solver::NKA_BT_ATS |  3: NKA : L2 error(res) = 4.42399e-05
inverse::GMRES     |  Converged (relative res), itr=2 ||r||=1.27403e-05 ||r0||=58.5913
flow               |  ENorm (Infnorm) of: water_content: 
flow               |    ENorm (face) = [3175] 7.09047e-12 (4.55191e-13)
flow               |    ENorm (cell) = [2] 3.88176e-06 (1.51424e-07)
overland flow      |  ENorm (Infnorm) of: surface-water_content: 
overland flow      |    ENorm (cell) = [74] 5.47723e-11 (2.76155e-10)
overland flow      |    ENorm (boundary_face) = [-1] -1.79769e+308 (0)
Solver::NKA_BT_ATS |  4: NKA : error(res) = 3.88176e-06
Solver::NKA_BT_ATS |  4: NKA : L2 error(res) = 9.19225e-07
inverse::GMRES     |  Converged (relative res), itr=2 ||r||=3.48177e-07 ||r0||=1.37434
flow               |  ENorm (Infnorm) of: water_content: 
flow               |    ENorm (face) = [3142] 5.85835e-12 (3.69482e-13)
flow               |    ENorm (cell) = [3] 1.13101e-07 (3.99126e-09)
overland flow      |  ENorm (Infnorm) of: surface-water_content: 
overland flow      |    ENorm (cell) = [74] 5.33191e-11 (2.68828e-10)
overland flow      |    ENorm (boundary_face) = [-1] -1.79769e+308 (0)
Solver::NKA_BT_ATS |  5: NKA : error(res) = 1.13101e-07
Solver::NKA_BT_ATS |  5: NKA : L2 error(res) = 1.8165e-08
Solver::NKA_BT_ATS |  Solve succeeded: 5 iterations, error = 1.13101e-07
ATS                |  ================================================================================
ATS                |  
ATS                |  Cycle = 170,  Time [days] = 482,  dt [days] = 1
ATS                |  --------------------------------------------------------------------------------
snow storage       |  ----------------------------------------------------------------
snow storage       |  Advancing: t0 = 4.16448e+07 t1 = 4.17312e+07 h = 86400
snow storage       |  ----------------------------------------------------------------
snow storage       |   ENorm (Infnorm) of: snow-water_content: 
snow storage       |     ENorm (cell) = [0] 0.0169426 (0.0065408)
Solver::NKA_BT_ATS |  0: error(res) = 0.0169426
Solver::NKA_BT_ATS |  0: L2 error(res) = 0.065408
snow storage       |   ENorm (Infnorm) of: snow-water_content: 
snow storage       |     ENorm (cell) = [0] 1.65134e-16 (6.37511e-17)
Solver::NKA_BT_ATS |  1: backtrack 0: error(res) = 1.65134e-16
Solver::NKA_BT_ATS |  1: backtrack 0: L2 error(res) = 6.37511e-16
Solver::NKA_BT_ATS |  Solve succeeded: 1 iterations, error = 1.65134e-16
surface-subsurface |  ----------------------------------------------------------------
surface-subsurface |  Advancing: t0 = 4.16448e+07 t1 = 4.17312e+07 h = 86400
surface-subsurface |  ----------------------------------------------------------------
flow               |  ENorm (Infnorm) of: water_content: 
flow               |    ENorm (face) = [1735] 0.17795 (0.0065408)
flow               |    ENorm (cell) = [3] 0.161859 (0.00619821)
overland flow      |  ENorm (Infnorm) of: surface-water_content: 
overland flow      |    ENorm (cell) = [81] 0.0369116 (0.0119161)
overland flow      |    ENorm (boundary_face) = [-1] -1.79769e+308 (0)
Solver::NKA_BT_ATS |  0: error(res) = 0.17795
Solver::NKA_BT_ATS |  0: L2 error(res) = 0.0880788
inverse::GMRES     |  Converged (relative res), itr=3 ||r||=0.0523607 ||r0||=64141.6
flow               |  ENorm (Infnorm) of: water_content: 
flow               |    ENorm (face) = [1735] 5.42368e-09 (1.99516e-10)
flow               |    ENorm (cell) = [3] 0.0434335 (0.00213279)
overland flow      |  ENorm (Infnorm) of: surface-water_content: 
overland flow      |    ENorm (cell) = [80] 0.0189086 (0.00209741)
overland flow      |    ENorm (boundary_face) = [-1] -1.79769e+308 (0)
Solver::NKA_BT_ATS |  1: backtrack 0: error(res) = 0.0434335
Solver::NKA_BT_ATS |  1: backtrack 0: L2 error(res) = 0.015212
inverse::GMRES     |  Converged (relative res), itr=3 ||r||=0.00152788 ||r0||=22502.5
flow               |  ENorm (Infnorm) of: water_content: 
flow               |    ENorm (face) = [3056] 8.6531e-12 (5.90639e-13)
flow               |    ENorm (cell) = [3] 0.00324452 (0.000124245)
overland flow      |  ENorm (Infnorm) of: surface-water_content: 
overland flow      |    ENorm (cell) = [80] 7.46988e-06 (7.97355e-07)
overland flow      |    ENorm (boundary_face) = [-1] -1.79769e+308 (0)
Solver::NKA_BT_ATS |  2: backtrack 0: error(res) = 0.00324452
Solver::NKA_BT_ATS |  2: backtrack 0: L2 error(res) = 0.000867592
inverse::GMRES     |  Converged (relative res), itr=2 ||r||=0.000352663 ||r0||=1301.09
flow               |  ENorm (Infnorm) of: water_content: 
flow               |    ENorm (face) = [2564] 7.21363e-12 (5.10259e-13)
flow               |    ENorm (cell) = [195] 7.9983e-05 (5.0734e-06)
overland flow      |  ENorm (Infnorm) of: surface-water_content: 
overland flow      |    ENorm (cell) = [63] 1.40628e-10 (4.70497e-10)
overland flow      |    ENorm (boundary_face) = [-1] -1.79769e+308 (0)
Solver::NKA_BT_ATS |  3: NKA : error(res) = 7.9983e-05
Solver::NKA_BT_ATS |  3: NKA : L2 error(res) = 3.14897e-05
inverse::GMRES     |  Converged (relative res), itr=2 ||r||=1.01706e-05 ||r0||=52.2123
flow               |  ENorm (Infnorm) of: water_content: 
flow               |    ENorm (face) = [3540] 8.30252e-12 (6.03073e-13)
flow               |    ENorm (cell) = [104] 2.51571e-06 (1.63515e-07)
overland flow      |  ENorm (Infnorm) of: surface-water_content: 
overland flow      |    ENorm (cell) = [71] 8.11675e-11 (4.16839e-10)
overland flow      |    ENorm (boundary_face) = [-1] -1.79769e+308 (0)
Solver::NKA_BT_ATS |  4: NKA : error(res) = 2.51571e-06
Solver::NKA_BT_ATS |  4: NKA : L2 error(res) = 7.83019e-07
inverse::GMRES     |  Converged (relative res), itr=2 ||r||=3.52977e-07 ||r0||=1.67215
flow               |  ENorm (Infnorm) of: water_content: 
flow               |    ENorm (face) = [3544] 6.99409e-12 (5.08038e-13)
flow               |    ENorm (cell) = [100] 7.67567e-08 (4.80079e-09)
overland flow      |  ENorm (Infnorm) of: surface-water_content: 
overland flow      |    ENorm (cell) = [71] 1.0212e-10 (5.2444e-10)
overland flow      |    ENorm (boundary_face) = [-1] -1.79769e+308 (0)
Solver::NKA_BT_ATS |  5: NKA : error(res) = 7.67567e-08
Solver::NKA_BT_ATS |  5: NKA : L2 error(res) = 2.9079e-08
Solver::NKA_BT_ATS |  Solve succeeded: 5 iterations, error = 7.67567e-08
ATS                |  ================================================================================
ATS                |  
ATS                |  Cycle = 171,  Time [days] = 483,  dt [days] = 1
ATS                |  --------------------------------------------------------------------------------
snow storage       |  ----------------------------------------------------------------
snow storage       |  Advancing: t0 = 4.17312e+07 t1 = 4.18176e+07 h = 86400
snow storage       |  ----------------------------------------------------------------
snow storage       |   ENorm (Infnorm) of: snow-water_content: 
snow storage       |     ENorm (cell) = [0] 0.0177443 (0.0065408)
Solver::NKA_BT_ATS |  0: error(res) = 0.0177443
Solver::NKA_BT_ATS |  0: L2 error(res) = 0.065408
snow storage       |   ENorm (Infnorm) of: snow-water_content: 
snow storage       |     ENorm (cell) = [0] 1.60007e-16 (5.89806e-17)
Solver::NKA_BT_ATS |  1: backtrack 0: error(res) = 1.60007e-16
Solver::NKA_BT_ATS |  1: backtrack 0: L2 error(res) = 5.89806e-16
Solver::NKA_BT_ATS |  Solve succeeded: 1 iterations, error = 1.60007e-16
surface-subsurface |  ----------------------------------------------------------------
surface-subsurface |  Advancing: t0 = 4.17312e+07 t1 = 4.18176e+07 h = 86400
surface-subsurface |  ----------------------------------------------------------------
flow               |  ENorm (Infnorm) of: water_content: 
flow               |    ENorm (face) = [1735] 0.360815 (0.0130816)
flow               |    ENorm (cell) = [214] 0.060973 (0.00399268)
overland flow      |  ENorm (Infnorm) of: surface-water_content: 
overland flow      |    ENorm (cell) = [80] 0.0449279 (0.00481534)
overland flow      |    ENorm (boundary_face) = [-1] -1.79769e+308 (0)
Solver::NKA_BT_ATS |  0: error(res) = 0.360815
Solver::NKA_BT_ATS |  0: L2 error(res) = 0.113111
inverse::GMRES     |  Converged (relative res), itr=4 ||r||=0.00348808 ||r0||=38770.4
flow               |  ENorm (Infnorm) of: water_content: 
flow               |    ENorm (face) = [1735] 1.0525e-08 (3.81669e-10)
flow               |    ENorm (cell) = [340] 0.108045 (0.00425661)
overland flow      |  ENorm (Infnorm) of: surface-water_content: 
overland flow      |    ENorm (cell) = [80] 0.0159119 (0.00174122)
overland flow      |    ENorm (boundary_face) = [-1] -1.79769e+308 (0)
Solver::NKA_BT_ATS |  1: backtrack 0: error(res) = 0.108045
Solver::NKA_BT_ATS |  1: backtrack 0: L2 error(res) = 0.032507
inverse::GMRES     |  Converged (relative res), itr=3 ||r||=0.00499231 ||r0||=5343.28
flow               |  ENorm (Infnorm) of: water_content: 
flow               |    ENorm (face) = [2970] 7.03914e-12 (4.61409e-13)
flow               |    ENorm (cell) = [320] 0.00522791 (0.000212693)
overland flow      |  ENorm (Infnorm) of: surface-water_content: 
overland flow      |    ENorm (cell) = [80] 3.957e-06 (4.23948e-07)
overland flow      |    ENorm (boundary_face) = [-1] -1.79769e+308 (0)
Solver::NKA_BT_ATS |  2: backtrack 0: error(res) = 0.00522791
Solver::NKA_BT_ATS |  2: backtrack 0: L2 error(res) = 0.00186159
inverse::GMRES     |  Converged (relative res), itr=2 ||r||=0.000281613 ||r0||=281.751
flow               |  ENorm (Infnorm) of: water_content: 
flow               |    ENorm (face) = [2802] 7.49425e-12 (4.59188e-13)
flow               |    ENorm (cell) = [0] 4.4163e-05 (2.16109e-06)
overland flow      |  ENorm (Infnorm) of: surface-water_content: 
overland flow      |    ENorm (cell) = [74] 9.09234e-11 (4.59266e-10)
overland flow      |    ENorm (boundary_face) = [-1] -1.79769e+308 (0)
Solver::NKA_BT_ATS |  3: NKA : error(res) = 4.4163e-05
Solver::NKA_BT_ATS |  3: NKA : L2 error(res) = 1.29306e-05
inverse::GMRES     |  Converged (relative res), itr=2 ||r||=4.36201e-06 ||r0||=9.19314
flow               |  ENorm (Infnorm) of: water_content: 
flow               |    ENorm (face) = [3134] 7.00898e-12 (4.40981e-13)
flow               |    ENorm (cell) = [1] 7.17012e-07 (3.88127e-08)
overland flow      |  ENorm (Infnorm) of: surface-water_content: 
overland flow      |    ENorm (cell) = [73] 8.63487e-11 (4.4626e-10)
overland flow      |    ENorm (boundary_face) = [-1] -1.79769e+308 (0)
Solver::NKA_BT_ATS |  4: NKA : error(res) = 7.17012e-07
Solver::NKA_BT_ATS |  4: NKA : L2 error(res) = 2.54131e-07
Solver::NKA_BT_ATS |  Solve succeeded: 4 iterations, error = 7.17012e-07
ATS                |  ================================================================================
ATS                |  
ATS                |  Cycle = 172,  Time [days] = 484,  dt [days] = 1
ATS                |  --------------------------------------------------------------------------------
snow storage       |  ----------------------------------------------------------------
snow storage       |  Advancing: t0 = 4.18176e+07 t1 = 4.1904e+07 h = 86400
snow storage       |  ----------------------------------------------------------------
snow storage       |   ENorm (Infnorm) of: snow-water_content: 
snow storage       |     ENorm (cell) = [0] 0.0316319 (0.0109013)
Solver::NKA_BT_ATS |  0: error(res) = 0.0316319
Solver::NKA_BT_ATS |  0: L2 error(res) = 0.109013
snow storage       |   ENorm (Infnorm) of: snow-water_content: 
snow storage       |     ENorm (cell) = [0] 2.76847e-17 (9.54098e-18)
Solver::NKA_BT_ATS |  1: backtrack 0: error(res) = 2.76847e-17
Solver::NKA_BT_ATS |  1: backtrack 0: L2 error(res) = 9.54098e-17
Solver::NKA_BT_ATS |  Solve succeeded: 1 iterations, error = 2.76847e-17
surface-subsurface |  ----------------------------------------------------------------
surface-subsurface |  Advancing: t0 = 4.18176e+07 t1 = 4.1904e+07 h = 86400
surface-subsurface |  ----------------------------------------------------------------
flow               |  ENorm (Infnorm) of: water_content: 
flow               |    ENorm (face) = [1776] 0.116412 (0.00436053)
flow               |    ENorm (cell) = [361] 0.0474044 (0.00264086)
overland flow      |  ENorm (Infnorm) of: surface-water_content: 
overland flow      |    ENorm (cell) = [80] 0.137809 (0.0159324)
overland flow      |    ENorm (boundary_face) = [-1] -1.79769e+308 (0)
Solver::NKA_BT_ATS |  0: error(res) = 0.137809
Solver::NKA_BT_ATS |  0: L2 error(res) = 0.088083
inverse::GMRES     |  Converged (relative res), itr=4 ||r||=0.00119331 ||r0||=37638.8
flow               |  ENorm (Infnorm) of: water_content: 
flow               |    ENorm (face) = [1735] 1.78614e-09 (6.70655e-11)
flow               |    ENorm (cell) = [311] 0.00817572 (0.000373802)
overland flow      |  ENorm (Infnorm) of: surface-water_content: 
overland flow      |    ENorm (cell) = [80] 0.0113254 (0.00130936)
overland flow      |    ENorm (boundary_face) = [-1] -1.79769e+308 (0)
Solver::NKA_BT_ATS |  1: backtrack 0: error(res) = 0.0113254
Solver::NKA_BT_ATS |  1: backtrack 0: L2 error(res) = 0.00455928
inverse::GMRES     |  Converged (relative res), itr=3 ||r||=0.00249261 ||r0||=2969.71
flow               |  ENorm (Infnorm) of: water_content: 
flow               |    ENorm (face) = [2769] 6.44121e-12 (4.40536e-13)
flow               |    ENorm (cell) = [290] 8.86627e-05 (4.22381e-06)
overland flow      |  ENorm (Infnorm) of: surface-water_content: 
overland flow      |    ENorm (cell) = [80] 1.42389e-06 (1.6462e-07)
overland flow      |    ENorm (boundary_face) = [-1] -1.79769e+308 (0)
Solver::NKA_BT_ATS |  2: backtrack 0: error(res) = 8.86627e-05
Solver::NKA_BT_ATS |  2: backtrack 0: L2 error(res) = 4.31089e-05
inverse::GMRES     |  Converged (relative res), itr=3 ||r||=5.42503e-06 ||r0||=72.0743
flow               |  ENorm (Infnorm) of: water_content: 
flow               |    ENorm (face) = [2605] 7.69997e-12 (5.19584e-13)
flow               |    ENorm (cell) = [5] 2.62546e-06 (1.71749e-07)
overland flow      |  ENorm (Infnorm) of: surface-water_content: 
overland flow      |    ENorm (cell) = [73] 7.05349e-11 (3.65139e-10)
overland flow      |    ENorm (boundary_face) = [-1] -1.79769e+308 (0)
Solver::NKA_BT_ATS |  3: NKA : error(res) = 2.62546e-06
Solver::NKA_BT_ATS |  3: NKA : L2 error(res) = 8.45614e-07
inverse::GMRES     |  Converged (relative res), itr=2 ||r||=7.55134e-07 ||r0||=2.52513
flow               |  ENorm (Infnorm) of: water_content: 
flow               |    ENorm (face) = [3745] 7.15967e-12 (5.17808e-13)
flow               |    ENorm (cell) = [0] 6.57054e-08 (4.12052e-09)
overland flow      |  ENorm (Infnorm) of: surface-water_content: 
overland flow      |    ENorm (cell) = [70] 6.19524e-11 (3.10131e-10)
overland flow      |    ENorm (boundary_face) = [-1] -1.79769e+308 (0)
Solver::NKA_BT_ATS |  4: NKA : error(res) = 6.57054e-08
Solver::NKA_BT_ATS |  4: NKA : L2 error(res) = 2.12915e-08
Solver::NKA_BT_ATS |  Solve succeeded: 4 iterations, error = 6.57054e-08
ATS                |  ================================================================================
ATS                |  
ATS                |  Cycle = 173,  Time [days] = 485,  dt [days] = 1
ATS                |  --------------------------------------------------------------------------------
snow storage       |  ----------------------------------------------------------------
snow storage       |  Advancing: t0 = 4.1904e+07 t1 = 4.19904e+07 h = 86400
snow storage       |  ----------------------------------------------------------------
snow storage       |   ENorm (Infnorm) of: snow-water_content: 
snow storage       |     ENorm (cell) = [0] 0.0281555 (0.00872106)
Solver::NKA_BT_ATS |  0: error(res) = 0.0281555
Solver::NKA_BT_ATS |  0: L2 error(res) = 0.0872106
snow storage       |   ENorm (Infnorm) of: snow-water_content: 
snow storage       |     ENorm (cell) = [0] 7.28061e-17 (2.25514e-17)
Solver::NKA_BT_ATS |  1: backtrack 0: error(res) = 7.28061e-17
Solver::NKA_BT_ATS |  1: backtrack 0: L2 error(res) = 2.25514e-16
Solver::NKA_BT_ATS |  Solve succeeded: 1 iterations, error = 7.28061e-17
surface-subsurface |  ----------------------------------------------------------------
surface-subsurface |  Advancing: t0 = 4.1904e+07 t1 = 4.19904e+07 h = 86400
surface-subsurface |  ----------------------------------------------------------------
flow               |  ENorm (Infnorm) of: water_content: 
flow               |    ENorm (face) = [1817] 0.0551031 (0.00218027)
flow               |    ENorm (cell) = [400] 0.117562 (0.00488287)
overland flow      |  ENorm (Infnorm) of: surface-water_content: 
overland flow      |    ENorm (cell) = [80] 0.170992 (0.0230912)
overland flow      |    ENorm (boundary_face) = [-1] -1.79769e+308 (0)
Solver::NKA_BT_ATS |  0: error(res) = 0.170992
Solver::NKA_BT_ATS |  0: L2 error(res) = 0.0766239
inverse::GMRES     |  Converged (relative res), itr=3 ||r||=0.0262319 ||r0||=47230.1
flow               |  ENorm (Infnorm) of: water_content: 
flow               |    ENorm (face) = [1817] 1.54815e-09 (6.1485e-11)
flow               |    ENorm (cell) = [307] 0.00978362 (0.000509984)
overland flow      |  ENorm (Infnorm) of: surface-water_content: 
overland flow      |    ENorm (cell) = [80] 0.0087412 (0.00123475)
overland flow      |    ENorm (boundary_face) = [-1] -1.79769e+308 (0)
Solver::NKA_BT_ATS |  1: backtrack 0: error(res) = 0.00978362
Solver::NKA_BT_ATS |  1: backtrack 0: L2 error(res) = 0.0043897
inverse::GMRES     |  Converged (relative res), itr=3 ||r||=0.000510768 ||r0||=4969.8
flow               |  ENorm (Infnorm) of: water_content: 
flow               |    ENorm (face) = [3052] 9.07315e-12 (5.56444e-13)
flow               |    ENorm (cell) = [6] 5.1824e-05 (4.56602e-06)
overland flow      |  ENorm (Infnorm) of: surface-water_content: 
overland flow      |    ENorm (cell) = [80] 2.96681e-07 (4.00644e-08)
overland flow      |    ENorm (boundary_face) = [-1] -1.79769e+308 (0)
Solver::NKA_BT_ATS |  2: backtrack 0: error(res) = 5.1824e-05
Solver::NKA_BT_ATS |  2: backtrack 0: L2 error(res) = 3.0109e-05
inverse::GMRES     |  Converged (relative res), itr=2 ||r||=3.66856e-05 ||r0||=61.3858
flow               |  ENorm (Infnorm) of: water_content: 
flow               |    ENorm (face) = [2933] 6.66724e-12 (4.63185e-13)
flow               |    ENorm (cell) = [44] 1.4055e-06 (1.3023e-07)
overland flow      |  ENorm (Infnorm) of: surface-water_content: 
overland flow      |    ENorm (cell) = [68] 9.68707e-11 (4.36868e-10)
overland flow      |    ENorm (boundary_face) = [-1] -1.79769e+308 (0)
Solver::NKA_BT_ATS |  3: NKA : error(res) = 1.4055e-06
Solver::NKA_BT_ATS |  3: NKA : L2 error(res) = 8.36156e-07
inverse::GMRES     |  Converged (relative res), itr=2 ||r||=8.12044e-07 ||r0||=1.41023
flow               |  ENorm (Infnorm) of: water_content: 
flow               |    ENorm (face) = [2683] 7.80036e-12 (4.95604e-13)
flow               |    ENorm (cell) = [0] 2.3888e-08 (1.55264e-09)
overland flow      |  ENorm (Infnorm) of: surface-water_content: 
overland flow      |    ENorm (cell) = [70] 7.67277e-11 (3.85603e-10)
overland flow      |    ENorm (boundary_face) = [-1] -1.79769e+308 (0)
Solver::NKA_BT_ATS |  4: NKA : error(res) = 2.3888e-08
Solver::NKA_BT_ATS |  4: NKA : L2 error(res) = 1.1458e-08
Solver::NKA_BT_ATS |  Solve succeeded: 4 iterations, error = 2.3888e-08
ATS                |  ================================================================================
ATS                |  
ATS                |  Cycle = 174,  Time [days] = 486,  dt [days] = 1
ATS                |  --------------------------------------------------------------------------------
snow storage       |  ----------------------------------------------------------------
snow storage       |  Advancing: t0 = 4.19904e+07 t1 = 4.20768e+07 h = 86400
snow storage       |  ----------------------------------------------------------------
snow storage       |   ENorm (Infnorm) of: snow-water_content: 
snow storage       |     ENorm (cell) = [0] 0.00819215 (0.00218027)
Solver::NKA_BT_ATS |  0: error(res) = 0.00819215
Solver::NKA_BT_ATS |  0: L2 error(res) = 0.0218027
snow storage       |   ENorm (Infnorm) of: snow-water_content: 
snow storage       |     ENorm (cell) = [0] 1.30361e-16 (3.46945e-17)
Solver::NKA_BT_ATS |  1: backtrack 0: error(res) = 1.30361e-16
Solver::NKA_BT_ATS |  1: backtrack 0: L2 error(res) = 3.46945e-16
Solver::NKA_BT_ATS |  Solve succeeded: 1 iterations, error = 1.30361e-16
surface-subsurface |  ----------------------------------------------------------------
surface-subsurface |  Advancing: t0 = 4.19904e+07 t1 = 4.20768e+07 h = 86400
surface-subsurface |  ----------------------------------------------------------------
flow               |  ENorm (Infnorm) of: water_content: 
flow               |    ENorm (face) = [1858] 0.109803 (0.00454675)
flow               |    ENorm (cell) = [4] 0.0691231 (0.00606954)
overland flow      |  ENorm (Infnorm) of: surface-water_content: 
overland flow      |    ENorm (cell) = [61] 0.142861 (0.0219036)
overland flow      |    ENorm (boundary_face) = [-1] -1.79769e+308 (0)
Solver::NKA_BT_ATS |  0: error(res) = 0.142861
Solver::NKA_BT_ATS |  0: L2 error(res) = 0.14253
inverse::GMRES     |  Converged (relative res), itr=3 ||r||=0.0395033 ||r0||=115725
flow               |  ENorm (Infnorm) of: water_content: 
flow               |    ENorm (face) = [1858] 5.0202e-09 (2.08056e-10)
flow               |    ENorm (cell) = [156] 0.0465973 (0.00296347)
overland flow      |  ENorm (Infnorm) of: surface-water_content: 
overland flow      |    ENorm (cell) = [61] 15.3564 (0.488949)
overland flow      |    ENorm (boundary_face) = [-1] -1.79769e+308 (0)
Solver::NKA_BT_ATS |  1: backtrack 0: error(res) = 15.3564
Solver::NKA_BT_ATS |  1: backtrack 0: L2 error(res) = 0.691659
flow               |  ENorm (Infnorm) of: water_content: 
flow               |    ENorm (face) = [1858] 0.0549016 (0.00227338)
flow               |    ENorm (cell) = [204] 0.031337 (0.00270829)
overland flow      |  ENorm (Infnorm) of: surface-water_content: 
overland flow      |    ENorm (cell) = [61] 4.95492 (0.164772)
overland flow      |    ENorm (boundary_face) = [-1] -1.79769e+308 (0)
Solver::NKA_BT_ATS |  1: backtrack 1: error(res) = 4.95492
Solver::NKA_BT_ATS |  1: backtrack 1: L2 error(res) = 0.23842
flow               |  ENorm (Infnorm) of: water_content: 
flow               |    ENorm (face) = [1858] 0.0823524 (0.00341006)
flow               |    ENorm (cell) = [4] 0.0507751 (0.00445845)
overland flow      |  ENorm (Infnorm) of: surface-water_content: 
overland flow      |    ENorm (cell) = [61] 1.65112 (0.0630932)
overland flow      |    ENorm (boundary_face) = [-1] -1.79769e+308 (0)
Solver::NKA_BT_ATS |  1: backtrack 2: error(res) = 1.65112
Solver::NKA_BT_ATS |  1: backtrack 2: L2 error(res) = 0.133756
inverse::GMRES     |  Converged (relative res), itr=3 ||r||=0.0219648 ||r0||=77872.7
flow               |  ENorm (Infnorm) of: water_content: 
flow               |    ENorm (face) = [1858] 3.33854e-09 (1.38424e-10)
flow               |    ENorm (cell) = [166] 0.0184024 (0.00116692)
overland flow      |  ENorm (Infnorm) of: surface-water_content: 
overland flow      |    ENorm (cell) = [61] 0.20816 (0.00662547)
overland flow      |    ENorm (boundary_face) = [-1] -1.79769e+308 (0)
Solver::NKA_BT_ATS |  2: backtrack 0: error(res) = 0.20816
Solver::NKA_BT_ATS |  2: backtrack 0: L2 error(res) = 0.0130177
inverse::GMRES     |  Converged (relative res), itr=3 ||r||=0.000593593 ||r0||=9848.29
flow               |  ENorm (Infnorm) of: water_content: 
flow               |    ENorm (face) = [2728] 7.08077e-12 (4.8983e-13)
flow               |    ENorm (cell) = [307] 0.000978304 (5.88634e-05)
overland flow      |  ENorm (Infnorm) of: surface-water_content: 
overland flow      |    ENorm (cell) = [61] 0.0136638 (0.000434901)
overland flow      |    ENorm (boundary_face) = [-1] -1.79769e+308 (0)
Solver::NKA_BT_ATS |  3: NKA : error(res) = 0.0136638
Solver::NKA_BT_ATS |  3: NKA : L2 error(res) = 0.000711985
inverse::GMRES     |  Converged (relative res), itr=2 ||r||=0.000119898 ||r0||=469.963
flow               |  ENorm (Infnorm) of: water_content: 
flow               |    ENorm (face) = [2925] 8.20033e-12 (4.96492e-13)
flow               |    ENorm (cell) = [297] 2.62288e-05 (1.66277e-06)
overland flow      |  ENorm (Infnorm) of: surface-water_content: 
overland flow      |    ENorm (cell) = [61] 0.000195603 (6.22582e-06)
overland flow      |    ENorm (boundary_face) = [-1] -1.79769e+308 (0)
Solver::NKA_BT_ATS |  4: NKA : error(res) = 0.000195603
Solver::NKA_BT_ATS |  4: NKA : L2 error(res) = 1.37993e-05
inverse::GMRES     |  Converged (relative res), itr=2 ||r||=2.83992e-06 ||r0||=14.5357
flow               |  ENorm (Infnorm) of: water_content: 
flow               |    ENorm (face) = [3708] 7.62667e-12 (5.52003e-13)
flow               |    ENorm (cell) = [116] 1.6235e-07 (1.18386e-08)
overland flow      |  ENorm (Infnorm) of: surface-water_content: 
overland flow      |    ENorm (cell) = [61] 3.91709e-06 (1.24676e-07)
overland flow      |    ENorm (boundary_face) = [-1] -1.79769e+308 (0)
Solver::NKA_BT_ATS |  5: NKA : error(res) = 3.91709e-06
Solver::NKA_BT_ATS |  5: NKA : L2 error(res) = 1.87544e-07
inverse::GMRES     |  Converged (relative res), itr=3 ||r||=3.84896e-09 ||r0||=0.0780808
flow               |  ENorm (Infnorm) of: water_content: 
flow               |    ENorm (face) = [2769] 8.6098e-12 (5.32463e-13)
flow               |    ENorm (cell) = [307] 1.38472e-09 (8.20187e-11)
overland flow      |  ENorm (Infnorm) of: surface-water_content: 
overland flow      |    ENorm (cell) = [61] 1.69218e-08 (5.40328e-10)
overland flow      |    ENorm (boundary_face) = [-1] -1.79769e+308 (0)
Solver::NKA_BT_ATS |  6: NKA : error(res) = 1.69218e-08
Solver::NKA_BT_ATS |  6: NKA : L2 error(res) = 1.21318e-09
Solver::NKA_BT_ATS |  Solve succeeded: 6 iterations, error = 1.69218e-08
ATS                |  ================================================================================
ATS                |  
ATS                |  Cycle = 175,  Time [days] = 487,  dt [days] = 1
ATS                |  --------------------------------------------------------------------------------
snow storage       |  ----------------------------------------------------------------
snow storage       |  Advancing: t0 = 4.20768e+07 t1 = 4.21632e+07 h = 86400
snow storage       |  ----------------------------------------------------------------
snow storage       |   ENorm (Infnorm) of: snow-water_content: 
snow storage       |     ENorm (cell) = [0] 0.184344 (0.0414251)
Solver::NKA_BT_ATS |  0: error(res) = 0.184344
Solver::NKA_BT_ATS |  0: L2 error(res) = 0.414251
snow storage       |   ENorm (Infnorm) of: snow-water_content: 
snow storage       |     ENorm (cell) = [0] 4.00614e-17 (9.00242e-18)
Solver::NKA_BT_ATS |  1: backtrack 0: error(res) = 4.00614e-17
Solver::NKA_BT_ATS |  1: backtrack 0: L2 error(res) = 9.00242e-17
Solver::NKA_BT_ATS |  Solve succeeded: 1 iterations, error = 4.00614e-17
surface-subsurface |  ----------------------------------------------------------------
surface-subsurface |  Advancing: t0 = 4.20768e+07 t1 = 4.21632e+07 h = 86400
surface-subsurface |  ----------------------------------------------------------------
flow               |  ENorm (Infnorm) of: water_content: 
flow               |    ENorm (face) = [1899] 0.461952 (0.019394)
flow               |    ENorm (cell) = [266] 0.09102 (0.00754216)
overland flow      |  ENorm (Infnorm) of: surface-water_content: 
overland flow      |    ENorm (cell) = [80] 0.257444 (0.0755537)
overland flow      |    ENorm (boundary_face) = [-1] -1.79769e+308 (0)
Solver::NKA_BT_ATS |  0: error(res) = 0.461952
Solver::NKA_BT_ATS |  0: L2 error(res) = 0.359756
inverse::GMRES     |  Converged (relative res), itr=3 ||r||=0.0958364 ||r0||=171789
flow               |  ENorm (Infnorm) of: water_content: 
flow               |    ENorm (face) = [1899] 7.64058e-08 (3.20775e-09)
flow               |    ENorm (cell) = [277] 0.122935 (0.00796312)
overland flow      |  ENorm (Infnorm) of: surface-water_content: 
overland flow      |    ENorm (cell) = [80] 0.996916 (0.194363)
overland flow      |    ENorm (boundary_face) = [-1] -1.79769e+308 (0)
Solver::NKA_BT_ATS |  1: backtrack 0: error(res) = 0.996916
Solver::NKA_BT_ATS |  1: backtrack 0: L2 error(res) = 0.283017
inverse::GMRES     |  Converged (relative res), itr=3 ||r||=0.00847565 ||r0||=31017.3
flow               |  ENorm (Infnorm) of: water_content: 
flow               |    ENorm (face) = [3048] 7.29911e-12 (4.72067e-13)
flow               |    ENorm (cell) = [267] 0.0272626 (0.00170835)
overland flow      |  ENorm (Infnorm) of: surface-water_content: 
overland flow      |    ENorm (cell) = [61] 2.18055e-05 (2.16796e-06)
overland flow      |    ENorm (boundary_face) = [-1] -1.79769e+308 (0)
Solver::NKA_BT_ATS |  2: backtrack 0: error(res) = 0.0272626
Solver::NKA_BT_ATS |  2: backtrack 0: L2 error(res) = 0.0105708
inverse::GMRES     |  Converged (relative res), itr=2 ||r||=0.00276336 ||r0||=6618.07
flow               |  ENorm (Infnorm) of: water_content: 
flow               |    ENorm (face) = [3786] 8.32594e-12 (6.01741e-13)
flow               |    ENorm (cell) = [257] 0.00117348 (7.04142e-05)
overland flow      |  ENorm (Infnorm) of: surface-water_content: 
overland flow      |    ENorm (cell) = [82] 9.26201e-09 (4.60799e-09)
overland flow      |    ENorm (boundary_face) = [-1] -1.79769e+308 (0)
Solver::NKA_BT_ATS |  3: NKA : error(res) = 0.00117348
Solver::NKA_BT_ATS |  3: NKA : L2 error(res) = 0.000305343
inverse::GMRES     |  Converged (relative res), itr=2 ||r||=8.81401e-05 ||r0||=149.743
flow               |  ENorm (Infnorm) of: water_content: 
flow               |    ENorm (face) = [3212] 8.23658e-12 (5.44009e-13)
flow               |    ENorm (cell) = [247] 2.1951e-05 (1.32869e-06)
overland flow      |  ENorm (Infnorm) of: surface-water_content: 
overland flow      |    ENorm (cell) = [82] 7.59134e-11 (3.62034e-10)
overland flow      |    ENorm (boundary_face) = [-1] -1.79769e+308 (0)
Solver::NKA_BT_ATS |  4: NKA : error(res) = 2.1951e-05
Solver::NKA_BT_ATS |  4: NKA : L2 error(res) = 5.80703e-06
inverse::GMRES     |  Converged (relative res), itr=2 ||r||=1.93212e-06 ||r0||=3.13946
flow               |  ENorm (Infnorm) of: water_content: 
flow               |    ENorm (face) = [3056] 6.59659e-12 (4.73843e-13)
flow               |    ENorm (cell) = [257] 1.46798e-07 (8.80856e-09)
overland flow      |  ENorm (Infnorm) of: surface-water_content: 
overland flow      |    ENorm (cell) = [78] 4.50517e-11 (2.29655e-10)
overland flow      |    ENorm (boundary_face) = [-1] -1.79769e+308 (0)
Solver::NKA_BT_ATS |  5: NKA : error(res) = 1.46798e-07
Solver::NKA_BT_ATS |  5: NKA : L2 error(res) = 4.24142e-08
Solver::NKA_BT_ATS |  Solve succeeded: 5 iterations, error = 1.46798e-07
ATS                |  ================================================================================
ATS                |  
ATS                |  Cycle = 176,  Time [days] = 488,  dt [days] = 1
ATS                |  --------------------------------------------------------------------------------
snow storage       |  ----------------------------------------------------------------
snow storage       |  Advancing: t0 = 4.21632e+07 t1 = 4.22496e+07 h = 86400
snow storage       |  ----------------------------------------------------------------
snow storage       |   ENorm (Infnorm) of: snow-water_content: 
snow storage       |     ENorm (cell) = [0] 4.00614e-17 (9.00242e-18)
Solver::NKA_BT_ATS |  0: error(res) = 4.00614e-17
Solver::NKA_BT_ATS |  0: L2 error(res) = 9.00242e-17
Solver::NKA_BT_ATS |  Solve succeeded: 0 iterations, error = 4.00614e-17
surface-subsurface |  ----------------------------------------------------------------
surface-subsurface |  Advancing: t0 = 4.21632e+07 t1 = 4.22496e+07 h = 86400
surface-subsurface |  ----------------------------------------------------------------
flow               |  ENorm (Infnorm) of: water_content: 
flow               |    ENorm (face) = [1899] 0.653902 (0.0289238)
flow               |    ENorm (cell) = [7] 0.255332 (0.0226588)
overland flow      |  ENorm (Infnorm) of: surface-water_content: 
overland flow      |    ENorm (cell) = [61] 1.28171 (0.0791625)
overland flow      |    ENorm (boundary_face) = [-1] -1.79769e+308 (0)
Solver::NKA_BT_ATS |  0: error(res) = 1.28171
Solver::NKA_BT_ATS |  0: L2 error(res) = 0.296715
inverse::GMRES     |  Converged (relative res), itr=4 ||r||=0.00298832 ||r0||=53641.4
flow               |  ENorm (Infnorm) of: water_content: 
flow               |    ENorm (face) = [1899] 2.63674e-09 (1.16779e-10)
flow               |    ENorm (cell) = [430] 0.131697 (0.00599404)
overland flow      |  ENorm (Infnorm) of: surface-water_content: 
overland flow      |    ENorm (cell) = [61] 0.124937 (0.00435476)
overland flow      |    ENorm (boundary_face) = [-1] -1.79769e+308 (0)
Solver::NKA_BT_ATS |  1: backtrack 0: error(res) = 0.131697
Solver::NKA_BT_ATS |  1: backtrack 0: L2 error(res) = 0.0558647
inverse::GMRES     |  Converged (relative res), itr=3 ||r||=0.00253934 ||r0||=13142.4
flow               |  ENorm (Infnorm) of: water_content: 
flow               |    ENorm (face) = [2769] 7.53982e-12 (4.66294e-13)
flow               |    ENorm (cell) = [247] 0.00535973 (0.000359868)
overland flow      |  ENorm (Infnorm) of: surface-water_content: 
overland flow      |    ENorm (cell) = [61] 0.00119093 (4.15189e-05)
overland flow      |    ENorm (boundary_face) = [-1] -1.79769e+308 (0)
Solver::NKA_BT_ATS |  2: backtrack 0: error(res) = 0.00535973
Solver::NKA_BT_ATS |  2: backtrack 0: L2 error(res) = 0.00235624
inverse::GMRES     |  Converged (relative res), itr=2 ||r||=0.000371929 ||r0||=484.391
flow               |  ENorm (Infnorm) of: water_content: 
flow               |    ENorm (face) = [2683] 8.07289e-12 (5.12923e-13)
flow               |    ENorm (cell) = [247] 1.42016e-05 (1.43458e-06)
overland flow      |  ENorm (Infnorm) of: surface-water_content: 
overland flow      |    ENorm (cell) = [61] 1.341e-07 (1.50258e-08)
overland flow      |    ENorm (boundary_face) = [-1] -1.79769e+308 (0)
Solver::NKA_BT_ATS |  3: NKA : error(res) = 1.42016e-05
Solver::NKA_BT_ATS |  3: NKA : L2 error(res) = 6.47884e-06
inverse::GMRES     |  Converged (relative res), itr=2 ||r||=2.09436e-06 ||r0||=5.1104
flow               |  ENorm (Infnorm) of: water_content: 
flow               |    ENorm (face) = [3540] 7.9295e-12 (5.75984e-13)
flow               |    ENorm (cell) = [208] 8.55647e-08 (9.89853e-09)
overland flow      |  ENorm (Infnorm) of: surface-water_content: 
overland flow      |    ENorm (cell) = [61] 8.35617e-10 (2.05145e-10)
overland flow      |    ENorm (boundary_face) = [-1] -1.79769e+308 (0)
Solver::NKA_BT_ATS |  4: NKA : error(res) = 8.55647e-08
Solver::NKA_BT_ATS |  4: NKA : L2 error(res) = 4.41596e-08
Solver::NKA_BT_ATS |  Solve succeeded: 4 iterations, error = 8.55647e-08
ATS                |  ================================================================================
ATS                |  
ATS                |  Cycle = 177,  Time [days] = 489,  dt [days] = 1
ATS                |  --------------------------------------------------------------------------------
snow storage       |  ----------------------------------------------------------------
snow storage       |  Advancing: t0 = 4.22496e+07 t1 = 4.2336e+07 h = 86400
snow storage       |  ----------------------------------------------------------------
snow storage       |   ENorm (Infnorm) of: snow-water_content: 
snow storage       |     ENorm (cell) = [0] 0.0485116 (0.0109013)
Solver::NKA_BT_ATS |  0: error(res) = 0.0485116
Solver::NKA_BT_ATS |  0: L2 error(res) = 0.109013
snow storage       |   ENorm (Infnorm) of: snow-water_content: 
snow storage       |     ENorm (cell) = [0] 5.59673e-17 (1.25767e-17)
Solver::NKA_BT_ATS |  1: backtrack 0: error(res) = 5.59673e-17
Solver::NKA_BT_ATS |  1: backtrack 0: L2 error(res) = 1.25767e-16
Solver::NKA_BT_ATS |  Solve succeeded: 1 iterations, error = 5.59673e-17
surface-subsurface |  ----------------------------------------------------------------
surface-subsurface |  Advancing: t0 = 4.22496e+07 t1 = 4.2336e+07 h = 86400
surface-subsurface |  ----------------------------------------------------------------
flow               |  ENorm (Infnorm) of: water_content: 
flow               |    ENorm (face) = [1899] 0.69508 (0.0306684)
flow               |    ENorm (cell) = [157] 0.275521 (0.0234873)
overland flow      |  ENorm (Infnorm) of: surface-water_content: 
overland flow      |    ENorm (cell) = [61] 0.876829 (0.0431885)
overland flow      |    ENorm (boundary_face) = [-1] -1.79769e+308 (0)
Solver::NKA_BT_ATS |  0: error(res) = 0.876829
Solver::NKA_BT_ATS |  0: L2 error(res) = 0.378344
inverse::GMRES     |  Converged (relative res), itr=4 ||r||=0.00353647 ||r0||=72356.9
flow               |  ENorm (Infnorm) of: water_content: 
flow               |    ENorm (face) = [1899] 4.16252e-09 (1.83944e-10)
flow               |    ENorm (cell) = [440] 0.182326 (0.00817421)
overland flow      |  ENorm (Infnorm) of: surface-water_content: 
overland flow      |    ENorm (cell) = [61] 0.205887 (0.00727896)
overland flow      |    ENorm (boundary_face) = [-1] -1.79769e+308 (0)
Solver::NKA_BT_ATS |  1: backtrack 0: error(res) = 0.205887
Solver::NKA_BT_ATS |  1: backtrack 0: L2 error(res) = 0.0779625
inverse::GMRES     |  Converged (relative res), itr=3 ||r||=0.00889218 ||r0||=25425
flow               |  ENorm (Infnorm) of: water_content: 
flow               |    ENorm (face) = [2966] 8.76777e-12 (5.31575e-13)
flow               |    ENorm (cell) = [410] 0.017759 (0.000822106)
overland flow      |  ENorm (Infnorm) of: surface-water_content: 
overland flow      |    ENorm (cell) = [61] 0.00472131 (0.000167128)
overland flow      |    ENorm (boundary_face) = [-1] -1.79769e+308 (0)
Solver::NKA_BT_ATS |  2: backtrack 0: error(res) = 0.017759
Solver::NKA_BT_ATS |  2: backtrack 0: L2 error(res) = 0.0069793
inverse::GMRES     |  Converged (relative res), itr=3 ||r||=0.000122069 ||r0||=1289.99
flow               |  ENorm (Infnorm) of: water_content: 
flow               |    ENorm (face) = [3052] 6.71971e-12 (4.12115e-13)
flow               |    ENorm (cell) = [371] 0.000137554 (7.80278e-06)
overland flow      |  ENorm (Infnorm) of: surface-water_content: 
overland flow      |    ENorm (cell) = [61] 5.43411e-06 (1.92118e-07)
overland flow      |    ENorm (boundary_face) = [-1] -1.79769e+308 (0)
Solver::NKA_BT_ATS |  3: NKA : error(res) = 0.000137554
Solver::NKA_BT_ATS |  3: NKA : L2 error(res) = 6.47268e-05
inverse::GMRES     |  Converged (relative res), itr=3 ||r||=5.7876e-07 ||r0||=12.7388
flow               |  ENorm (Infnorm) of: water_content: 
flow               |    ENorm (face) = [3548] 6.4865e-12 (4.71179e-13)
flow               |    ENorm (cell) = [320] 4.02064e-07 (3.83431e-08)
overland flow      |  ENorm (Infnorm) of: surface-water_content: 
overland flow      |    ENorm (cell) = [61] 1.10019e-08 (3.90077e-10)
overland flow      |    ENorm (boundary_face) = [-1] -1.79769e+308 (0)
Solver::NKA_BT_ATS |  4: NKA : error(res) = 4.02064e-07
Solver::NKA_BT_ATS |  4: NKA : L2 error(res) = 2.30478e-07
Solver::NKA_BT_ATS |  Solve succeeded: 4 iterations, error = 4.02064e-07
ATS                |  ================================================================================
ATS                |  
ATS                |  Cycle = 178,  Time [days] = 490,  dt [days] = 1
ATS                |  --------------------------------------------------------------------------------
snow storage       |  ----------------------------------------------------------------
snow storage       |  Advancing: t0 = 4.2336e+07 t1 = 4.24224e+07 h = 86400
snow storage       |  ----------------------------------------------------------------
snow storage       |   ENorm (Infnorm) of: snow-water_content: 
snow storage       |     ENorm (cell) = [0] 0.050985 (0.0109013)
Solver::NKA_BT_ATS |  0: error(res) = 0.050985
Solver::NKA_BT_ATS |  0: L2 error(res) = 0.109013
snow storage       |   ENorm (Infnorm) of: snow-water_content: 
snow storage       |     ENorm (cell) = [0] 2.15982e-18 (4.618e-19)
Solver::NKA_BT_ATS |  1: backtrack 0: error(res) = 2.15982e-18
Solver::NKA_BT_ATS |  1: backtrack 0: L2 error(res) = 4.618e-18
Solver::NKA_BT_ATS |  Solve succeeded: 1 iterations, error = 2.15982e-18
surface-subsurface |  ----------------------------------------------------------------
surface-subsurface |  Advancing: t0 = 4.2336e+07 t1 = 4.24224e+07 h = 86400
surface-subsurface |  ----------------------------------------------------------------
flow               |  ENorm (Infnorm) of: water_content: 
flow               |    ENorm (face) = [1858] 1.37666 (0.0549415)
flow               |    ENorm (cell) = [430] 0.71794 (0.0302502)
overland flow      |  ENorm (Infnorm) of: surface-water_content: 
overland flow      |    ENorm (cell) = [61] 0.891978 (0.0438473)
overland flow      |    ENorm (boundary_face) = [-1] -1.79769e+308 (0)
Solver::NKA_BT_ATS |  0: error(res) = 1.37666
Solver::NKA_BT_ATS |  0: L2 error(res) = 0.509746
inverse::GMRES     |  Converged (relative res), itr=4 ||r||=0.00185015 ||r0||=68392.2
flow               |  ENorm (Infnorm) of: water_content: 
flow               |    ENorm (face) = [1858] 1.6273e-08 (6.49643e-10)
flow               |    ENorm (cell) = [410] 0.897965 (0.0370835)
overland flow      |  ENorm (Infnorm) of: surface-water_content: 
overland flow      |    ENorm (cell) = [61] 3.89504 (0.131293)
overland flow      |    ENorm (boundary_face) = [-1] -1.79769e+308 (0)
Solver::NKA_BT_ATS |  1: backtrack 0: error(res) = 3.89504
Solver::NKA_BT_ATS |  1: backtrack 0: L2 error(res) = 0.334372
inverse::GMRES     |  Converged (relative res), itr=3 ||r||=0.0123185 ||r0||=14770.3
flow               |  ENorm (Infnorm) of: water_content: 
flow               |    ENorm (face) = [3786] 8.04323e-12 (5.81313e-13)
flow               |    ENorm (cell) = [390] 0.164633 (0.00688982)
overland flow      |  ENorm (Infnorm) of: surface-water_content: 
overland flow      |    ENorm (cell) = [61] 0.634405 (0.0213843)
overland flow      |    ENorm (boundary_face) = [-1] -1.79769e+308 (0)
Solver::NKA_BT_ATS |  2: backtrack 0: error(res) = 0.634405
Solver::NKA_BT_ATS |  2: backtrack 0: L2 error(res) = 0.0619341
inverse::GMRES     |  Converged (relative res), itr=3 ||r||=0.00030916 ||r0||=2387.74
flow               |  ENorm (Infnorm) of: water_content: 
flow               |    ENorm (face) = [3011] 7.53468e-12 (4.63629e-13)
flow               |    ENorm (cell) = [371] 0.00719332 (0.000309186)
overland flow      |  ENorm (Infnorm) of: surface-water_content: 
overland flow      |    ENorm (cell) = [61] 0.0458221 (0.00154456)
overland flow      |    ENorm (boundary_face) = [-1] -1.79769e+308 (0)
Solver::NKA_BT_ATS |  3: NKA : error(res) = 0.0458221
Solver::NKA_BT_ATS |  3: NKA : L2 error(res) = 0.00320595
inverse::GMRES     |  Converged (relative res), itr=3 ||r||=1.8849e-05 ||r0||=89.7233
flow               |  ENorm (Infnorm) of: water_content: 
flow               |    ENorm (face) = [2761] 6.59206e-12 (4.53415e-13)
flow               |    ENorm (cell) = [370] 0.000264466 (1.12579e-05)
overland flow      |  ENorm (Infnorm) of: surface-water_content: 
overland flow      |    ENorm (cell) = [61] 0.00134544 (4.53519e-05)
overland flow      |    ENorm (boundary_face) = [-1] -1.79769e+308 (0)
Solver::NKA_BT_ATS |  4: NKA : error(res) = 0.00134544
Solver::NKA_BT_ATS |  4: NKA : L2 error(res) = 0.000108009
inverse::GMRES     |  Converged (relative res), itr=3 ||r||=7.31968e-07 ||r0||=3.53312
flow               |  ENorm (Infnorm) of: water_content: 
flow               |    ENorm (face) = [2806] 7.47234e-12 (5.24469e-13)
flow               |    ENorm (cell) = [370] 4.68297e-06 (1.99774e-07)
overland flow      |  ENorm (Infnorm) of: surface-water_content: 
overland flow      |    ENorm (cell) = [61] 3.49781e-05 (1.17903e-06)
overland flow      |    ENorm (boundary_face) = [-1] -1.79769e+308 (0)
Solver::NKA_BT_ATS |  5: NKA : error(res) = 3.49781e-05
Solver::NKA_BT_ATS |  5: NKA : L2 error(res) = 2.24852e-06
inverse::GMRES     |  Converged (relative res), itr=3 ||r||=1.42692e-08 ||r0||=0.0623189
flow               |  ENorm (Infnorm) of: water_content: 
flow               |    ENorm (face) = [2810] 7.33457e-12 (4.97824e-13)
flow               |    ENorm (cell) = [370] 2.5431e-08 (1.08617e-09)
overland flow      |  ENorm (Infnorm) of: surface-water_content: 
overland flow      |    ENorm (cell) = [61] 2.47455e-07 (8.34114e-09)
overland flow      |    ENorm (boundary_face) = [-1] -1.79769e+308 (0)
Solver::NKA_BT_ATS |  6: NKA : error(res) = 2.47455e-07
Solver::NKA_BT_ATS |  6: NKA : L2 error(res) = 1.43165e-08
Solver::NKA_BT_ATS |  Solve succeeded: 6 iterations, error = 2.47455e-07
ATS                |  ================================================================================
ATS                |  
ATS                |  Cycle = 179,  Time [days] = 491,  dt [days] = 1
ATS                |  --------------------------------------------------------------------------------
snow storage       |  ----------------------------------------------------------------
snow storage       |  Advancing: t0 = 4.24224e+07 t1 = 4.25088e+07 h = 86400
snow storage       |  ----------------------------------------------------------------
snow storage       |   ENorm (Infnorm) of: snow-water_content: 
snow storage       |     ENorm (cell) = [0] 2.15982e-18 (4.618e-19)
Solver::NKA_BT_ATS |  0: error(res) = 2.15982e-18
Solver::NKA_BT_ATS |  0: L2 error(res) = 4.618e-18
Solver::NKA_BT_ATS |  Solve succeeded: 0 iterations, error = 2.15982e-18
surface-subsurface |  ----------------------------------------------------------------
surface-subsurface |  Advancing: t0 = 4.24224e+07 t1 = 4.25088e+07 h = 86400
surface-subsurface |  ----------------------------------------------------------------
flow               |  ENorm (Infnorm) of: water_content: 
flow               |    ENorm (face) = [1858] 0.997831 (0.0402615)
flow               |    ENorm (cell) = [391] 0.134734 (0.00890495)
overland flow      |  ENorm (Infnorm) of: surface-water_content: 
overland flow      |    ENorm (cell) = [61] 1.14405 (0.039198)
overland flow      |    ENorm (boundary_face) = [-1] -1.79769e+308 (0)
Solver::NKA_BT_ATS |  0: error(res) = 1.14405
Solver::NKA_BT_ATS |  0: L2 error(res) = 0.375746
inverse::GMRES     |  Converged (relative res), itr=3 ||r||=0.0516576 ||r0||=54952.6
flow               |  ENorm (Infnorm) of: water_content: 
flow               |    ENorm (face) = [1858] 5.44512e-07 (2.19707e-08)
flow               |    ENorm (cell) = [440] 0.27007 (0.011024)
overland flow      |  ENorm (Infnorm) of: surface-water_content: 
overland flow      |    ENorm (cell) = [61] 0.397853 (0.0178308)
overland flow      |    ENorm (boundary_face) = [-1] -1.79769e+308 (0)
Solver::NKA_BT_ATS |  1: backtrack 0: error(res) = 0.397853
Solver::NKA_BT_ATS |  1: backtrack 0: L2 error(res) = 0.0904232
inverse::GMRES     |  Converged (relative res), itr=3 ||r||=0.00774018 ||r0||=13022.1
flow               |  ENorm (Infnorm) of: water_content: 
flow               |    ENorm (face) = [2514] 0.0806957 (0.00567806)
flow               |    ENorm (cell) = [400] 0.0418932 (0.00176335)
overland flow      |  ENorm (Infnorm) of: surface-water_content: 
overland flow      |    ENorm (cell) = [62] 0.00699755 (0.0055561)
overland flow      |    ENorm (boundary_face) = [-1] -1.79769e+308 (0)
Solver::NKA_BT_ATS |  2: PIC : error(res) = 0.0806957
Solver::NKA_BT_ATS |  2: PIC : L2 error(res) = 0.016081
inverse::GMRES     |  Converged (relative res), itr=4 ||r||=0.000231072 ||r0||=1765.31
flow               |  ENorm (Infnorm) of: water_content: 
flow               |    ENorm (face) = [2514] 8.34673e-10 (5.87308e-11)
flow               |    ENorm (cell) = [371] 0.00115651 (4.98248e-05)
overland flow      |  ENorm (Infnorm) of: surface-water_content: 
overland flow      |    ENorm (cell) = [62] 4.37711e-07 (3.47545e-07)
overland flow      |    ENorm (boundary_face) = [-1] -1.79769e+308 (0)
Solver::NKA_BT_ATS |  3: NKA : error(res) = 0.00115651
Solver::NKA_BT_ATS |  3: NKA : L2 error(res) = 0.000361842
inverse::GMRES     |  Converged (relative res), itr=4 ||r||=4.22871e-07 ||r0||=29.102
flow               |  ENorm (Infnorm) of: water_content: 
flow               |    ENorm (face) = [2514] 1.0035e-11 (7.06102e-13)
flow               |    ENorm (cell) = [370] 1.52577e-05 (6.63116e-07)
overland flow      |  ENorm (Infnorm) of: surface-water_content: 
overland flow      |    ENorm (cell) = [62] 5.41324e-09 (4.29815e-09)
overland flow      |    ENorm (boundary_face) = [-1] -1.79769e+308 (0)
Solver::NKA_BT_ATS |  4: NKA : error(res) = 1.52577e-05
Solver::NKA_BT_ATS |  4: NKA : L2 error(res) = 5.31219e-06
inverse::GMRES     |  Converged (relative res), itr=4 ||r||=5.31731e-09 ||r0||=0.494496
flow               |  ENorm (Infnorm) of: water_content: 
flow               |    ENorm (face) = [2851] 8.4994e-12 (5.17364e-13)
flow               |    ENorm (cell) = [360] 1.13407e-07 (4.96987e-09)
overland flow      |  ENorm (Infnorm) of: surface-water_content: 
overland flow      |    ENorm (cell) = [71] 5.27427e-11 (2.81816e-10)
overland flow      |    ENorm (boundary_face) = [-1] -1.79769e+308 (0)
Solver::NKA_BT_ATS |  5: NKA : error(res) = 1.13407e-07
Solver::NKA_BT_ATS |  5: NKA : L2 error(res) = 3.73052e-08
Solver::NKA_BT_ATS |  Solve succeeded: 5 iterations, error = 1.13407e-07
ATS                |  ================================================================================
ATS                |  
ATS                |  Cycle = 180,  Time [days] = 492,  dt [days] = 1
ATS                |  --------------------------------------------------------------------------------
snow storage       |  ----------------------------------------------------------------
snow storage       |  Advancing: t0 = 4.25088e+07 t1 = 4.25952e+07 h = 86400
snow storage       |  ----------------------------------------------------------------
snow storage       |   ENorm (Infnorm) of: snow-water_content: 
snow storage       |     ENorm (cell) = [0] 2.15982e-18 (4.618e-19)
Solver::NKA_BT_ATS |  0: error(res) = 2.15982e-18
Solver::NKA_BT_ATS |  0: L2 error(res) = 4.618e-18
Solver::NKA_BT_ATS |  Solve succeeded: 0 iterations, error = 2.15982e-18
surface-subsurface |  ----------------------------------------------------------------
surface-subsurface |  Advancing: t0 = 4.25088e+07 t1 = 4.25952e+07 h = 86400
surface-subsurface |  ----------------------------------------------------------------
flow               |  ENorm (Infnorm) of: water_content: 
flow               |    ENorm (face) = [1858] 0.705424 (0.0255814)
flow               |    ENorm (cell) = [410] 0.550151 (0.021209)
overland flow      |  ENorm (Infnorm) of: surface-water_content: 
overland flow      |    ENorm (cell) = [62] 0.0416487 (0.0326766)
overland flow      |    ENorm (boundary_face) = [-1] -1.79769e+308 (0)
Solver::NKA_BT_ATS |  0: error(res) = 0.705424
Solver::NKA_BT_ATS |  0: L2 error(res) = 0.25525
inverse::GMRES     |  Converged (relative res), itr=4 ||r||=0.000738026 ||r0||=24379
flow               |  ENorm (Infnorm) of: water_content: 
flow               |    ENorm (face) = [1858] 7.83708e-09 (2.8458e-10)
flow               |    ENorm (cell) = [500] 0.0477362 (0.00197682)
overland flow      |  ENorm (Infnorm) of: surface-water_content: 
overland flow      |    ENorm (cell) = [62] 0.000177537 (0.000139291)
overland flow      |    ENorm (boundary_face) = [-1] -1.79769e+308 (0)
Solver::NKA_BT_ATS |  1: backtrack 0: error(res) = 0.0477362
Solver::NKA_BT_ATS |  1: backtrack 0: L2 error(res) = 0.00861983
inverse::GMRES     |  Converged (relative res), itr=4 ||r||=7.14933e-05 ||r0||=1863.14
flow               |  ENorm (Infnorm) of: water_content: 
flow               |    ENorm (face) = [3950] 7.01492e-12 (5.05818e-13)
flow               |    ENorm (cell) = [520] 0.00128421 (5.99126e-05)
overland flow      |  ENorm (Infnorm) of: surface-water_content: 
overland flow      |    ENorm (cell) = [80] 5.16566e-09 (2.23512e-09)
overland flow      |    ENorm (boundary_face) = [-1] -1.79769e+308 (0)
Solver::NKA_BT_ATS |  2: backtrack 0: error(res) = 0.00128421
Solver::NKA_BT_ATS |  2: backtrack 0: L2 error(res) = 0.000149629
inverse::GMRES     |  Converged (relative res), itr=3 ||r||=1.30877e-05 ||r0||=15.3818
flow               |  ENorm (Infnorm) of: water_content: 
flow               |    ENorm (face) = [2884] 6.98794e-12 (4.23661e-13)
flow               |    ENorm (cell) = [0] 9.43635e-07 (1.23254e-07)
overland flow      |  ENorm (Infnorm) of: surface-water_content: 
overland flow      |    ENorm (cell) = [71] 6.00141e-11 (3.20106e-10)
overland flow      |    ENorm (boundary_face) = [-1] -1.79769e+308 (0)
Solver::NKA_BT_ATS |  3: NKA : error(res) = 9.43635e-07
Solver::NKA_BT_ATS |  3: NKA : L2 error(res) = 3.55882e-07
Solver::NKA_BT_ATS |  Solve succeeded: 3 iterations, error = 9.43635e-07
ATS                |  ================================================================================
ATS                |  
ATS                |  Cycle = 181,  Time [days] = 493,  dt [days] = 1
ATS                |  --------------------------------------------------------------------------------
snow storage       |  ----------------------------------------------------------------
snow storage       |  Advancing: t0 = 4.25952e+07 t1 = 4.26816e+07 h = 86400
snow storage       |  ----------------------------------------------------------------
snow storage       |   ENorm (Infnorm) of: snow-water_content: 
snow storage       |     ENorm (cell) = [0] 2.15982e-18 (4.618e-19)
Solver::NKA_BT_ATS |  0: error(res) = 2.15982e-18
Solver::NKA_BT_ATS |  0: L2 error(res) = 4.618e-18
Solver::NKA_BT_ATS |  Solve succeeded: 0 iterations, error = 2.15982e-18
surface-subsurface |  ----------------------------------------------------------------
surface-subsurface |  Advancing: t0 = 4.25952e+07 t1 = 4.26816e+07 h = 86400
surface-subsurface |  ----------------------------------------------------------------
flow               |  ENorm (Infnorm) of: water_content: 
flow               |    ENorm (face) = [2514] 0.0345883 (0.00243377)
flow               |    ENorm (cell) = [490] 0.0403548 (0.00402296)
overland flow      |  ENorm (Infnorm) of: surface-water_content: 
overland flow      |    ENorm (cell) = [80] 0.00690704 (0.00205111)
overland flow      |    ENorm (boundary_face) = [-1] -1.79769e+308 (0)
Solver::NKA_BT_ATS |  0: error(res) = 0.0403548
Solver::NKA_BT_ATS |  0: L2 error(res) = 0.0308526
inverse::GMRES     |  Converged (relative res), itr=4 ||r||=0.000342725 ||r0||=14007.8
flow               |  ENorm (Infnorm) of: water_content: 
flow               |    ENorm (face) = [2514] 5.01593e-10 (3.5294e-11)
flow               |    ENorm (cell) = [486] 0.00651942 (0.000738164)
overland flow      |  ENorm (Infnorm) of: surface-water_content: 
overland flow      |    ENorm (cell) = [81] 1.1448e-05 (1.59599e-05)
overland flow      |    ENorm (boundary_face) = [-1] -1.79769e+308 (0)
Solver::NKA_BT_ATS |  1: backtrack 0: error(res) = 0.00651942
Solver::NKA_BT_ATS |  1: backtrack 0: L2 error(res) = 0.00203232
inverse::GMRES     |  Converged (relative res), itr=3 ||r||=0.000318109 ||r0||=672.825
flow               |  ENorm (Infnorm) of: water_content: 
flow               |    ENorm (face) = [3667] 6.84801e-12 (4.96048e-13)
flow               |    ENorm (cell) = [480] 0.00051672 (1.89176e-05)
overland flow      |  ENorm (Infnorm) of: surface-water_content: 
overland flow      |    ENorm (cell) = [84] 3.70668e-10 (5.87327e-10)
overland flow      |    ENorm (boundary_face) = [-1] -1.79769e+308 (0)
Solver::NKA_BT_ATS |  2: backtrack 0: error(res) = 0.00051672
Solver::NKA_BT_ATS |  2: backtrack 0: L2 error(res) = 2.98975e-05
inverse::GMRES     |  Converged (relative res), itr=3 ||r||=8.38278e-07 ||r0||=7.3613
flow               |  ENorm (Infnorm) of: water_content: 
flow               |    ENorm (face) = [2933] 7.21727e-12 (4.8006e-13)
flow               |    ENorm (cell) = [0] 6.18052e-07 (3.04963e-08)
overland flow      |  ENorm (Infnorm) of: surface-water_content: 
overland flow      |    ENorm (cell) = [74] 7.53806e-11 (3.95108e-10)
overland flow      |    ENorm (boundary_face) = [-1] -1.79769e+308 (0)
Solver::NKA_BT_ATS |  3: NKA : error(res) = 6.18052e-07
Solver::NKA_BT_ATS |  3: NKA : L2 error(res) = 1.69161e-07
Solver::NKA_BT_ATS |  Solve succeeded: 3 iterations, error = 6.18052e-07
ATS                |  ================================================================================
ATS                |  
ATS                |  Cycle = 182,  Time [days] = 494,  dt [days] = 1
ATS                |  --------------------------------------------------------------------------------
snow storage       |  ----------------------------------------------------------------
snow storage       |  Advancing: t0 = 4.26816e+07 t1 = 4.2768e+07 h = 86400
snow storage       |  ----------------------------------------------------------------
snow storage       |   ENorm (Infnorm) of: snow-water_content: 
snow storage       |     ENorm (cell) = [0] 2.15982e-18 (4.618e-19)
Solver::NKA_BT_ATS |  0: error(res) = 2.15982e-18
Solver::NKA_BT_ATS |  0: L2 error(res) = 4.618e-18
Solver::NKA_BT_ATS |  Solve succeeded: 0 iterations, error = 2.15982e-18
surface-subsurface |  ----------------------------------------------------------------
surface-subsurface |  Advancing: t0 = 4.26816e+07 t1 = 4.2768e+07 h = 86400
surface-subsurface |  ----------------------------------------------------------------
flow               |  ENorm (Infnorm) of: water_content: 
flow               |    ENorm (face) = [3175] 2.00606e-11 (1.28786e-12)
flow               |    ENorm (cell) = [249] 0.0178635 (0.00283871)
overland flow      |  ENorm (Infnorm) of: surface-water_content: 
overland flow      |    ENorm (cell) = [80] 0.00427274 (0.0012412)
overland flow      |    ENorm (boundary_face) = [-1] -1.79769e+308 (0)
Solver::NKA_BT_ATS |  0: error(res) = 0.0178635
Solver::NKA_BT_ATS |  0: L2 error(res) = 0.021549
inverse::GMRES     |  Converged (relative res), itr=4 ||r||=0.000350899 ||r0||=9044.07
flow               |  ENorm (Infnorm) of: water_content: 
flow               |    ENorm (face) = [3339] 7.03575e-12 (5.14255e-13)
flow               |    ENorm (cell) = [507] 0.00228261 (0.000280367)
overland flow      |  ENorm (Infnorm) of: surface-water_content: 
overland flow      |    ENorm (cell) = [80] 4.35742e-05 (1.91753e-05)
overland flow      |    ENorm (boundary_face) = [-1] -1.79769e+308 (0)
Solver::NKA_BT_ATS |  1: backtrack 0: error(res) = 0.00228261
Solver::NKA_BT_ATS |  1: backtrack 0: L2 error(res) = 0.000765236
inverse::GMRES     |  Converged (relative res), itr=3 ||r||=0.000114909 ||r0||=264.019
flow               |  ENorm (Infnorm) of: water_content: 
flow               |    ENorm (face) = [2925] 7.37143e-12 (4.4631e-13)
flow               |    ENorm (cell) = [1255] 1.06342e-05 (1.42397e-05)
overland flow      |  ENorm (Infnorm) of: surface-water_content: 
overland flow      |    ENorm (cell) = [72] 8.39297e-11 (4.51371e-10)
overland flow      |    ENorm (boundary_face) = [-1] -1.79769e+308 (0)
Solver::NKA_BT_ATS |  2: backtrack 0: error(res) = 1.06342e-05
Solver::NKA_BT_ATS |  2: backtrack 0: L2 error(res) = 2.02805e-05
inverse::GMRES     |  Converged (relative res), itr=3 ||r||=1.64985e-07 ||r0||=1.68906
flow               |  ENorm (Infnorm) of: water_content: 
flow               |    ENorm (face) = [3589] 6.16863e-12 (4.47642e-13)
flow               |    ENorm (cell) = [40] 1.15467e-07 (5.44244e-09)
overland flow      |  ENorm (Infnorm) of: surface-water_content: 
overland flow      |    ENorm (cell) = [95] 4.02802e-11 (1.50426e-10)
overland flow      |    ENorm (boundary_face) = [-1] -1.79769e+308 (0)
Solver::NKA_BT_ATS |  3: NKA : error(res) = 1.15467e-07
Solver::NKA_BT_ATS |  3: NKA : L2 error(res) = 3.34164e-08
Solver::NKA_BT_ATS |  Solve succeeded: 3 iterations, error = 1.15467e-07
ATS                |  ================================================================================
ATS                |  
ATS                |  Cycle = 183,  Time [days] = 495,  dt [days] = 1
ATS                |  --------------------------------------------------------------------------------
snow storage       |  ----------------------------------------------------------------
snow storage       |  Advancing: t0 = 4.2768e+07 t1 = 4.28544e+07 h = 86400
snow storage       |  ----------------------------------------------------------------
snow storage       |   ENorm (Infnorm) of: snow-water_content: 
snow storage       |     ENorm (cell) = [0] 2.15982e-18 (4.618e-19)
Solver::NKA_BT_ATS |  0: error(res) = 2.15982e-18
Solver::NKA_BT_ATS |  0: L2 error(res) = 4.618e-18
Solver::NKA_BT_ATS |  Solve succeeded: 0 iterations, error = 2.15982e-18
surface-subsurface |  ----------------------------------------------------------------
surface-subsurface |  Advancing: t0 = 4.2768e+07 t1 = 4.28544e+07 h = 86400
surface-subsurface |  ----------------------------------------------------------------
flow               |  ENorm (Infnorm) of: water_content: 
flow               |    ENorm (face) = [2765] 2.01566e-11 (1.24656e-12)
flow               |    ENorm (cell) = [460] 0.0166021 (0.00428757)
overland flow      |  ENorm (Infnorm) of: surface-water_content: 
overland flow      |    ENorm (cell) = [80] 0.00640329 (0.00271818)
overland flow      |    ENorm (boundary_face) = [-1] -1.79769e+308 (0)
Solver::NKA_BT_ATS |  0: error(res) = 0.0166021
Solver::NKA_BT_ATS |  0: L2 error(res) = 0.023423
inverse::GMRES     |  Converged (relative res), itr=4 ||r||=0.000648058 ||r0||=11436.4
flow               |  ENorm (Infnorm) of: water_content: 
flow               |    ENorm (face) = [3175] 8.02424e-12 (5.15143e-13)
flow               |    ENorm (cell) = [477] 0.0030386 (0.000288554)
overland flow      |  ENorm (Infnorm) of: surface-water_content: 
overland flow      |    ENorm (cell) = [80] 0.00012201 (0.000100287)
overland flow      |    ENorm (boundary_face) = [-1] -1.79769e+308 (0)
Solver::NKA_BT_ATS |  1: backtrack 0: error(res) = 0.0030386
Solver::NKA_BT_ATS |  1: backtrack 0: L2 error(res) = 0.000559347
inverse::GMRES     |  Converged (relative res), itr=3 ||r||=0.000281196 ||r0||=367.078
flow               |  ENorm (Infnorm) of: water_content: 
flow               |    ENorm (face) = [2966] 6.8853e-12 (4.17444e-13)
flow               |    ENorm (cell) = [0] 1.92505e-05 (8.73278e-07)
overland flow      |  ENorm (Infnorm) of: surface-water_content: 
overland flow      |    ENorm (cell) = [87] 2.09869e-09 (9.01422e-09)
overland flow      |    ENorm (boundary_face) = [-1] -1.79769e+308 (0)
Solver::NKA_BT_ATS |  2: backtrack 0: error(res) = 1.92505e-05
Solver::NKA_BT_ATS |  2: backtrack 0: L2 error(res) = 5.1529e-06
inverse::GMRES     |  Converged (relative res), itr=3 ||r||=4.93441e-07 ||r0||=6.62346
flow               |  ENorm (Infnorm) of: water_content: 
flow               |    ENorm (face) = [2966] 7.36141e-12 (4.4631e-13)
flow               |    ENorm (cell) = [0] 5.13032e-07 (2.32732e-08)
overland flow      |  ENorm (Infnorm) of: surface-water_content: 
overland flow      |    ENorm (cell) = [73] 7.35416e-11 (3.92962e-10)
overland flow      |    ENorm (boundary_face) = [-1] -1.79769e+308 (0)
Solver::NKA_BT_ATS |  3: NKA : error(res) = 5.13032e-07
Solver::NKA_BT_ATS |  3: NKA : L2 error(res) = 1.20646e-07
Solver::NKA_BT_ATS |  Solve succeeded: 3 iterations, error = 5.13032e-07
ATS                |  ================================================================================
ATS                |  
ATS                |  Cycle = 184,  Time [days] = 496,  dt [days] = 1
ATS                |  --------------------------------------------------------------------------------
snow storage       |  ----------------------------------------------------------------
snow storage       |  Advancing: t0 = 4.28544e+07 t1 = 4.29408e+07 h = 86400
snow storage       |  ----------------------------------------------------------------
snow storage       |   ENorm (Infnorm) of: snow-water_content: 
snow storage       |     ENorm (cell) = [0] 2.15982e-18 (4.618e-19)
Solver::NKA_BT_ATS |  0: error(res) = 2.15982e-18
Solver::NKA_BT_ATS |  0: L2 error(res) = 4.618e-18
Solver::NKA_BT_ATS |  Solve succeeded: 0 iterations, error = 2.15982e-18
surface-subsurface |  ----------------------------------------------------------------
surface-subsurface |  Advancing: t0 = 4.28544e+07 t1 = 4.29408e+07 h = 86400
surface-subsurface |  ----------------------------------------------------------------
flow               |  ENorm (Infnorm) of: water_content: 
flow               |    ENorm (face) = [1776] 0.511644 (0.0159884)
flow               |    ENorm (cell) = [1224] 0.0100069 (0.00148012)
overland flow      |  ENorm (Infnorm) of: surface-water_content: 
overland flow      |    ENorm (cell) = [80] 0.0728392 (0.0202055)
overland flow      |    ENorm (boundary_face) = [-1] -1.79769e+308 (0)
Solver::NKA_BT_ATS |  0: error(res) = 0.511644
Solver::NKA_BT_ATS |  0: L2 error(res) = 0.177353
inverse::GMRES     |  Converged (relative res), itr=3 ||r||=0.0545179 ||r0||=124265
flow               |  ENorm (Infnorm) of: water_content: 
flow               |    ENorm (face) = [1776] 8.52537e-08 (2.66437e-09)
flow               |    ENorm (cell) = [350] 2.12604 (0.0714429)
overland flow      |  ENorm (Infnorm) of: surface-water_content: 
overland flow      |    ENorm (cell) = [80] 0.0020936 (0.00107868)
overland flow      |    ENorm (boundary_face) = [-1] -1.79769e+308 (0)
Solver::NKA_BT_ATS |  1: backtrack 0: error(res) = 2.12604
Solver::NKA_BT_ATS |  1: backtrack 0: L2 error(res) = 0.545118
flow               |  ENorm (Infnorm) of: water_content: 
flow               |    ENorm (face) = [1776] 0.255822 (0.00799418)
flow               |    ENorm (cell) = [360] 0.266126 (0.00881573)
overland flow      |  ENorm (Infnorm) of: surface-water_content: 
overland flow      |    ENorm (cell) = [80] 0.0369363 (0.0102461)
overland flow      |    ENorm (boundary_face) = [-1] -1.79769e+308 (0)
Solver::NKA_BT_ATS |  1: backtrack 1: error(res) = 0.266126
Solver::NKA_BT_ATS |  1: backtrack 1: L2 error(res) = 0.110317
inverse::GMRES     |  Converged (relative res), itr=4 ||r||=0.0017872 ||r0||=29805.2
flow               |  ENorm (Infnorm) of: water_content: 
flow               |    ENorm (face) = [1776] 1.32948e-08 (4.15511e-10)
flow               |    ENorm (cell) = [480] 0.0443665 (0.00155985)
overland flow      |  ENorm (Infnorm) of: surface-water_content: 
overland flow      |    ENorm (cell) = [80] 0.000460571 (0.000238249)
overland flow      |    ENorm (boundary_face) = [-1] -1.79769e+308 (0)
Solver::NKA_BT_ATS |  2: backtrack 0: error(res) = 0.0443665
Solver::NKA_BT_ATS |  2: backtrack 0: L2 error(res) = 0.0114199
inverse::GMRES     |  Converged (relative res), itr=4 ||r||=6.81014e-05 ||r0||=2874.46
flow               |  ENorm (Infnorm) of: water_content: 
flow               |    ENorm (face) = [2638] 8.02304e-12 (5.1914e-13)
flow               |    ENorm (cell) = [470] 0.000994711 (3.40682e-05)
overland flow      |  ENorm (Infnorm) of: surface-water_content: 
overland flow      |    ENorm (cell) = [80] 5.73783e-09 (2.67347e-09)
overland flow      |    ENorm (boundary_face) = [-1] -1.79769e+308 (0)
Solver::NKA_BT_ATS |  3: NKA : error(res) = 0.000994711
Solver::NKA_BT_ATS |  3: NKA : L2 error(res) = 0.00027531
inverse::GMRES     |  Converged (relative res), itr=3 ||r||=3.69101e-06 ||r0||=38.5993
flow               |  ENorm (Infnorm) of: water_content: 
flow               |    ENorm (face) = [3015] 1.05251e-11 (6.40821e-13)
flow               |    ENorm (cell) = [251] 3.78456e-06 (1.52822e-07)
overland flow      |  ENorm (Infnorm) of: surface-water_content: 
overland flow      |    ENorm (cell) = [73] 6.29626e-11 (3.36151e-10)
overland flow      |    ENorm (boundary_face) = [-1] -1.79769e+308 (0)
Solver::NKA_BT_ATS |  4: NKA : error(res) = 3.78456e-06
Solver::NKA_BT_ATS |  4: NKA : L2 error(res) = 1.1775e-06
inverse::GMRES     |  Converged (relative res), itr=3 ||r||=7.56813e-09 ||r0||=0.254416
flow               |  ENorm (Infnorm) of: water_content: 
flow               |    ENorm (face) = [3048] 6.46634e-12 (4.11671e-13)
flow               |    ENorm (cell) = [470] 1.32473e-08 (4.64847e-10)
overland flow      |  ENorm (Infnorm) of: surface-water_content: 
overland flow      |    ENorm (cell) = [75] 5.96472e-11 (2.98349e-10)
overland flow      |    ENorm (boundary_face) = [-1] -1.79769e+308 (0)
Solver::NKA_BT_ATS |  5: NKA : error(res) = 1.32473e-08
Solver::NKA_BT_ATS |  5: NKA : L2 error(res) = 3.69946e-09
Solver::NKA_BT_ATS |  Solve succeeded: 5 iterations, error = 1.32473e-08
ATS                |  ================================================================================
ATS                |  
ATS                |  Cycle = 185,  Time [days] = 497,  dt [days] = 1
ATS                |  --------------------------------------------------------------------------------
snow storage       |  ----------------------------------------------------------------
snow storage       |  Advancing: t0 = 4.29408e+07 t1 = 4.30272e+07 h = 86400
snow storage       |  ----------------------------------------------------------------
snow storage       |   ENorm (Infnorm) of: snow-water_content: 
snow storage       |     ENorm (cell) = [0] 0.0747768 (0.0159884)
Solver::NKA_BT_ATS |  0: error(res) = 0.0747768
Solver::NKA_BT_ATS |  0: L2 error(res) = 0.159884
snow storage       |   ENorm (Infnorm) of: snow-water_content: 
snow storage       |     ENorm (cell) = [0] 6.08491e-17 (1.30104e-17)
Solver::NKA_BT_ATS |  1: backtrack 0: error(res) = 6.08491e-17
Solver::NKA_BT_ATS |  1: backtrack 0: L2 error(res) = 1.30104e-16
Solver::NKA_BT_ATS |  Solve succeeded: 1 iterations, error = 6.08491e-17
surface-subsurface |  ----------------------------------------------------------------
surface-subsurface |  Advancing: t0 = 4.29408e+07 t1 = 4.30272e+07 h = 86400
surface-subsurface |  ----------------------------------------------------------------
flow               |  ENorm (Infnorm) of: water_content: 
flow               |    ENorm (face) = [1817] 0.623887 (0.0216449)
flow               |    ENorm (cell) = [351] 0.187247 (0.0071718)
overland flow      |  ENorm (Infnorm) of: surface-water_content: 
overland flow      |    ENorm (cell) = [61] 0.680054 (0.0216452)
overland flow      |    ENorm (boundary_face) = [-1] -1.79769e+308 (0)
Solver::NKA_BT_ATS |  0: error(res) = 0.680054
Solver::NKA_BT_ATS |  0: L2 error(res) = 0.190381
inverse::GMRES     |  Converged (relative res), itr=4 ||r||=0.00276684 ||r0||=48206.4
flow               |  ENorm (Infnorm) of: water_content: 
flow               |    ENorm (face) = [2514] 0.343924 (0.0241998)
flow               |    ENorm (cell) = [410] 0.211218 (0.00748102)
overland flow      |  ENorm (Infnorm) of: surface-water_content: 
overland flow      |    ENorm (cell) = [62] 0.00192022 (0.00147403)
overland flow      |    ENorm (boundary_face) = [-1] -1.79769e+308 (0)
Solver::NKA_BT_ATS |  1: PIC : error(res) = 0.343924
Solver::NKA_BT_ATS |  1: PIC : L2 error(res) = 0.0618852
inverse::GMRES     |  Converged (relative res), itr=4 ||r||=0.000369038 ||r0||=14895.6
flow               |  ENorm (Infnorm) of: water_content: 
flow               |    ENorm (face) = [2514] 6.7251e-10 (4.73204e-11)
flow               |    ENorm (cell) = [390] 0.0352464 (0.00127254)
overland flow      |  ENorm (Infnorm) of: surface-water_content: 
overland flow      |    ENorm (cell) = [81] 1.41783e-05 (1.58996e-05)
overland flow      |    ENorm (boundary_face) = [-1] -1.79769e+308 (0)
Solver::NKA_BT_ATS |  2: backtrack 0: error(res) = 0.0352464
Solver::NKA_BT_ATS |  2: backtrack 0: L2 error(res) = 0.0101914
inverse::GMRES     |  Converged (relative res), itr=3 ||r||=0.000338568 ||r0||=2386.07
flow               |  ENorm (Infnorm) of: water_content: 
flow               |    ENorm (face) = [2679] 8.54824e-12 (5.43121e-13)
flow               |    ENorm (cell) = [371] 0.00125019 (4.48821e-05)
overland flow      |  ENorm (Infnorm) of: surface-water_content: 
overland flow      |    ENorm (cell) = [84] 5.29782e-10 (1.13683e-09)
overland flow      |    ENorm (boundary_face) = [-1] -1.79769e+308 (0)
Solver::NKA_BT_ATS |  3: NKA : error(res) = 0.00125019
Solver::NKA_BT_ATS |  3: NKA : L2 error(res) = 0.000299767
inverse::GMRES     |  Converged (relative res), itr=2 ||r||=4.99118e-05 ||r0||=60.7399
flow               |  ENorm (Infnorm) of: water_content: 
flow               |    ENorm (face) = [3011] 7.07516e-12 (4.90274e-13)
flow               |    ENorm (cell) = [361] 3.10067e-05 (1.122e-06)
overland flow      |  ENorm (Infnorm) of: surface-water_content: 
overland flow      |    ENorm (cell) = [97] 4.52191e-11 (1.84816e-10)
overland flow      |    ENorm (boundary_face) = [-1] -1.79769e+308 (0)
Solver::NKA_BT_ATS |  4: NKA : error(res) = 3.10067e-05
Solver::NKA_BT_ATS |  4: NKA : L2 error(res) = 8.22769e-06
inverse::GMRES     |  Converged (relative res), itr=2 ||r||=1.22753e-06 ||r0||=1.88586
flow               |  ENorm (Infnorm) of: water_content: 
flow               |    ENorm (face) = [2974] 6.8339e-12 (4.49418e-13)
flow               |    ENorm (cell) = [360] 5.85585e-07 (2.17056e-08)
overland flow      |  ENorm (Infnorm) of: surface-water_content: 
overland flow      |    ENorm (cell) = [73] 4.35578e-11 (2.32995e-10)
overland flow      |    ENorm (boundary_face) = [-1] -1.79769e+308 (0)
Solver::NKA_BT_ATS |  5: NKA : error(res) = 5.85585e-07
Solver::NKA_BT_ATS |  5: NKA : L2 error(res) = 1.53447e-07
Solver::NKA_BT_ATS |  Solve succeeded: 5 iterations, error = 5.85585e-07
ATS                |  ================================================================================
ATS                |  
ATS                |  Cycle = 186,  Time [days] = 498,  dt [days] = 1
ATS                |  --------------------------------------------------------------------------------
snow storage       |  ----------------------------------------------------------------
snow storage       |  Advancing: t0 = 4.30272e+07 t1 = 4.31136e+07 h = 86400
snow storage       |  ----------------------------------------------------------------
snow storage       |   ENorm (Infnorm) of: snow-water_content: 
snow storage       |     ENorm (cell) = [0] 0.154962 (0.0356108)
Solver::NKA_BT_ATS |  0: error(res) = 0.154962
Solver::NKA_BT_ATS |  0: L2 error(res) = 0.356108
snow storage       |   ENorm (Infnorm) of: snow-water_content: 
snow storage       |     ENorm (cell) = [0] 2.00042e-16 (4.59702e-17)
Solver::NKA_BT_ATS |  1: backtrack 0: error(res) = 2.00042e-16
Solver::NKA_BT_ATS |  1: backtrack 0: L2 error(res) = 4.59702e-16
Solver::NKA_BT_ATS |  Solve succeeded: 1 iterations, error = 2.00042e-16
surface-subsurface |  ----------------------------------------------------------------
surface-subsurface |  Advancing: t0 = 4.30272e+07 t1 = 4.31136e+07 h = 86400
surface-subsurface |  ----------------------------------------------------------------
flow               |  ENorm (Infnorm) of: water_content: 
flow               |    ENorm (face) = [1776] 1.10198 (0.0356108)
flow               |    ENorm (cell) = [400] 0.39072 (0.0140401)
overland flow      |  ENorm (Infnorm) of: surface-water_content: 
overland flow      |    ENorm (cell) = [80] 0.0714382 (0.020154)
overland flow      |    ENorm (boundary_face) = [-1] -1.79769e+308 (0)
Solver::NKA_BT_ATS |  0: error(res) = 1.10198
Solver::NKA_BT_ATS |  0: L2 error(res) = 0.321708
inverse::GMRES     |  Converged (relative res), itr=3 ||r||=0.0668313 ||r0||=145059
flow               |  ENorm (Infnorm) of: water_content: 
flow               |    ENorm (face) = [1776] 1.40921e-07 (4.55414e-09)
flow               |    ENorm (cell) = [370] 4.36172 (0.147999)
overland flow      |  ENorm (Infnorm) of: surface-water_content: 
overland flow      |    ENorm (cell) = [80] 0.00233421 (0.00164682)
overland flow      |    ENorm (boundary_face) = [-1] -1.79769e+308 (0)
Solver::NKA_BT_ATS |  1: backtrack 0: error(res) = 4.36172
Solver::NKA_BT_ATS |  1: backtrack 0: L2 error(res) = 1.01373
flow               |  ENorm (Infnorm) of: water_content: 
flow               |    ENorm (face) = [1776] 0.550988 (0.0178054)
flow               |    ENorm (cell) = [370] 0.556684 (0.0187798)
overland flow      |  ENorm (Infnorm) of: surface-water_content: 
overland flow      |    ENorm (cell) = [80] 0.036295 (0.0102395)
overland flow      |    ENorm (boundary_face) = [-1] -1.79769e+308 (0)
Solver::NKA_BT_ATS |  1: backtrack 1: error(res) = 0.556684
Solver::NKA_BT_ATS |  1: backtrack 1: L2 error(res) = 0.195746
inverse::GMRES     |  Converged (relative res), itr=4 ||r||=0.00222664 ||r0||=29684
flow               |  ENorm (Infnorm) of: water_content: 
flow               |    ENorm (face) = [1776] 3.83761e-08 (1.24032e-09)
flow               |    ENorm (cell) = [490] 0.0856985 (0.00323771)
overland flow      |  ENorm (Infnorm) of: surface-water_content: 
overland flow      |    ENorm (cell) = [80] 0.000514457 (0.000371825)
overland flow      |    ENorm (boundary_face) = [-1] -1.79769e+308 (0)
Solver::NKA_BT_ATS |  2: backtrack 0: error(res) = 0.0856985
Solver::NKA_BT_ATS |  2: backtrack 0: L2 error(res) = 0.0146319
inverse::GMRES     |  Converged (relative res), itr=4 ||r||=9.29776e-05 ||r0||=2954.28
flow               |  ENorm (Infnorm) of: water_content: 
flow               |    ENorm (face) = [2929] 7.51073e-12 (4.54747e-13)
flow               |    ENorm (cell) = [480] 0.00249482 (9.04236e-05)
overland flow      |  ENorm (Infnorm) of: surface-water_content: 
overland flow      |    ENorm (cell) = [80] 1.07124e-08 (6.91472e-09)
overland flow      |    ENorm (boundary_face) = [-1] -1.79769e+308 (0)
Solver::NKA_BT_ATS |  3: NKA : error(res) = 0.00249482
Solver::NKA_BT_ATS |  3: NKA : L2 error(res) = 0.000371426
inverse::GMRES     |  Converged (relative res), itr=3 ||r||=6.04528e-06 ||r0||=43.2524
flow               |  ENorm (Infnorm) of: water_content: 
flow               |    ENorm (face) = [2974] 7.69821e-12 (4.66738e-13)
flow               |    ENorm (cell) = [481] 3.62141e-06 (1.33773e-07)
overland flow      |  ENorm (Infnorm) of: surface-water_content: 
overland flow      |    ENorm (cell) = [73] 5.00605e-11 (2.67505e-10)
overland flow      |    ENorm (boundary_face) = [-1] -1.79769e+308 (0)
Solver::NKA_BT_ATS |  4: NKA : error(res) = 3.62141e-06
Solver::NKA_BT_ATS |  4: NKA : L2 error(res) = 7.11672e-07
inverse::GMRES     |  Converged (relative res), itr=3 ||r||=2.16568e-08 ||r0||=0.378368
flow               |  ENorm (Infnorm) of: water_content: 
flow               |    ENorm (face) = [2970] 1.01594e-11 (6.15952e-13)
flow               |    ENorm (cell) = [480] 9.37658e-08 (3.36899e-09)
overland flow      |  ENorm (Infnorm) of: surface-water_content: 
overland flow      |    ENorm (cell) = [73] 1.03569e-10 (5.53436e-10)
overland flow      |    ENorm (boundary_face) = [-1] -1.79769e+308 (0)
Solver::NKA_BT_ATS |  5: NKA : error(res) = 9.37658e-08
Solver::NKA_BT_ATS |  5: NKA : L2 error(res) = 1.62246e-08
Solver::NKA_BT_ATS |  Solve succeeded: 5 iterations, error = 9.37658e-08
ATS                |  ================================================================================
ATS                |  
ATS                |  Cycle = 187,  Time [days] = 499,  dt [days] = 1
ATS                |  --------------------------------------------------------------------------------
snow storage       |  ----------------------------------------------------------------
snow storage       |  Advancing: t0 = 4.31136e+07 t1 = 4.32e+07 h = 86400
snow storage       |  ----------------------------------------------------------------
snow storage       |   ENorm (Infnorm) of: snow-water_content: 
snow storage       |     ENorm (cell) = [0] 0.0933597 (0.0196224)
Solver::NKA_BT_ATS |  0: error(res) = 0.0933597
Solver::NKA_BT_ATS |  0: L2 error(res) = 0.196224
snow storage       |   ENorm (Infnorm) of: snow-water_content: 
snow storage       |     ENorm (cell) = [0] 1.70475e-16 (3.58306e-17)
Solver::NKA_BT_ATS |  1: backtrack 0: error(res) = 1.70475e-16
Solver::NKA_BT_ATS |  1: backtrack 0: L2 error(res) = 3.58306e-16
Solver::NKA_BT_ATS |  Solve succeeded: 1 iterations, error = 1.70475e-16
surface-subsurface |  ----------------------------------------------------------------
surface-subsurface |  Advancing: t0 = 4.31136e+07 t1 = 4.32e+07 h = 86400
surface-subsurface |  ----------------------------------------------------------------
flow               |  ENorm (Infnorm) of: water_content: 
flow               |    ENorm (face) = [1817] 0.720492 (0.0256841)
flow               |    ENorm (cell) = [381] 0.165077 (0.00629279)
overland flow      |  ENorm (Infnorm) of: surface-water_content: 
overland flow      |    ENorm (cell) = [61] 0.806957 (0.0256844)
overland flow      |    ENorm (boundary_face) = [-1] -1.79769e+308 (0)
Solver::NKA_BT_ATS |  0: error(res) = 0.806957
Solver::NKA_BT_ATS |  0: L2 error(res) = 0.226742
inverse::GMRES     |  Converged (relative res), itr=4 ||r||=0.00236393 ||r0||=49762.2
flow               |  ENorm (Infnorm) of: water_content: 
flow               |    ENorm (face) = [2514] 0.375443 (0.0264176)
flow               |    ENorm (cell) = [420] 0.224567 (0.00807353)
overland flow      |  ENorm (Infnorm) of: surface-water_content: 
overland flow      |    ENorm (cell) = [62] 0.00205636 (0.00158798)
overland flow      |    ENorm (boundary_face) = [-1] -1.79769e+308 (0)
Solver::NKA_BT_ATS |  1: PIC : error(res) = 0.375443
Solver::NKA_BT_ATS |  1: PIC : L2 error(res) = 0.0662155
inverse::GMRES     |  Converged (relative res), itr=4 ||r||=0.000832193 ||r0||=15257.5
flow               |  ENorm (Infnorm) of: water_content: 
flow               |    ENorm (face) = [2514] 1.61939e-09 (1.13946e-10)
flow               |    ENorm (cell) = [400] 0.0376061 (0.00137767)
overland flow      |  ENorm (Infnorm) of: surface-water_content: 
overland flow      |    ENorm (cell) = [81] 1.63664e-05 (1.87623e-05)
overland flow      |    ENorm (boundary_face) = [-1] -1.79769e+308 (0)
Solver::NKA_BT_ATS |  2: backtrack 0: error(res) = 0.0376061
Solver::NKA_BT_ATS |  2: backtrack 0: L2 error(res) = 0.0108522
inverse::GMRES     |  Converged (relative res), itr=3 ||r||=0.000372994 ||r0||=2313.56
flow               |  ENorm (Infnorm) of: water_content: 
flow               |    ENorm (face) = [2810] 7.74768e-12 (5.07594e-13)
flow               |    ENorm (cell) = [381] 0.00133301 (4.8643e-05)
overland flow      |  ENorm (Infnorm) of: surface-water_content: 
overland flow      |    ENorm (cell) = [84] 4.62773e-10 (3.03085e-10)
overland flow      |    ENorm (boundary_face) = [-1] -1.79769e+308 (0)
Solver::NKA_BT_ATS |  3: NKA : error(res) = 0.00133301
Solver::NKA_BT_ATS |  3: NKA : L2 error(res) = 0.000318696
inverse::GMRES     |  Converged (relative res), itr=3 ||r||=1.83914e-06 ||r0||=54.9822
flow               |  ENorm (Infnorm) of: water_content: 
flow               |    ENorm (face) = [2638] 6.67786e-12 (4.32099e-13)
flow               |    ENorm (cell) = [371] 2.95967e-05 (1.08757e-06)
overland flow      |  ENorm (Infnorm) of: surface-water_content: 
overland flow      |    ENorm (cell) = [70] 6.07859e-11 (3.15048e-10)
overland flow      |    ENorm (boundary_face) = [-1] -1.79769e+308 (0)
Solver::NKA_BT_ATS |  4: NKA : error(res) = 2.95967e-05
Solver::NKA_BT_ATS |  4: NKA : L2 error(res) = 7.9021e-06
inverse::GMRES     |  Converged (relative res), itr=2 ||r||=1.48335e-06 ||r0||=1.54115
flow               |  ENorm (Infnorm) of: water_content: 
flow               |    ENorm (face) = [2638] 7.3779e-12 (4.77396e-13)
flow               |    ENorm (cell) = [370] 4.38789e-07 (1.65684e-08)
overland flow      |  ENorm (Infnorm) of: surface-water_content: 
overland flow      |    ENorm (cell) = [74] 6.2436e-11 (3.26958e-10)
overland flow      |    ENorm (boundary_face) = [-1] -1.79769e+308 (0)
Solver::NKA_BT_ATS |  5: NKA : error(res) = 4.38789e-07
Solver::NKA_BT_ATS |  5: NKA : L2 error(res) = 1.16874e-07
Solver::NKA_BT_ATS |  Solve succeeded: 5 iterations, error = 4.38789e-07
ATS                |  ================================================================================
ATS                |  
ATS                |  Cycle = 188,  Time [days] = 500,  dt [days] = 1
ATS                |  --------------------------------------------------------------------------------
snow storage       |  ----------------------------------------------------------------
snow storage       |  Advancing: t0 = 4.32e+07 t1 = 4.32864e+07 h = 86400
snow storage       |  ----------------------------------------------------------------
snow storage       |   ENorm (Infnorm) of: snow-water_content: 
snow storage       |     ENorm (cell) = [0] 1.38586e-16 (2.91282e-17)
Solver::NKA_BT_ATS |  0: error(res) = 1.38586e-16
Solver::NKA_BT_ATS |  0: L2 error(res) = 2.91282e-16
Solver::NKA_BT_ATS |  Solve succeeded: 0 iterations, error = 1.38586e-16
surface-subsurface |  ----------------------------------------------------------------
surface-subsurface |  Advancing: t0 = 4.32e+07 t1 = 4.32864e+07 h = 86400
surface-subsurface |  ----------------------------------------------------------------
flow               |  ENorm (Infnorm) of: water_content: 
flow               |    ENorm (face) = [1776] 1.08768 (0.0356108)
flow               |    ENorm (cell) = [410] 0.467774 (0.0162975)
overland flow      |  ENorm (Infnorm) of: surface-water_content: 
overland flow      |    ENorm (cell) = [80] 0.0646767 (0.0184147)
overland flow      |    ENorm (boundary_face) = [-1] -1.79769e+308 (0)
Solver::NKA_BT_ATS |  0: error(res) = 1.08768
Solver::NKA_BT_ATS |  0: L2 error(res) = 0.322484
inverse::GMRES     |  Converged (relative res), itr=4 ||r||=0.00533962 ||r0||=130036
flow               |  ENorm (Infnorm) of: water_content: 
flow               |    ENorm (face) = [1776] 1.19432e-08 (3.91126e-10)
flow               |    ENorm (cell) = [360] 2.52938 (0.0873591)
overland flow      |  ENorm (Infnorm) of: surface-water_content: 
overland flow      |    ENorm (cell) = [80] 0.00380174 (0.0026957)
overland flow      |    ENorm (boundary_face) = [-1] -1.79769e+308 (0)
Solver::NKA_BT_ATS |  1: backtrack 0: error(res) = 2.52938
Solver::NKA_BT_ATS |  1: backtrack 0: L2 error(res) = 0.604703
flow               |  ENorm (Infnorm) of: water_content: 
flow               |    ENorm (face) = [1776] 0.54384 (0.0178054)
flow               |    ENorm (cell) = [360] 0.467838 (0.0161581)
overland flow      |  ENorm (Infnorm) of: surface-water_content: 
overland flow      |    ENorm (cell) = [80] 0.0332726 (0.00947337)
overland flow      |    ENorm (boundary_face) = [-1] -1.79769e+308 (0)
Solver::NKA_BT_ATS |  1: backtrack 1: error(res) = 0.54384
Solver::NKA_BT_ATS |  1: backtrack 1: L2 error(res) = 0.184633
inverse::GMRES     |  Converged (relative res), itr=4 ||r||=0.00210728 ||r0||=30157.8
flow               |  ENorm (Infnorm) of: water_content: 
flow               |    ENorm (face) = [1776] 2.96539e-08 (9.71107e-10)
flow               |    ENorm (cell) = [490] 0.0774158 (0.00293227)
overland flow      |  ENorm (Infnorm) of: surface-water_content: 
overland flow      |    ENorm (cell) = [80] 0.000806769 (0.000593722)
overland flow      |    ENorm (boundary_face) = [-1] -1.79769e+308 (0)
Solver::NKA_BT_ATS |  2: backtrack 0: error(res) = 0.0774158
Solver::NKA_BT_ATS |  2: backtrack 0: L2 error(res) = 0.0121176
inverse::GMRES     |  Converged (relative res), itr=4 ||r||=9.58008e-05 ||r0||=2719.88
flow               |  ENorm (Infnorm) of: water_content: 
flow               |    ENorm (face) = [2888] 8.00603e-12 (4.8539e-13)
flow               |    ENorm (cell) = [480] 0.00228147 (8.25076e-05)
overland flow      |  ENorm (Infnorm) of: surface-water_content: 
overland flow      |    ENorm (cell) = [80] 2.81733e-08 (1.8528e-08)
overland flow      |    ENorm (boundary_face) = [-1] -1.79769e+308 (0)
Solver::NKA_BT_ATS |  3: NKA : error(res) = 0.00228147
Solver::NKA_BT_ATS |  3: NKA : L2 error(res) = 0.000303301
inverse::GMRES     |  Converged (relative res), itr=3 ||r||=8.16487e-06 ||r0||=31.0871
flow               |  ENorm (Infnorm) of: water_content: 
flow               |    ENorm (face) = [2687] 7.4018e-12 (5.25358e-13)
flow               |    ENorm (cell) = [480] 1.06336e-05 (3.84554e-07)
overland flow      |  ENorm (Infnorm) of: surface-water_content: 
overland flow      |    ENorm (cell) = [80] 1.25193e-10 (4.9791e-10)
overland flow      |    ENorm (boundary_face) = [-1] -1.79769e+308 (0)
Solver::NKA_BT_ATS |  4: NKA : error(res) = 1.06336e-05
Solver::NKA_BT_ATS |  4: NKA : L2 error(res) = 1.54369e-06
inverse::GMRES     |  Converged (relative res), itr=3 ||r||=3.83459e-08 ||r0||=0.244021
flow               |  ENorm (Infnorm) of: water_content: 
flow               |    ENorm (face) = [2929] 1.05693e-11 (6.39933e-13)
flow               |    ENorm (cell) = [480] 7.19041e-08 (2.60036e-09)
overland flow      |  ENorm (Infnorm) of: surface-water_content: 
overland flow      |    ENorm (cell) = [73] 1.01684e-10 (5.43626e-10)
overland flow      |    ENorm (boundary_face) = [-1] -1.79769e+308 (0)
Solver::NKA_BT_ATS |  5: NKA : error(res) = 7.19041e-08
Solver::NKA_BT_ATS |  5: NKA : L2 error(res) = 9.21251e-09
Solver::NKA_BT_ATS |  Solve succeeded: 5 iterations, error = 7.19041e-08
ATS                |  ================================================================================
ATS                |  
ATS                |  Cycle = 189,  Time [days] = 501,  dt [days] = 1
ATS                |  --------------------------------------------------------------------------------
snow storage       |  ----------------------------------------------------------------
snow storage       |  Advancing: t0 = 4.32864e+07 t1 = 4.33728e+07 h = 86400
snow storage       |  ----------------------------------------------------------------
snow storage       |   ENorm (Infnorm) of: snow-water_content: 
snow storage       |     ENorm (cell) = [0] 2.06864e-16 (4.34788e-17)
Solver::NKA_BT_ATS |  0: error(res) = 2.06864e-16
Solver::NKA_BT_ATS |  0: L2 error(res) = 4.34788e-16
Solver::NKA_BT_ATS |  Solve succeeded: 0 iterations, error = 2.06864e-16
surface-subsurface |  ----------------------------------------------------------------
surface-subsurface |  Advancing: t0 = 4.32864e+07 t1 = 4.33728e+07 h = 86400
surface-subsurface |  ----------------------------------------------------------------
flow               |  ENorm (Infnorm) of: water_content: 
flow               |    ENorm (face) = [1817] 0.137432 (0.00486053)
flow               |    ENorm (cell) = [0] 0.0703587 (0.00576164)
overland flow      |  ENorm (Infnorm) of: surface-water_content: 
overland flow      |    ENorm (cell) = [61] 0.152698 (0.0183616)
overland flow      |    ENorm (boundary_face) = [-1] -1.79769e+308 (0)
Solver::NKA_BT_ATS |  0: error(res) = 0.152698
Solver::NKA_BT_ATS |  0: L2 error(res) = 0.125151
inverse::GMRES     |  Converged (relative res), itr=3 ||r||=0.0301405 ||r0||=46319.9
flow               |  ENorm (Infnorm) of: water_content: 
flow               |    ENorm (face) = [1817] 4.96547e-08 (1.75617e-09)
flow               |    ENorm (cell) = [350] 0.0402077 (0.00193237)
overland flow      |  ENorm (Infnorm) of: surface-water_content: 
overland flow      |    ENorm (cell) = [61] 18.9506 (0.603172)
overland flow      |    ENorm (boundary_face) = [-1] -1.79769e+308 (0)
Solver::NKA_BT_ATS |  1: backtrack 0: error(res) = 18.9506
Solver::NKA_BT_ATS |  1: backtrack 0: L2 error(res) = 0.853123
flow               |  ENorm (Infnorm) of: water_content: 
flow               |    ENorm (face) = [1817] 0.0687159 (0.00243026)
flow               |    ENorm (cell) = [391] 0.0289021 (0.00288091)
overland flow      |  ENorm (Infnorm) of: surface-water_content: 
overland flow      |    ENorm (cell) = [61] 5.91667 (0.199909)
overland flow      |    ENorm (boundary_face) = [-1] -1.79769e+308 (0)
Solver::NKA_BT_ATS |  1: backtrack 1: error(res) = 5.91667
Solver::NKA_BT_ATS |  1: backtrack 1: L2 error(res) = 0.281413
flow               |  ENorm (Infnorm) of: water_content: 
flow               |    ENorm (face) = [1817] 0.103074 (0.00364539)
flow               |    ENorm (cell) = [0] 0.050411 (0.00432125)
overland flow      |  ENorm (Infnorm) of: surface-water_content: 
overland flow      |    ENorm (cell) = [61] 1.77532 (0.0738927)
overland flow      |    ENorm (boundary_face) = [-1] -1.79769e+308 (0)
Solver::NKA_BT_ATS |  1: backtrack 2: error(res) = 1.77532
Solver::NKA_BT_ATS |  1: backtrack 2: L2 error(res) = 0.131275
flow               |  ENorm (Infnorm) of: water_content: 
flow               |    ENorm (face) = [1817] 0.120253 (0.00425296)
flow               |    ENorm (cell) = [0] 0.0609 (0.00504144)
overland flow      |  ENorm (Infnorm) of: surface-water_content: 
overland flow      |    ENorm (cell) = [61] 0.461199 (0.0349642)
overland flow      |    ENorm (boundary_face) = [-1] -1.79769e+308 (0)
Solver::NKA_BT_ATS |  1: backtrack 3: error(res) = 0.461199
Solver::NKA_BT_ATS |  1: backtrack 3: L2 error(res) = 0.114651
inverse::GMRES     |  Converged (relative res), itr=3 ||r||=0.029139 ||r0||=39324.2
flow               |  ENorm (Infnorm) of: water_content: 
flow               |    ENorm (face) = [1817] 4.52724e-08 (1.60126e-09)
flow               |    ENorm (cell) = [350] 0.028888 (0.00138078)
overland flow      |  ENorm (Infnorm) of: surface-water_content: 
overland flow      |    ENorm (cell) = [61] 0.00784873 (0.0010078)
overland flow      |    ENorm (boundary_face) = [-1] -1.79769e+308 (0)
Solver::NKA_BT_ATS |  2: backtrack 0: error(res) = 0.028888
Solver::NKA_BT_ATS |  2: backtrack 0: L2 error(res) = 0.0100677
inverse::GMRES     |  Converged (relative res), itr=3 ||r||=0.00164986 ||r0||=3825.17
flow               |  ENorm (Infnorm) of: water_content: 
flow               |    ENorm (face) = [3134] 8.4629e-12 (5.32463e-13)
flow               |    ENorm (cell) = [0] 0.000468817 (2.37769e-05)
overland flow      |  ENorm (Infnorm) of: surface-water_content: 
overland flow      |    ENorm (cell) = [61] 4.41916e-06 (1.43211e-07)
overland flow      |    ENorm (boundary_face) = [-1] -1.79769e+308 (0)
Solver::NKA_BT_ATS |  3: NKA : error(res) = 0.000468817
Solver::NKA_BT_ATS |  3: NKA : L2 error(res) = 0.000221279
inverse::GMRES     |  Converged (relative res), itr=3 ||r||=2.13474e-06 ||r0||=49.2096
flow               |  ENorm (Infnorm) of: water_content: 
flow               |    ENorm (face) = [3540] 6.50498e-12 (4.72511e-13)
flow               |    ENorm (cell) = [0] 6.08698e-06 (3.08712e-07)
overland flow      |  ENorm (Infnorm) of: surface-water_content: 
overland flow      |    ENorm (cell) = [61] 3.47053e-08 (1.12171e-09)
overland flow      |    ENorm (boundary_face) = [-1] -1.79769e+308 (0)
Solver::NKA_BT_ATS |  4: NKA : error(res) = 6.08698e-06
Solver::NKA_BT_ATS |  4: NKA : L2 error(res) = 2.46786e-06
inverse::GMRES     |  Converged (relative res), itr=3 ||r||=1.6213e-08 ||r0||=0.653298
flow               |  ENorm (Infnorm) of: water_content: 
flow               |    ENorm (face) = [2638] 7.74164e-12 (5.00933e-13)
flow               |    ENorm (cell) = [0] 4.92924e-08 (2.49995e-09)
overland flow      |  ENorm (Infnorm) of: surface-water_content: 
overland flow      |    ENorm (cell) = [61] 3.26627e-10 (4.9151e-10)
overland flow      |    ENorm (boundary_face) = [-1] -1.79769e+308 (0)
Solver::NKA_BT_ATS |  5: NKA : error(res) = 4.92924e-08
Solver::NKA_BT_ATS |  5: NKA : L2 error(res) = 1.94824e-08
Solver::NKA_BT_ATS |  Solve succeeded: 5 iterations, error = 4.92924e-08
ATS                |  ================================================================================
ATS                |  
ATS                |  Cycle = 190,  Time [days] = 502,  dt [days] = 1
ATS                |  --------------------------------------------------------------------------------
snow storage       |  ----------------------------------------------------------------
snow storage       |  Advancing: t0 = 4.33728e+07 t1 = 4.34592e+07 h = 86400
snow storage       |  ----------------------------------------------------------------
snow storage       |   ENorm (Infnorm) of: snow-water_content: 
snow storage       |     ENorm (cell) = [0] 0.0622398 (0.0130816)
Solver::NKA_BT_ATS |  0: error(res) = 0.0622398
Solver::NKA_BT_ATS |  0: L2 error(res) = 0.130816
snow storage       |   ENorm (Infnorm) of: snow-water_content: 
snow storage       |     ENorm (cell) = [0] 7.22181e-17 (1.51788e-17)
Solver::NKA_BT_ATS |  1: backtrack 0: error(res) = 7.22181e-17
Solver::NKA_BT_ATS |  1: backtrack 0: L2 error(res) = 1.51788e-16
Solver::NKA_BT_ATS |  Solve succeeded: 1 iterations, error = 7.22181e-17
surface-subsurface |  ----------------------------------------------------------------
surface-subsurface |  Advancing: t0 = 4.33728e+07 t1 = 4.34592e+07 h = 86400
surface-subsurface |  ----------------------------------------------------------------
flow               |  ENorm (Infnorm) of: water_content: 
flow               |    ENorm (face) = [1817] 0.26483 (0.00989964)
flow               |    ENorm (cell) = [312] 0.0421163 (0.00576397)
overland flow      |  ENorm (Infnorm) of: surface-water_content: 
overland flow      |    ENorm (cell) = [61] 1.2286 (0.0408728)
overland flow      |    ENorm (boundary_face) = [-1] -1.79769e+308 (0)
Solver::NKA_BT_ATS |  0: error(res) = 1.2286
Solver::NKA_BT_ATS |  0: L2 error(res) = 0.115002
inverse::GMRES     |  Converged (relative res), itr=4 ||r||=0.00119596 ||r0||=15004.1
flow               |  ENorm (Infnorm) of: water_content: 
flow               |    ENorm (face) = [1817] 4.78356e-09 (1.79072e-10)
flow               |    ENorm (cell) = [420] 0.0280535 (0.00105776)
overland flow      |  ENorm (Infnorm) of: surface-water_content: 
overland flow      |    ENorm (cell) = [61] 0.323983 (0.0108666)
overland flow      |    ENorm (boundary_face) = [-1] -1.79769e+308 (0)
Solver::NKA_BT_ATS |  1: backtrack 0: error(res) = 0.323983
Solver::NKA_BT_ATS |  1: backtrack 0: L2 error(res) = 0.0174617
inverse::GMRES     |  Converged (relative res), itr=3 ||r||=0.000424789 ||r0||=1010.52
flow               |  ENorm (Infnorm) of: water_content: 
flow               |    ENorm (face) = [2929] 8.08282e-12 (4.89386e-13)
flow               |    ENorm (cell) = [391] 0.000388938 (1.48728e-05)
overland flow      |  ENorm (Infnorm) of: surface-water_content: 
overland flow      |    ENorm (cell) = [61] 0.0644671 (0.00214469)
overland flow      |    ENorm (boundary_face) = [-1] -1.79769e+308 (0)
Solver::NKA_BT_ATS |  2: backtrack 0: error(res) = 0.0644671
Solver::NKA_BT_ATS |  2: backtrack 0: L2 error(res) = 0.00303511
inverse::GMRES     |  Converged (relative res), itr=4 ||r||=6.46613e-07 ||r0||=12.3824
flow               |  ENorm (Infnorm) of: water_content: 
flow               |    ENorm (face) = [2638] 8.16715e-12 (5.28466e-13)
flow               |    ENorm (cell) = [612] 9.44728e-07 (6.6476e-08)
overland flow      |  ENorm (Infnorm) of: surface-water_content: 
overland flow      |    ENorm (cell) = [61] 0.0100651 (0.000334846)
overland flow      |    ENorm (boundary_face) = [-1] -1.79769e+308 (0)
Solver::NKA_BT_ATS |  3: NKA : error(res) = 0.0100651
Solver::NKA_BT_ATS |  3: NKA : L2 error(res) = 0.000473541
inverse::GMRES     |  Converged (relative res), itr=4 ||r||=1.5205e-07 ||r0||=1.37777
flow               |  ENorm (Infnorm) of: water_content: 
flow               |    ENorm (face) = [3175] 8.294e-12 (5.32463e-13)
flow               |    ENorm (cell) = [612] 1.91056e-07 (1.34437e-08)
overland flow      |  ENorm (Infnorm) of: surface-water_content: 
overland flow      |    ENorm (cell) = [61] 0.00031386 (1.04414e-05)
overland flow      |    ENorm (boundary_face) = [-1] -1.79769e+308 (0)
Solver::NKA_BT_ATS |  4: NKA : error(res) = 0.00031386
Solver::NKA_BT_ATS |  4: NKA : L2 error(res) = 1.47664e-05
inverse::GMRES     |  Converged (relative res), itr=4 ||r||=4.87235e-09 ||r0||=0.0500506
flow               |  ENorm (Infnorm) of: water_content: 
flow               |    ENorm (face) = [3056] 8.69642e-12 (5.33351e-13)
flow               |    ENorm (cell) = [270] 2.92441e-10 (1.51187e-11)
overland flow      |  ENorm (Infnorm) of: surface-water_content: 
overland flow      |    ENorm (cell) = [61] 2.72369e-05 (9.06116e-07)
overland flow      |    ENorm (boundary_face) = [-1] -1.79769e+308 (0)
Solver::NKA_BT_ATS |  5: NKA : error(res) = 2.72369e-05
Solver::NKA_BT_ATS |  5: NKA : L2 error(res) = 1.28143e-06
inverse::GMRES     |  Converged (relative res), itr=4 ||r||=5.32755e-10 ||r0||=0.00433658
flow               |  ENorm (Infnorm) of: water_content: 
flow               |    ENorm (face) = [2724] 6.73311e-12 (4.21441e-13)
flow               |    ENorm (cell) = [650] 1.49567e-11 (9.96699e-13)
overland flow      |  ENorm (Infnorm) of: surface-water_content: 
overland flow      |    ENorm (cell) = [61] 1.04029e-06 (3.46083e-08)
overland flow      |    ENorm (boundary_face) = [-1] -1.79769e+308 (0)
Solver::NKA_BT_ATS |  6: NKA : error(res) = 1.04029e-06
Solver::NKA_BT_ATS |  6: NKA : L2 error(res) = 4.89477e-08
inverse::GMRES     |  Converged (relative res), itr=4 ||r||=2.05201e-11 ||r0||=0.000165481
flow               |  ENorm (Infnorm) of: water_content: 
flow               |    ENorm (face) = [2683] 6.58409e-12 (4.55191e-13)
flow               |    ENorm (cell) = [711] 1.46681e-11 (1.03717e-12)
overland flow      |  ENorm (Infnorm) of: surface-water_content: 
overland flow      |    ENorm (cell) = [61] 9.20806e-11 (2.48454e-10)
overland flow      |    ENorm (boundary_face) = [-1] -1.79769e+308 (0)
Solver::NKA_BT_ATS |  7: NKA : error(res) = 9.20806e-11
Solver::NKA_BT_ATS |  7: NKA : L2 error(res) = 4.55895e-10
Solver::NKA_BT_ATS |  Solve succeeded: 7 iterations, error = 9.20806e-11
ATS                |  ================================================================================
ATS                |  
ATS                |  Cycle = 191,  Time [days] = 503,  dt [days] = 1
ATS                |  --------------------------------------------------------------------------------
snow storage       |  ----------------------------------------------------------------
snow storage       |  Advancing: t0 = 4.34592e+07 t1 = 4.35456e+07 h = 86400
snow storage       |  ----------------------------------------------------------------
snow storage       |   ENorm (Infnorm) of: snow-water_content: 
snow storage       |     ENorm (cell) = [0] 0.0663707 (0.0130816)
Solver::NKA_BT_ATS |  0: error(res) = 0.0663707
Solver::NKA_BT_ATS |  0: L2 error(res) = 0.130816
snow storage       |   ENorm (Infnorm) of: snow-water_content: 
snow storage       |     ENorm (cell) = [0] 4.8407e-17 (9.54098e-18)
Solver::NKA_BT_ATS |  1: backtrack 0: error(res) = 4.8407e-17
Solver::NKA_BT_ATS |  1: backtrack 0: L2 error(res) = 9.54098e-17
Solver::NKA_BT_ATS |  Solve succeeded: 1 iterations, error = 4.8407e-17
surface-subsurface |  ----------------------------------------------------------------
surface-subsurface |  Advancing: t0 = 4.34592e+07 t1 = 4.35456e+07 h = 86400
surface-subsurface |  ----------------------------------------------------------------
flow               |  ENorm (Infnorm) of: water_content: 
flow               |    ENorm (face) = [1817] 0.613054 (0.0223837)
flow               |    ENorm (cell) = [410] 0.118281 (0.00512381)
overland flow      |  ENorm (Infnorm) of: surface-water_content: 
overland flow      |    ENorm (cell) = [62] 0.0265838 (0.0212978)
overland flow      |    ENorm (boundary_face) = [-1] -1.79769e+308 (0)
Solver::NKA_BT_ATS |  0: error(res) = 0.613054
Solver::NKA_BT_ATS |  0: L2 error(res) = 0.186097
inverse::GMRES     |  Converged (relative res), itr=4 ||r||=0.00200219 ||r0||=46421.6
flow               |  ENorm (Infnorm) of: water_content: 
flow               |    ENorm (face) = [1817] 0.606638 (0.0221495)
flow               |    ENorm (cell) = [410] 0.117109 (0.00507348)
overland flow      |  ENorm (Infnorm) of: surface-water_content: 
overland flow      |    ENorm (cell) = [61] 0.138336 (0.0210749)
overland flow      |    ENorm (boundary_face) = [-1] -1.79769e+308 (0)
Solver::NKA_BT_ATS |  1: PIC : error(res) = 0.606638
Solver::NKA_BT_ATS |  1: PIC : L2 error(res) = 0.184153
inverse::GMRES     |  Converged (relative res), itr=4 ||r||=0.00277705 ||r0||=45539.6
flow               |  ENorm (Infnorm) of: water_content: 
flow               |    ENorm (face) = [1817] 1.67614e-08 (6.12163e-10)
flow               |    ENorm (cell) = [410] 0.34391 (0.0128686)
overland flow      |  ENorm (Infnorm) of: surface-water_content: 
overland flow      |    ENorm (cell) = [61] 25.5073 (0.816244)
overland flow      |    ENorm (boundary_face) = [-1] -1.79769e+308 (0)
Solver::NKA_BT_ATS |  2: backtrack 0: error(res) = 25.5073
Solver::NKA_BT_ATS |  2: backtrack 0: L2 error(res) = 1.15814
flow               |  ENorm (Infnorm) of: water_content: 
flow               |    ENorm (face) = [1817] 0.303319 (0.0110747)
flow               |    ENorm (cell) = [410] 0.130392 (0.00493289)
overland flow      |  ENorm (Infnorm) of: surface-water_content: 
overland flow      |    ENorm (cell) = [61] 7.92503 (0.266253)
overland flow      |    ENorm (boundary_face) = [-1] -1.79769e+308 (0)
Solver::NKA_BT_ATS |  2: backtrack 1: error(res) = 7.92503
Solver::NKA_BT_ATS |  2: backtrack 1: L2 error(res) = 0.379996
flow               |  ENorm (Infnorm) of: water_content: 
flow               |    ENorm (face) = [1817] 0.454978 (0.0166121)
flow               |    ENorm (cell) = [410] 0.104729 (0.00436728)
overland flow      |  ENorm (Infnorm) of: surface-water_content: 
overland flow      |    ENorm (cell) = [61] 2.40607 (0.0960962)
overland flow      |    ENorm (boundary_face) = [-1] -1.79769e+308 (0)
Solver::NKA_BT_ATS |  2: backtrack 2: error(res) = 2.40607
Solver::NKA_BT_ATS |  2: backtrack 2: L2 error(res) = 0.184813
flow               |  ENorm (Infnorm) of: water_content: 
flow               |    ENorm (face) = [1817] 0.530808 (0.0193808)
flow               |    ENorm (cell) = [410] 0.106754 (0.00458906)
overland flow      |  ENorm (Infnorm) of: surface-water_content: 
overland flow      |    ENorm (cell) = [61] 0.667291 (0.0436612)
overland flow      |    ENorm (boundary_face) = [-1] -1.79769e+308 (0)
Solver::NKA_BT_ATS |  2: backtrack 3: error(res) = 0.667291
Solver::NKA_BT_ATS |  2: backtrack 3: L2 error(res) = 0.167399
inverse::GMRES     |  Converged (relative res), itr=4 ||r||=0.00258601 ||r0||=37601.2
flow               |  ENorm (Infnorm) of: water_content: 
flow               |    ENorm (face) = [1817] 1.7707e-08 (6.46649e-10)
flow               |    ENorm (cell) = [410] 0.218291 (0.00813837)
overland flow      |  ENorm (Infnorm) of: surface-water_content: 
overland flow      |    ENorm (cell) = [61] 0.0153856 (0.000960289)
overland flow      |    ENorm (boundary_face) = [-1] -1.79769e+308 (0)
Solver::NKA_BT_ATS |  3: NKA : error(res) = 0.218291
Solver::NKA_BT_ATS |  3: NKA : L2 error(res) = 0.0613493
inverse::GMRES     |  Converged (relative res), itr=3 ||r||=0.00223612 ||r0||=5783.31
flow               |  ENorm (Infnorm) of: water_content: 
flow               |    ENorm (face) = [1817] 2.25407e-09 (8.25335e-11)
flow               |    ENorm (cell) = [410] 0.0403109 (0.00151404)
overland flow      |  ENorm (Infnorm) of: surface-water_content: 
overland flow      |    ENorm (cell) = [61] 0.00199066 (0.00012229)
overland flow      |    ENorm (boundary_face) = [-1] -1.79769e+308 (0)
Solver::NKA_BT_ATS |  4: NKA : error(res) = 0.0403109
Solver::NKA_BT_ATS |  4: NKA : L2 error(res) = 0.0115224
inverse::GMRES     |  Converged (relative res), itr=3 ||r||=0.000271205 ||r0||=1007.03
flow               |  ENorm (Infnorm) of: water_content: 
flow               |    ENorm (face) = [1776] 1.95667e-10 (7.19869e-12)
flow               |    ENorm (cell) = [400] 0.00614808 (0.00023213)
overland flow      |  ENorm (Infnorm) of: surface-water_content: 
overland flow      |    ENorm (cell) = [61] 0.000177063 (1.04038e-05)
overland flow      |    ENorm (boundary_face) = [-1] -1.79769e+308 (0)
Solver::NKA_BT_ATS |  5: NKA : error(res) = 0.00614808
Solver::NKA_BT_ATS |  5: NKA : L2 error(res) = 0.00179058
inverse::GMRES     |  Converged (relative res), itr=3 ||r||=2.38464e-05 ||r0||=146.125
flow               |  ENorm (Infnorm) of: water_content: 
flow               |    ENorm (face) = [3011] 7.57843e-12 (4.61409e-13)
flow               |    ENorm (cell) = [420] 0.000108004 (3.99132e-06)
overland flow      |  ENorm (Infnorm) of: surface-water_content: 
overland flow      |    ENorm (cell) = [61] 1.78345e-06 (8.66076e-08)
overland flow      |    ENorm (boundary_face) = [-1] -1.79769e+308 (0)
Solver::NKA_BT_ATS |  6: NKA : error(res) = 0.000108004
Solver::NKA_BT_ATS |  6: NKA : L2 error(res) = 3.13412e-05
inverse::GMRES     |  Converged (relative res), itr=3 ||r||=2.36879e-07 ||r0||=2.66026
flow               |  ENorm (Infnorm) of: water_content: 
flow               |    ENorm (face) = [3499] 7.05375e-12 (5.12923e-13)
flow               |    ENorm (cell) = [410] 1.82091e-06 (6.82433e-08)
overland flow      |  ENorm (Infnorm) of: surface-water_content: 
overland flow      |    ENorm (cell) = [61] 1.07728e-07 (6.72975e-09)
overland flow      |    ENorm (boundary_face) = [-1] -1.79769e+308 (0)
Solver::NKA_BT_ATS |  7: NKA : error(res) = 1.82091e-06
Solver::NKA_BT_ATS |  7: NKA : L2 error(res) = 5.16213e-07
inverse::GMRES     |  Converged (relative res), itr=3 ||r||=1.4416e-08 ||r0||=0.0478481
flow               |  ENorm (Infnorm) of: water_content: 
flow               |    ENorm (face) = [2769] 8.2004e-12 (5.0715e-13)
flow               |    ENorm (cell) = [390] 4.80969e-08 (1.84439e-09)
overland flow      |  ENorm (Infnorm) of: surface-water_content: 
overland flow      |    ENorm (cell) = [61] 5.02452e-10 (5.56703e-10)
overland flow      |    ENorm (boundary_face) = [-1] -1.79769e+308 (0)
Solver::NKA_BT_ATS |  8: NKA : error(res) = 4.80969e-08
Solver::NKA_BT_ATS |  8: NKA : L2 error(res) = 1.44578e-08
Solver::NKA_BT_ATS |  Solve succeeded: 8 iterations, error = 4.80969e-08
ATS                |  ================================================================================
ATS                |  
ATS                |  Cycle = 192,  Time [days] = 504,  dt [days] = 1
ATS                |  --------------------------------------------------------------------------------
snow storage       |  ----------------------------------------------------------------
snow storage       |  Advancing: t0 = 4.35456e+07 t1 = 4.3632e+07 h = 86400
snow storage       |  ----------------------------------------------------------------
snow storage       |   ENorm (Infnorm) of: snow-water_content: 
snow storage       |     ENorm (cell) = [0] 0.153059 (0.0261632)
Solver::NKA_BT_ATS |  0: error(res) = 0.153059
Solver::NKA_BT_ATS |  0: L2 error(res) = 0.261632
snow storage       |   ENorm (Infnorm) of: snow-water_content: 
snow storage       |     ENorm (cell) = [0] 7.62529e-17 (1.30344e-17)
Solver::NKA_BT_ATS |  1: backtrack 0: error(res) = 7.62529e-17
Solver::NKA_BT_ATS |  1: backtrack 0: L2 error(res) = 1.30344e-16
Solver::NKA_BT_ATS |  Solve succeeded: 1 iterations, error = 7.62529e-17
surface-subsurface |  ----------------------------------------------------------------
surface-subsurface |  Advancing: t0 = 4.35456e+07 t1 = 4.3632e+07 h = 86400
surface-subsurface |  ----------------------------------------------------------------
flow               |  ENorm (Infnorm) of: water_content: 
flow               |    ENorm (face) = [1817] 1.02105 (0.0392448)
flow               |    ENorm (cell) = [391] 0.126173 (0.00554741)
overland flow      |  ENorm (Infnorm) of: surface-water_content: 
overland flow      |    ENorm (cell) = [61] 1.54825 (0.051858)
overland flow      |    ENorm (boundary_face) = [-1] -1.79769e+308 (0)
Solver::NKA_BT_ATS |  0: error(res) = 1.54825
Solver::NKA_BT_ATS |  0: L2 error(res) = 0.356063
inverse::GMRES     |  Converged (relative res), itr=3 ||r||=0.066525 ||r0||=67117
flow               |  ENorm (Infnorm) of: water_content: 
flow               |    ENorm (face) = [1817] 7.36496e-07 (2.83079e-08)
flow               |    ENorm (cell) = [430] 0.374472 (0.0145046)
overland flow      |  ENorm (Infnorm) of: surface-water_content: 
overland flow      |    ENorm (cell) = [61] 0.646473 (0.0216533)
overland flow      |    ENorm (boundary_face) = [-1] -1.79769e+308 (0)
Solver::NKA_BT_ATS |  1: backtrack 0: error(res) = 0.646473
Solver::NKA_BT_ATS |  1: backtrack 0: L2 error(res) = 0.11265
inverse::GMRES     |  Converged (relative res), itr=3 ||r||=0.0204222 ||r0||=22255.3
flow               |  ENorm (Infnorm) of: water_content: 
flow               |    ENorm (face) = [2514] 0.253064 (0.0178065)
flow               |    ENorm (cell) = [410] 0.081399 (0.00320277)
overland flow      |  ENorm (Infnorm) of: surface-water_content: 
overland flow      |    ENorm (cell) = [62] 0.019484 (0.0159292)
overland flow      |    ENorm (boundary_face) = [-1] -1.79769e+308 (0)
Solver::NKA_BT_ATS |  2: PIC : error(res) = 0.253064
Solver::NKA_BT_ATS |  2: PIC : L2 error(res) = 0.0342309
inverse::GMRES     |  Converged (relative res), itr=4 ||r||=0.000465912 ||r0||=4771.73
flow               |  ENorm (Infnorm) of: water_content: 
flow               |    ENorm (face) = [2514] 2.54769e-09 (1.79265e-10)
flow               |    ENorm (cell) = [381] 0.00493901 (0.00019724)
overland flow      |  ENorm (Infnorm) of: surface-water_content: 
overland flow      |    ENorm (cell) = [62] 2.61995e-06 (2.14195e-06)
overland flow      |    ENorm (boundary_face) = [-1] -1.79769e+308 (0)
Solver::NKA_BT_ATS |  3: NKA : error(res) = 0.00493901
Solver::NKA_BT_ATS |  3: NKA : L2 error(res) = 0.00157895
inverse::GMRES     |  Converged (relative res), itr=4 ||r||=4.47203e-06 ||r0||=194.984
flow               |  ENorm (Infnorm) of: water_content: 
flow               |    ENorm (face) = [2514] 8.58467e-11 (6.0405e-12)
flow               |    ENorm (cell) = [390] 0.000166689 (6.75127e-06)
overland flow      |  ENorm (Infnorm) of: surface-water_content: 
overland flow      |    ENorm (cell) = [62] 8.67755e-08 (7.09436e-08)
overland flow      |    ENorm (boundary_face) = [-1] -1.79769e+308 (0)
Solver::NKA_BT_ATS |  4: NKA : error(res) = 0.000166689
Solver::NKA_BT_ATS |  4: NKA : L2 error(res) = 5.45048e-05
inverse::GMRES     |  Converged (relative res), itr=4 ||r||=1.60918e-07 ||r0||=7.72602
flow               |  ENorm (Infnorm) of: water_content: 
flow               |    ENorm (face) = [3052] 7.01657e-12 (4.30322e-13)
flow               |    ENorm (cell) = [380] 2.23676e-06 (9.11252e-08)
overland flow      |  ENorm (Infnorm) of: surface-water_content: 
overland flow      |    ENorm (cell) = [62] 8.30144e-10 (6.78687e-10)
overland flow      |    ENorm (boundary_face) = [-1] -1.79769e+308 (0)
Solver::NKA_BT_ATS |  5: NKA : error(res) = 2.23676e-06
Solver::NKA_BT_ATS |  5: NKA : L2 error(res) = 6.81499e-07
inverse::GMRES     |  Converged (relative res), itr=3 ||r||=7.89955e-08 ||r0||=0.109538
flow               |  ENorm (Infnorm) of: water_content: 
flow               |    ENorm (face) = [4073] 7.64106e-12 (5.50227e-13)
flow               |    ENorm (cell) = [380] 1.32704e-08 (5.37523e-10)
overland flow      |  ENorm (Infnorm) of: surface-water_content: 
overland flow      |    ENorm (cell) = [73] 6.36932e-11 (3.43879e-10)
overland flow      |    ENorm (boundary_face) = [-1] -1.79769e+308 (0)
Solver::NKA_BT_ATS |  6: NKA : error(res) = 1.32704e-08
Solver::NKA_BT_ATS |  6: NKA : L2 error(res) = 3.92268e-09
Solver::NKA_BT_ATS |  Solve succeeded: 6 iterations, error = 1.32704e-08
ATS                |  ================================================================================
ATS                |  
ATS                |  Cycle = 193,  Time [days] = 505,  dt [days] = 1
ATS                |  --------------------------------------------------------------------------------
snow storage       |  ----------------------------------------------------------------
snow storage       |  Advancing: t0 = 4.3632e+07 t1 = 4.37184e+07 h = 86400
snow storage       |  ----------------------------------------------------------------
snow storage       |   ENorm (Infnorm) of: snow-water_content: 
snow storage       |     ENorm (cell) = [0] 4.6911e-17 (8.01877e-18)
Solver::NKA_BT_ATS |  0: error(res) = 4.6911e-17
Solver::NKA_BT_ATS |  0: L2 error(res) = 8.01877e-17
Solver::NKA_BT_ATS |  Solve succeeded: 0 iterations, error = 4.6911e-17
surface-subsurface |  ----------------------------------------------------------------
surface-subsurface |  Advancing: t0 = 4.3632e+07 t1 = 4.37184e+07 h = 86400
surface-subsurface |  ----------------------------------------------------------------
flow               |  ENorm (Infnorm) of: water_content: 
flow               |    ENorm (face) = [1776] 1.22157 (0.0421516)
flow               |    ENorm (cell) = [410] 0.598613 (0.0213532)
overland flow      |  ENorm (Infnorm) of: surface-water_content: 
overland flow      |    ENorm (cell) = [80] 0.0488214 (0.0325954)
overland flow      |    ENorm (boundary_face) = [-1] -1.79769e+308 (0)
Solver::NKA_BT_ATS |  0: error(res) = 1.22157
Solver::NKA_BT_ATS |  0: L2 error(res) = 0.376485
inverse::GMRES     |  Converged (relative res), itr=4 ||r||=0.00398617 ||r0||=115765
flow               |  ENorm (Infnorm) of: water_content: 
flow               |    ENorm (face) = [1776] 0.290282 (0.0100165)
flow               |    ENorm (cell) = [360] 0.883025 (0.0323476)
overland flow      |  ENorm (Infnorm) of: surface-water_content: 
overland flow      |    ENorm (cell) = [61] 0.141913 (0.00655509)
overland flow      |    ENorm (boundary_face) = [-1] -1.79769e+308 (0)
Solver::NKA_BT_ATS |  1: PIC : error(res) = 0.883025
Solver::NKA_BT_ATS |  1: PIC : L2 error(res) = 0.230965
inverse::GMRES     |  Converged (relative res), itr=4 ||r||=0.00149007 ||r0||=13408.1
flow               |  ENorm (Infnorm) of: water_content: 
flow               |    ENorm (face) = [1817] 2.75001e-09 (9.49707e-11)
flow               |    ENorm (cell) = [360] 0.103497 (0.00379138)
overland flow      |  ENorm (Infnorm) of: surface-water_content: 
overland flow      |    ENorm (cell) = [61] 12.4335 (0.395744)
overland flow      |    ENorm (boundary_face) = [-1] -1.79769e+308 (0)
Solver::NKA_BT_ATS |  2: backtrack 0: error(res) = 12.4335
Solver::NKA_BT_ATS |  2: backtrack 0: L2 error(res) = 0.56021
flow               |  ENorm (Infnorm) of: water_content: 
flow               |    ENorm (face) = [1776] 0.145141 (0.00500825)
flow               |    ENorm (cell) = [360] 0.468806 (0.0171736)
overland flow      |  ENorm (Infnorm) of: surface-water_content: 
overland flow      |    ENorm (cell) = [61] 3.82224 (0.127179)
overland flow      |    ENorm (boundary_face) = [-1] -1.79769e+308 (0)
Solver::NKA_BT_ATS |  2: backtrack 1: error(res) = 3.82224
Solver::NKA_BT_ATS |  2: backtrack 1: L2 error(res) = 0.21365
inverse::GMRES     |  Converged (relative res), itr=4 ||r||=0.000577377 ||r0||=7726.1
flow               |  ENorm (Infnorm) of: water_content: 
flow               |    ENorm (face) = [1817] 6.26091e-10 (2.17155e-11)
flow               |    ENorm (cell) = [360] 0.0380434 (0.00139364)
overland flow      |  ENorm (Infnorm) of: surface-water_content: 
overland flow      |    ENorm (cell) = [61] 0.721352 (0.0229597)
overland flow      |    ENorm (boundary_face) = [-1] -1.79769e+308 (0)
Solver::NKA_BT_ATS |  3: NKA : error(res) = 0.721352
Solver::NKA_BT_ATS |  3: NKA : L2 error(res) = 0.033668
inverse::GMRES     |  Converged (relative res), itr=3 ||r||=0.000403294 ||r0||=702.537
flow               |  ENorm (Infnorm) of: water_content: 
flow               |    ENorm (face) = [1735] 5.71813e-11 (2.11253e-12)
flow               |    ENorm (cell) = [360] 0.0025642 (9.39337e-05)
overland flow      |  ENorm (Infnorm) of: surface-water_content: 
overland flow      |    ENorm (cell) = [61] 0.050837 (0.00162409)
overland flow      |    ENorm (boundary_face) = [-1] -1.79769e+308 (0)
Solver::NKA_BT_ATS |  4: NKA : error(res) = 0.050837
Solver::NKA_BT_ATS |  4: NKA : L2 error(res) = 0.00238298
inverse::GMRES     |  Converged (relative res), itr=3 ||r||=4.79866e-05 ||r0||=53.2429
flow               |  ENorm (Infnorm) of: water_content: 
flow               |    ENorm (face) = [3097] 7.89437e-12 (4.89386e-13)
flow               |    ENorm (cell) = [360] 4.40621e-05 (1.61412e-06)
overland flow      |  ENorm (Infnorm) of: surface-water_content: 
overland flow      |    ENorm (cell) = [61] 0.00745374 (0.000237244)
overland flow      |    ENorm (boundary_face) = [-1] -1.79769e+308 (0)
Solver::NKA_BT_ATS |  5: NKA : error(res) = 0.00745374
Solver::NKA_BT_ATS |  5: NKA : L2 error(res) = 0.000335614
inverse::GMRES     |  Converged (relative res), itr=4 ||r||=3.75231e-08 ||r0||=0.764872
flow               |  ENorm (Infnorm) of: water_content: 
flow               |    ENorm (face) = [3089] 7.22113e-12 (4.47642e-13)
flow               |    ENorm (cell) = [360] 2.67795e-06 (9.81006e-08)
overland flow      |  ENorm (Infnorm) of: surface-water_content: 
overland flow      |    ENorm (cell) = [61] 0.000492731 (1.56841e-05)
overland flow      |    ENorm (boundary_face) = [-1] -1.79769e+308 (0)
Solver::NKA_BT_ATS |  6: NKA : error(res) = 0.000492731
Solver::NKA_BT_ATS |  6: NKA : L2 error(res) = 2.21849e-05
inverse::GMRES     |  Converged (relative res), itr=4 ||r||=2.62794e-09 ||r0||=0.0457634
flow               |  ENorm (Infnorm) of: water_content: 
flow               |    ENorm (face) = [2843] 7.9013e-12 (4.80949e-13)
flow               |    ENorm (cell) = [360] 2.58408e-09 (9.4662e-11)
overland flow      |  ENorm (Infnorm) of: surface-water_content: 
overland flow      |    ENorm (cell) = [61] 1.88864e-06 (6.01131e-08)
overland flow      |    ENorm (boundary_face) = [-1] -1.79769e+308 (0)
Solver::NKA_BT_ATS |  7: NKA : error(res) = 1.88864e-06
Solver::NKA_BT_ATS |  7: NKA : L2 error(res) = 8.50114e-08
inverse::GMRES     |  Converged (relative res), itr=4 ||r||=8.32837e-12 ||r0||=0.000104547
flow               |  ENorm (Infnorm) of: water_content: 
flow               |    ENorm (face) = [2933] 7.8627e-12 (4.76064e-13)
flow               |    ENorm (cell) = [310] 2.08947e-11 (8.78433e-13)
overland flow      |  ENorm (Infnorm) of: surface-water_content: 
overland flow      |    ENorm (cell) = [61] 4.30548e-08 (1.37038e-09)
overland flow      |    ENorm (boundary_face) = [-1] -1.79769e+308 (0)
Solver::NKA_BT_ATS |  8: NKA : error(res) = 4.30548e-08
Solver::NKA_BT_ATS |  8: NKA : L2 error(res) = 2.05898e-09
Solver::NKA_BT_ATS |  Solve succeeded: 8 iterations, error = 4.30548e-08
ATS                |  ================================================================================
ATS                |  
ATS                |  Cycle = 194,  Time [days] = 506,  dt [days] = 1
ATS                |  --------------------------------------------------------------------------------
snow storage       |  ----------------------------------------------------------------
snow storage       |  Advancing: t0 = 4.37184e+07 t1 = 4.38048e+07 h = 86400
snow storage       |  ----------------------------------------------------------------
snow storage       |   ENorm (Infnorm) of: snow-water_content: 
snow storage       |     ENorm (cell) = [0] 0.0127549 (0.00218027)
Solver::NKA_BT_ATS |  0: error(res) = 0.0127549
Solver::NKA_BT_ATS |  0: L2 error(res) = 0.0218027
snow storage       |   ENorm (Infnorm) of: snow-water_content: 
snow storage       |     ENorm (cell) = [0] 4.97906e-17 (8.51099e-18)
Solver::NKA_BT_ATS |  1: backtrack 0: error(res) = 4.97906e-17
Solver::NKA_BT_ATS |  1: backtrack 0: L2 error(res) = 8.51099e-17
Solver::NKA_BT_ATS |  Solve succeeded: 1 iterations, error = 4.97906e-17
surface-subsurface |  ----------------------------------------------------------------
surface-subsurface |  Advancing: t0 = 4.37184e+07 t1 = 4.38048e+07 h = 86400
surface-subsurface |  ----------------------------------------------------------------
flow               |  ENorm (Infnorm) of: water_content: 
flow               |    ENorm (face) = [1817] 0.121559 (0.00443142)
flow               |    ENorm (cell) = [360] 0.047002 (0.00620276)
overland flow      |  ENorm (Infnorm) of: surface-water_content: 
overland flow      |    ENorm (cell) = [61] 0.900292 (0.0353701)
overland flow      |    ENorm (boundary_face) = [-1] -1.79769e+308 (0)
Solver::NKA_BT_ATS |  0: error(res) = 0.900292
Solver::NKA_BT_ATS |  0: L2 error(res) = 0.0885065
inverse::GMRES     |  Converged (relative res), itr=3 ||r||=0.00699546 ||r0||=8894.74
flow               |  ENorm (Infnorm) of: water_content: 
flow               |    ENorm (face) = [1817] 3.57674e-08 (1.30405e-09)
flow               |    ENorm (cell) = [440] 0.00321624 (0.000117247)
overland flow      |  ENorm (Infnorm) of: surface-water_content: 
overland flow      |    ENorm (cell) = [61] 0.169489 (0.00570049)
overland flow      |    ENorm (boundary_face) = [-1] -1.79769e+308 (0)
Solver::NKA_BT_ATS |  1: backtrack 0: error(res) = 0.169489
Solver::NKA_BT_ATS |  1: backtrack 0: L2 error(res) = 0.00805239
inverse::GMRES     |  Converged (relative res), itr=3 ||r||=4.06313e-05 ||r0||=171.827
flow               |  ENorm (Infnorm) of: water_content: 
flow               |    ENorm (face) = [2937] 6.49106e-12 (3.9746e-13)
flow               |    ENorm (cell) = [431] 4.13311e-06 (1.51219e-07)
overland flow      |  ENorm (Infnorm) of: surface-water_content: 
overland flow      |    ENorm (cell) = [61] 0.0140108 (0.000463898)
overland flow      |    ENorm (boundary_face) = [-1] -1.79769e+308 (0)
Solver::NKA_BT_ATS |  2: backtrack 0: error(res) = 0.0140108
Solver::NKA_BT_ATS |  2: backtrack 0: L2 error(res) = 0.000656045
inverse::GMRES     |  Converged (relative res), itr=4 ||r||=1.09999e-07 ||r0||=0.9879
flow               |  ENorm (Infnorm) of: water_content: 
flow               |    ENorm (face) = [2597] 7.7403e-12 (5.12035e-13)
flow               |    ENorm (cell) = [612] 6.54391e-08 (4.60463e-09)
overland flow      |  ENorm (Infnorm) of: surface-water_content: 
overland flow      |    ENorm (cell) = [61] 0.000148355 (4.91204e-06)
overland flow      |    ENorm (boundary_face) = [-1] -1.79769e+308 (0)
Solver::NKA_BT_ATS |  3: NKA : error(res) = 0.000148355
Solver::NKA_BT_ATS |  3: NKA : L2 error(res) = 6.94663e-06
inverse::GMRES     |  Converged (relative res), itr=4 ||r||=1.20114e-09 ||r0||=0.00978514
flow               |  ENorm (Infnorm) of: water_content: 
flow               |    ENorm (face) = [3007] 6.81991e-12 (4.73399e-13)
flow               |    ENorm (cell) = [390] 3.1349e-10 (1.69926e-11)
overland flow      |  ENorm (Infnorm) of: surface-water_content: 
overland flow      |    ENorm (cell) = [61] 1.01333e-06 (3.35513e-08)
overland flow      |    ENorm (boundary_face) = [-1] -1.79769e+308 (0)
Solver::NKA_BT_ATS |  4: NKA : error(res) = 1.01333e-06
Solver::NKA_BT_ATS |  4: NKA : L2 error(res) = 4.74553e-08
inverse::GMRES     |  Converged (relative res), itr=4 ||r||=7.85941e-12 ||r0||=7.66137e-05
flow               |  ENorm (Infnorm) of: water_content: 
flow               |    ENorm (face) = [3384] 6.93616e-12 (5.06262e-13)
flow               |    ENorm (cell) = [693] 1.65711e-11 (1.01668e-12)
overland flow      |  ENorm (Infnorm) of: surface-water_content: 
overland flow      |    ENorm (cell) = [61] 3.34835e-09 (3.20741e-10)
overland flow      |    ENorm (boundary_face) = [-1] -1.79769e+308 (0)
Solver::NKA_BT_ATS |  5: NKA : error(res) = 3.34835e-09
Solver::NKA_BT_ATS |  5: NKA : L2 error(res) = 5.40129e-10
Solver::NKA_BT_ATS |  Solve succeeded: 5 iterations, error = 3.34835e-09
ATS                |  ================================================================================
ATS                |  
ATS                |  Cycle = 195,  Time [days] = 507,  dt [days] = 1
ATS                |  --------------------------------------------------------------------------------
snow storage       |  ----------------------------------------------------------------
snow storage       |  Advancing: t0 = 4.38048e+07 t1 = 4.38912e+07 h = 86400
snow storage       |  ----------------------------------------------------------------
snow storage       |   ENorm (Infnorm) of: snow-water_content: 
snow storage       |     ENorm (cell) = [0] 0.0645984 (0.0109013)
Solver::NKA_BT_ATS |  0: error(res) = 0.0645984
Solver::NKA_BT_ATS |  0: L2 error(res) = 0.109013
snow storage       |   ENorm (Infnorm) of: snow-water_content: 
snow storage       |     ENorm (cell) = [0] 8.99457e-17 (1.51788e-17)
Solver::NKA_BT_ATS |  1: backtrack 0: error(res) = 8.99457e-17
Solver::NKA_BT_ATS |  1: backtrack 0: L2 error(res) = 1.51788e-16
Solver::NKA_BT_ATS |  Solve succeeded: 1 iterations, error = 8.99457e-17
surface-subsurface |  ----------------------------------------------------------------
surface-subsurface |  Advancing: t0 = 4.38048e+07 t1 = 4.38912e+07 h = 86400
surface-subsurface |  ----------------------------------------------------------------
flow               |  ENorm (Infnorm) of: water_content: 
flow               |    ENorm (face) = [1817] 0.152671 (0.00552339)
flow               |    ENorm (cell) = [370] 0.07712 (0.00372806)
overland flow      |  ENorm (Infnorm) of: surface-water_content: 
overland flow      |    ENorm (cell) = [61] 0.0851573 (0.00279078)
overland flow      |    ENorm (boundary_face) = [-1] -1.79769e+308 (0)
Solver::NKA_BT_ATS |  0: error(res) = 0.152671
Solver::NKA_BT_ATS |  0: L2 error(res) = 0.0540726
inverse::GMRES     |  Converged (relative res), itr=4 ||r||=0.000328185 ||r0||=5795.44
flow               |  ENorm (Infnorm) of: water_content: 
flow               |    ENorm (face) = [1817] 2.68994e-09 (9.74927e-11)
flow               |    ENorm (cell) = [430] 0.00374249 (0.000148548)
overland flow      |  ENorm (Infnorm) of: surface-water_content: 
overland flow      |    ENorm (cell) = [61] 0.0196601 (0.000644301)
overland flow      |    ENorm (boundary_face) = [-1] -1.79769e+308 (0)
Solver::NKA_BT_ATS |  1: backtrack 0: error(res) = 0.0196601
Solver::NKA_BT_ATS |  1: backtrack 0: L2 error(res) = 0.00131538
inverse::GMRES     |  Converged (relative res), itr=4 ||r||=5.07757e-06 ||r0||=95.0397
flow               |  ENorm (Infnorm) of: water_content: 
flow               |    ENorm (face) = [3630] 6.66436e-12 (4.83169e-13)
flow               |    ENorm (cell) = [260] 1.07465e-05 (4.91697e-07)
overland flow      |  ENorm (Infnorm) of: surface-water_content: 
overland flow      |    ENorm (cell) = [61] 0.00214505 (7.02977e-05)
overland flow      |    ENorm (boundary_face) = [-1] -1.79769e+308 (0)
Solver::NKA_BT_ATS |  2: backtrack 0: error(res) = 0.00214505
Solver::NKA_BT_ATS |  2: backtrack 0: L2 error(res) = 9.94683e-05
inverse::GMRES     |  Converged (relative res), itr=3 ||r||=1.0424e-06 ||r0||=1.71353
flow               |  ENorm (Infnorm) of: water_content: 
flow               |    ENorm (face) = [3015] 9.16841e-12 (5.5822e-13)
flow               |    ENorm (cell) = [200] 1.50154e-07 (7.51748e-09)
overland flow      |  ENorm (Infnorm) of: surface-water_content: 
overland flow      |    ENorm (cell) = [61] 5.23688e-05 (1.71623e-06)
overland flow      |    ENorm (boundary_face) = [-1] -1.79769e+308 (0)
Solver::NKA_BT_ATS |  3: NKA : error(res) = 5.23688e-05
Solver::NKA_BT_ATS |  3: NKA : L2 error(res) = 2.42765e-06
inverse::GMRES     |  Converged (relative res), itr=4 ||r||=5.65059e-10 ||r0||=0.035009
flow               |  ENorm (Infnorm) of: water_content: 
flow               |    ENorm (face) = [2884] 8.35767e-12 (5.06706e-13)
flow               |    ENorm (cell) = [600] 4.75325e-10 (3.83791e-11)
overland flow      |  ENorm (Infnorm) of: surface-water_content: 
overland flow      |    ENorm (cell) = [61] 9.39505e-07 (3.07895e-08)
overland flow      |    ENorm (boundary_face) = [-1] -1.79769e+308 (0)
Solver::NKA_BT_ATS |  4: NKA : error(res) = 9.39505e-07
Solver::NKA_BT_ATS |  4: NKA : L2 error(res) = 4.35579e-08
Solver::NKA_BT_ATS |  Solve succeeded: 4 iterations, error = 9.39505e-07
ATS                |  ================================================================================
ATS                |  
ATS                |  Cycle = 196,  Time [days] = 508,  dt [days] = 1
ATS                |  --------------------------------------------------------------------------------
snow storage       |  ----------------------------------------------------------------
snow storage       |  Advancing: t0 = 4.38912e+07 t1 = 4.39776e+07 h = 86400
snow storage       |  ----------------------------------------------------------------
snow storage       |   ENorm (Infnorm) of: snow-water_content: 
snow storage       |     ENorm (cell) = [0] 0.042016 (0.0065408)
Solver::NKA_BT_ATS |  0: error(res) = 0.042016
Solver::NKA_BT_ATS |  0: L2 error(res) = 0.065408
snow storage       |   ENorm (Infnorm) of: snow-water_content: 
snow storage       |     ENorm (cell) = [0] 3.90016e-17 (6.07153e-18)
Solver::NKA_BT_ATS |  1: backtrack 0: error(res) = 3.90016e-17
Solver::NKA_BT_ATS |  1: backtrack 0: L2 error(res) = 6.07153e-17
Solver::NKA_BT_ATS |  Solve succeeded: 1 iterations, error = 3.90016e-17
surface-subsurface |  ----------------------------------------------------------------
surface-subsurface |  Advancing: t0 = 4.38912e+07 t1 = 4.39776e+07 h = 86400
surface-subsurface |  ----------------------------------------------------------------
flow               |  ENorm (Infnorm) of: water_content: 
flow               |    ENorm (face) = [1817] 0.144771 (0.00523249)
flow               |    ENorm (cell) = [270] 0.0253795 (0.00129355)
overland flow      |  ENorm (Infnorm) of: surface-water_content: 
overland flow      |    ENorm (cell) = [62] 0.00813204 (0.00674465)
overland flow      |    ENorm (boundary_face) = [-1] -1.79769e+308 (0)
Solver::NKA_BT_ATS |  0: error(res) = 0.144771
Solver::NKA_BT_ATS |  0: L2 error(res) = 0.04433
inverse::GMRES     |  Converged (relative res), itr=3 ||r||=0.0176899 ||r0||=22627.6
flow               |  ENorm (Infnorm) of: water_content: 
flow               |    ENorm (face) = [1817] 0.143105 (0.00517228)
flow               |    ENorm (cell) = [270] 0.0250648 (0.00127745)
overland flow      |  ENorm (Infnorm) of: surface-water_content: 
overland flow      |    ENorm (cell) = [61] 0.0707269 (0.00666703)
overland flow      |    ENorm (boundary_face) = [-1] -1.79769e+308 (0)
Solver::NKA_BT_ATS |  1: PIC : error(res) = 0.143105
Solver::NKA_BT_ATS |  1: PIC : L2 error(res) = 0.0438185
inverse::GMRES     |  Converged (relative res), itr=3 ||r||=0.0211355 ||r0||=22199.2
flow               |  ENorm (Infnorm) of: water_content: 
flow               |    ENorm (face) = [1817] 6.74662e-08 (2.43847e-09)
flow               |    ENorm (cell) = [400] 0.0301519 (0.00121041)
overland flow      |  ENorm (Infnorm) of: surface-water_content: 
overland flow      |    ENorm (cell) = [61] 9.061 (0.289641)
overland flow      |    ENorm (boundary_face) = [-1] -1.79769e+308 (0)
Solver::NKA_BT_ATS |  2: backtrack 0: error(res) = 9.061
Solver::NKA_BT_ATS |  2: backtrack 0: L2 error(res) = 0.409627
flow               |  ENorm (Infnorm) of: water_content: 
flow               |    ENorm (face) = [1817] 0.0715525 (0.00258614)
flow               |    ENorm (cell) = [411] 0.00693366 (0.000430033)
overland flow      |  ENorm (Infnorm) of: surface-water_content: 
overland flow      |    ENorm (cell) = [61] 2.88095 (0.0942671)
overland flow      |    ENorm (boundary_face) = [-1] -1.79769e+308 (0)
Solver::NKA_BT_ATS |  2: backtrack 1: error(res) = 2.88095
Solver::NKA_BT_ATS |  2: backtrack 1: L2 error(res) = 0.133509
flow               |  ENorm (Infnorm) of: water_content: 
flow               |    ENorm (face) = [1817] 0.107329 (0.00387921)
flow               |    ENorm (cell) = [230] 0.0169259 (0.000871581)
overland flow      |  ENorm (Infnorm) of: surface-water_content: 
overland flow      |    ENorm (cell) = [61] 0.947041 (0.0335706)
overland flow      |    ENorm (boundary_face) = [-1] -1.79769e+308 (0)
Solver::NKA_BT_ATS |  2: backtrack 2: error(res) = 0.947041
Solver::NKA_BT_ATS |  2: backtrack 2: L2 error(res) = 0.0555844
flow               |  ENorm (Infnorm) of: water_content: 
flow               |    ENorm (face) = [1817] 0.125217 (0.00452575)
flow               |    ENorm (cell) = [270] 0.0213593 (0.00109062)
overland flow      |  ENorm (Infnorm) of: surface-water_content: 
overland flow      |    ENorm (cell) = [61] 0.342637 (0.0148063)
overland flow      |    ENorm (boundary_face) = [-1] -1.79769e+308 (0)
Solver::NKA_BT_ATS |  2: backtrack 3: error(res) = 0.342637
Solver::NKA_BT_ATS |  2: backtrack 3: L2 error(res) = 0.0420589
inverse::GMRES     |  Converged (relative res), itr=3 ||r||=0.0186458 ||r0||=19018.9
flow               |  ENorm (Infnorm) of: water_content: 
flow               |    ENorm (face) = [1817] 6.10949e-08 (2.2083e-09)
flow               |    ENorm (cell) = [400] 0.0219818 (0.000885304)
overland flow      |  ENorm (Infnorm) of: surface-water_content: 
overland flow      |    ENorm (cell) = [62] 0.000234187 (0.000276769)
overland flow      |    ENorm (boundary_face) = [-1] -1.79769e+308 (0)
Solver::NKA_BT_ATS |  3: NKA : error(res) = 0.0219818
Solver::NKA_BT_ATS |  3: NKA : L2 error(res) = 0.00627395
inverse::GMRES     |  Converged (relative res), itr=3 ||r||=0.000687121 ||r0||=1420.8
flow               |  ENorm (Infnorm) of: water_content: 
flow               |    ENorm (face) = [1776] 4.01904e-09 (1.45507e-10)
flow               |    ENorm (cell) = [400] 0.00160539 (6.23845e-05)
overland flow      |  ENorm (Infnorm) of: surface-water_content: 
overland flow      |    ENorm (cell) = [62] 1.53883e-05 (1.82169e-05)
overland flow      |    ENorm (boundary_face) = [-1] -1.79769e+308 (0)
Solver::NKA_BT_ATS |  4: NKA : error(res) = 0.00160539
Solver::NKA_BT_ATS |  4: NKA : L2 error(res) = 0.000461237
inverse::GMRES     |  Converged (relative res), itr=3 ||r||=4.47133e-05 ||r0||=84.5853
flow               |  ENorm (Infnorm) of: water_content: 
flow               |    ENorm (face) = [1858] 9.78157e-11 (3.66818e-12)
flow               |    ENorm (cell) = [380] 5.80733e-05 (2.33882e-06)
overland flow      |  ENorm (Infnorm) of: surface-water_content: 
overland flow      |    ENorm (cell) = [62] 3.72035e-07 (4.42342e-07)
overland flow      |    ENorm (boundary_face) = [-1] -1.79769e+308 (0)
Solver::NKA_BT_ATS |  5: NKA : error(res) = 5.80733e-05
Solver::NKA_BT_ATS |  5: NKA : L2 error(res) = 1.7194e-05
inverse::GMRES     |  Converged (relative res), itr=3 ||r||=1.098e-06 ||r0||=2.87326
flow               |  ENorm (Infnorm) of: water_content: 
flow               |    ENorm (face) = [3097] 7.45738e-12 (4.62297e-13)
flow               |    ENorm (cell) = [360] 7.42365e-08 (8.24193e-09)
overland flow      |  ENorm (Infnorm) of: surface-water_content: 
overland flow      |    ENorm (cell) = [62] 1.16546e-09 (1.33532e-09)
overland flow      |    ENorm (boundary_face) = [-1] -1.79769e+308 (0)
Solver::NKA_BT_ATS |  6: NKA : error(res) = 7.42365e-08
Solver::NKA_BT_ATS |  6: NKA : L2 error(res) = 2.79939e-08
Solver::NKA_BT_ATS |  Solve succeeded: 6 iterations, error = 7.42365e-08
ATS                |  ================================================================================
ATS                |  
ATS                |  Cycle = 197,  Time [days] = 509,  dt [days] = 1
ATS                |  --------------------------------------------------------------------------------
snow storage       |  ----------------------------------------------------------------
snow storage       |  Advancing: t0 = 4.39776e+07 t1 = 4.4064e+07 h = 86400
snow storage       |  ----------------------------------------------------------------
snow storage       |   ENorm (Infnorm) of: snow-water_content: 
snow storage       |     ENorm (cell) = [0] 0.0480759 (0.0065408)
Solver::NKA_BT_ATS |  0: error(res) = 0.0480759
Solver::NKA_BT_ATS |  0: L2 error(res) = 0.065408
snow storage       |   ENorm (Infnorm) of: snow-water_content: 
snow storage       |     ENorm (cell) = [0] 8.28782e-17 (1.12757e-17)
Solver::NKA_BT_ATS |  1: backtrack 0: error(res) = 8.28782e-17
Solver::NKA_BT_ATS |  1: backtrack 0: L2 error(res) = 1.12757e-16
Solver::NKA_BT_ATS |  Solve succeeded: 1 iterations, error = 8.28782e-17
surface-subsurface |  ----------------------------------------------------------------
surface-subsurface |  Advancing: t0 = 4.39776e+07 t1 = 4.4064e+07 h = 86400
surface-subsurface |  ----------------------------------------------------------------
flow               |  ENorm (Infnorm) of: water_content: 
flow               |    ENorm (face) = [3097] 2.42275e-11 (1.50191e-12)
flow               |    ENorm (cell) = [351] 0.053601 (0.00262856)
overland flow      |  ENorm (Infnorm) of: surface-water_content: 
overland flow      |    ENorm (cell) = [61] 0.19761 (0.0154828)
overland flow      |    ENorm (boundary_face) = [-1] -1.79769e+308 (0)
Solver::NKA_BT_ATS |  0: error(res) = 0.19761
Solver::NKA_BT_ATS |  0: L2 error(res) = 0.0557488
inverse::GMRES     |  Converged (relative res), itr=3 ||r||=0.00481834 ||r0||=17055.1
flow               |  ENorm (Infnorm) of: water_content: 
flow               |    ENorm (face) = [3060] 7.10332e-12 (4.93827e-13)
flow               |    ENorm (cell) = [242] 0.00363674 (0.000186917)
overland flow      |  ENorm (Infnorm) of: surface-water_content: 
overland flow      |    ENorm (cell) = [61] 0.00126319 (0.000380767)
overland flow      |    ENorm (boundary_face) = [-1] -1.79769e+308 (0)
Solver::NKA_BT_ATS |  1: backtrack 0: error(res) = 0.00363674
Solver::NKA_BT_ATS |  1: backtrack 0: L2 error(res) = 0.00198093
inverse::GMRES     |  Converged (relative res), itr=3 ||r||=0.000133377 ||r0||=685.573
flow               |  ENorm (Infnorm) of: water_content: 
flow               |    ENorm (face) = [2724] 6.87499e-12 (4.30322e-13)
flow               |    ENorm (cell) = [0] 1.24513e-05 (1.13733e-06)
overland flow      |  ENorm (Infnorm) of: surface-water_content: 
overland flow      |    ENorm (cell) = [61] 1.78899e-07 (6.63273e-09)
overland flow      |    ENorm (boundary_face) = [-1] -1.79769e+308 (0)
Solver::NKA_BT_ATS |  2: backtrack 0: error(res) = 1.24513e-05
Solver::NKA_BT_ATS |  2: backtrack 0: L2 error(res) = 9.41196e-06
inverse::GMRES     |  Converged (relative res), itr=3 ||r||=5.31578e-07 ||r0||=4.25365
flow               |  ENorm (Infnorm) of: water_content: 
flow               |    ENorm (face) = [2847] 8.66725e-12 (5.27578e-13)
flow               |    ENorm (cell) = [0] 8.35943e-08 (4.84483e-08)
overland flow      |  ENorm (Infnorm) of: surface-water_content: 
overland flow      |    ENorm (cell) = [73] 5.04321e-11 (2.73329e-10)
overland flow      |    ENorm (boundary_face) = [-1] -1.79769e+308 (0)
Solver::NKA_BT_ATS |  3: NKA : error(res) = 8.35943e-08
Solver::NKA_BT_ATS |  3: NKA : L2 error(res) = 9.11274e-08
Solver::NKA_BT_ATS |  Solve succeeded: 3 iterations, error = 8.35943e-08
ATS                |  ================================================================================
ATS                |  
ATS                |  Cycle = 198,  Time [days] = 510,  dt [days] = 1
ATS                |  --------------------------------------------------------------------------------
snow storage       |  ----------------------------------------------------------------
snow storage       |  Advancing: t0 = 4.4064e+07 t1 = 4.41504e+07 h = 86400
snow storage       |  ----------------------------------------------------------------
snow storage       |   ENorm (Infnorm) of: snow-water_content: 
snow storage       |     ENorm (cell) = [0] 0.0530625 (0.00583094)
Solver::NKA_BT_ATS |  0: error(res) = 0.0530625
Solver::NKA_BT_ATS |  0: L2 error(res) = 0.0583094
snow storage       |   ENorm (Infnorm) of: snow-water_content: 
snow storage       |     ENorm (cell) = [0] 9.47175e-17 (1.04083e-17)
Solver::NKA_BT_ATS |  1: backtrack 0: error(res) = 9.47175e-17
Solver::NKA_BT_ATS |  1: backtrack 0: L2 error(res) = 1.04083e-16
Solver::NKA_BT_ATS |  Solve succeeded: 1 iterations, error = 9.47175e-17
surface-subsurface |  ----------------------------------------------------------------
surface-subsurface |  Advancing: t0 = 4.4064e+07 t1 = 4.41504e+07 h = 86400
surface-subsurface |  ----------------------------------------------------------------
flow               |  ENorm (Infnorm) of: water_content: 
flow               |    ENorm (face) = [1817] 0.253892 (0.00985704)
flow               |    ENorm (cell) = [410] 0.0713865 (0.00307264)
overland flow      |  ENorm (Infnorm) of: surface-water_content: 
overland flow      |    ENorm (cell) = [80] 0.0877786 (0.033195)
overland flow      |    ENorm (boundary_face) = [-1] -1.79769e+308 (0)
Solver::NKA_BT_ATS |  0: error(res) = 0.253892
Solver::NKA_BT_ATS |  0: L2 error(res) = 0.156044
inverse::GMRES     |  Converged (relative res), itr=3 ||r||=0.0111554 ||r0||=25365.8
flow               |  ENorm (Infnorm) of: water_content: 
flow               |    ENorm (face) = [1817] 3.67435e-08 (1.42661e-09)
flow               |    ENorm (cell) = [460] 0.018497 (0.000775688)
overland flow      |  ENorm (Infnorm) of: surface-water_content: 
overland flow      |    ENorm (cell) = [80] 0.0010478 (0.000467139)
overland flow      |    ENorm (boundary_face) = [-1] -1.79769e+308 (0)
Solver::NKA_BT_ATS |  1: backtrack 0: error(res) = 0.018497
Solver::NKA_BT_ATS |  1: backtrack 0: L2 error(res) = 0.00548059
inverse::GMRES     |  Converged (relative res), itr=3 ||r||=0.000928942 ||r0||=1262.06
flow               |  ENorm (Infnorm) of: water_content: 
flow               |    ENorm (face) = [3060] 9.10904e-12 (5.58664e-13)
flow               |    ENorm (cell) = [460] 9.76645e-05 (3.82843e-06)
overland flow      |  ENorm (Infnorm) of: surface-water_content: 
overland flow      |    ENorm (cell) = [61] 4.03401e-06 (1.41431e-07)
overland flow      |    ENorm (boundary_face) = [-1] -1.79769e+308 (0)
Solver::NKA_BT_ATS |  2: backtrack 0: error(res) = 9.76645e-05
Solver::NKA_BT_ATS |  2: backtrack 0: L2 error(res) = 2.99724e-05
inverse::GMRES     |  Converged (relative res), itr=3 ||r||=1.28535e-06 ||r0||=6.70079
flow               |  ENorm (Infnorm) of: water_content: 
flow               |    ENorm (face) = [2843] 7.64592e-12 (5.49782e-13)
flow               |    ENorm (cell) = [264] 9.87084e-08 (9.80557e-09)
overland flow      |  ENorm (Infnorm) of: surface-water_content: 
overland flow      |    ENorm (cell) = [73] 5.00675e-11 (2.72354e-10)
overland flow      |    ENorm (boundary_face) = [-1] -1.79769e+308 (0)
Solver::NKA_BT_ATS |  3: NKA : error(res) = 9.87084e-08
Solver::NKA_BT_ATS |  3: NKA : L2 error(res) = 8.71684e-08
Solver::NKA_BT_ATS |  Solve succeeded: 3 iterations, error = 9.87084e-08
ATS                |  ================================================================================
ATS                |  
ATS                |  Cycle = 199,  Time [days] = 511,  dt [days] = 1
ATS                |  --------------------------------------------------------------------------------
snow storage       |  ----------------------------------------------------------------
snow storage       |  Advancing: t0 = 4.41504e+07 t1 = 4.42368e+07 h = 86400
snow storage       |  ----------------------------------------------------------------
snow storage       |   ENorm (Infnorm) of: snow-water_content: 
snow storage       |     ENorm (cell) = [0] 0.20533 (0.0164506)
Solver::NKA_BT_ATS |  0: error(res) = 0.20533
Solver::NKA_BT_ATS |  0: L2 error(res) = 0.164506
snow storage       |   ENorm (Infnorm) of: snow-water_content: 
snow storage       |     ENorm (cell) = [0] 2.16521e-17 (1.73472e-18)
Solver::NKA_BT_ATS |  1: backtrack 0: error(res) = 2.16521e-17
Solver::NKA_BT_ATS |  1: backtrack 0: L2 error(res) = 1.73472e-17
Solver::NKA_BT_ATS |  Solve succeeded: 1 iterations, error = 2.16521e-17
surface-subsurface |  ----------------------------------------------------------------
surface-subsurface |  Advancing: t0 = 4.41504e+07 t1 = 4.42368e+07 h = 86400
surface-subsurface |  ----------------------------------------------------------------
flow               |  ENorm (Infnorm) of: water_content: 
flow               |    ENorm (face) = [1858] 0.624244 (0.0259663)
flow               |    ENorm (cell) = [420] 0.248872 (0.0106636)
overland flow      |  ENorm (Infnorm) of: surface-water_content: 
overland flow      |    ENorm (cell) = [61] 0.846684 (0.0320938)
overland flow      |    ENorm (boundary_face) = [-1] -1.79769e+308 (0)
Solver::NKA_BT_ATS |  0: error(res) = 0.846684
Solver::NKA_BT_ATS |  0: L2 error(res) = 0.23383
inverse::GMRES     |  Converged (relative res), itr=4 ||r||=0.00136199 ||r0||=35476
flow               |  ENorm (Infnorm) of: water_content: 
flow               |    ENorm (face) = [1858] 5.21064e-09 (2.16971e-10)
flow               |    ENorm (cell) = [420] 0.178896 (0.00759542)
overland flow      |  ENorm (Infnorm) of: surface-water_content: 
overland flow      |    ENorm (cell) = [61] 0.0893688 (0.00321882)
overland flow      |    ENorm (boundary_face) = [-1] -1.79769e+308 (0)
Solver::NKA_BT_ATS |  1: backtrack 0: error(res) = 0.178896
Solver::NKA_BT_ATS |  1: backtrack 0: L2 error(res) = 0.0575083
inverse::GMRES     |  Converged (relative res), itr=3 ||r||=0.00410785 ||r0||=6129.35
flow               |  ENorm (Infnorm) of: water_content: 
flow               |    ENorm (face) = [3585] 8.46353e-12 (6.14175e-13)
flow               |    ENorm (cell) = [410] 0.0113195 (0.000488637)
overland flow      |  ENorm (Infnorm) of: surface-water_content: 
overland flow      |    ENorm (cell) = [61] 0.000536797 (1.93445e-05)
overland flow      |    ENorm (boundary_face) = [-1] -1.79769e+308 (0)
Solver::NKA_BT_ATS |  2: backtrack 0: error(res) = 0.0113195
Solver::NKA_BT_ATS |  2: backtrack 0: L2 error(res) = 0.00372567
inverse::GMRES     |  Converged (relative res), itr=3 ||r||=1.46423e-05 ||r0||=231.39
flow               |  ENorm (Infnorm) of: water_content: 
flow               |    ENorm (face) = [2761] 6.31913e-12 (4.07674e-13)
flow               |    ENorm (cell) = [371] 3.88099e-05 (1.72238e-06)
overland flow      |  ENorm (Infnorm) of: surface-water_content: 
overland flow      |    ENorm (cell) = [61] 2.8994e-08 (1.04429e-09)
overland flow      |    ENorm (boundary_face) = [-1] -1.79769e+308 (0)
Solver::NKA_BT_ATS |  3: NKA : error(res) = 3.88099e-05
Solver::NKA_BT_ATS |  3: NKA : L2 error(res) = 1.1984e-05
inverse::GMRES     |  Converged (relative res), itr=3 ||r||=7.28666e-08 ||r0||=1.45471
flow               |  ENorm (Infnorm) of: water_content: 
flow               |    ENorm (face) = [2769] 7.98493e-12 (5.71543e-13)
flow               |    ENorm (cell) = [370] 6.09686e-08 (3.22886e-09)
overland flow      |  ENorm (Infnorm) of: surface-water_content: 
overland flow      |    ENorm (cell) = [71] 7.85479e-11 (4.2771e-10)
overland flow      |    ENorm (boundary_face) = [-1] -1.79769e+308 (0)
Solver::NKA_BT_ATS |  4: NKA : error(res) = 6.09686e-08
Solver::NKA_BT_ATS |  4: NKA : L2 error(res) = 2.52848e-08
Solver::NKA_BT_ATS |  Solve succeeded: 4 iterations, error = 6.09686e-08
ATS                |  ================================================================================
ATS                |  
ATS                |  Cycle = 200,  Time [days] = 512,  dt [days] = 1
ATS                |  --------------------------------------------------------------------------------
snow storage       |  ----------------------------------------------------------------
snow storage       |  Advancing: t0 = 4.42368e+07 t1 = 4.43232e+07 h = 86400
snow storage       |  ----------------------------------------------------------------
snow storage       |   ENorm (Infnorm) of: snow-water_content: 
snow storage       |     ENorm (cell) = [0] 0.251524 (0.0150704)
Solver::NKA_BT_ATS |  0: error(res) = 0.251524
Solver::NKA_BT_ATS |  0: L2 error(res) = 0.150704
snow storage       |   ENorm (Infnorm) of: snow-water_content: 
snow storage       |     ENorm (cell) = [0] 1.44763e-17 (8.67362e-19)
Solver::NKA_BT_ATS |  1: backtrack 0: error(res) = 1.44763e-17
Solver::NKA_BT_ATS |  1: backtrack 0: L2 error(res) = 8.67362e-18
Solver::NKA_BT_ATS |  Solve succeeded: 1 iterations, error = 1.44763e-17
surface-subsurface |  ----------------------------------------------------------------
surface-subsurface |  Advancing: t0 = 4.42368e+07 t1 = 4.43232e+07 h = 86400
surface-subsurface |  ----------------------------------------------------------------
flow               |  ENorm (Infnorm) of: water_content: 
flow               |    ENorm (face) = [1858] 0.0878222 (0.00363675)
flow               |    ENorm (cell) = [400] 0.0823043 (0.00459254)
overland flow      |  ENorm (Infnorm) of: surface-water_content: 
overland flow      |    ENorm (cell) = [61] 0.0654598 (0.00849134)
overland flow      |    ENorm (boundary_face) = [-1] -1.79769e+308 (0)
Solver::NKA_BT_ATS |  0: error(res) = 0.0878222
Solver::NKA_BT_ATS |  0: L2 error(res) = 0.0768192
inverse::GMRES     |  Converged (relative res), itr=3 ||r||=0.00704025 ||r0||=16836.2
flow               |  ENorm (Infnorm) of: water_content: 
flow               |    ENorm (face) = [1858] 6.95542e-09 (2.88117e-10)
flow               |    ENorm (cell) = [570] 0.00838701 (0.00051927)
overland flow      |  ENorm (Infnorm) of: surface-water_content: 
overland flow      |    ENorm (cell) = [61] 0.00057947 (7.89813e-05)
overland flow      |    ENorm (boundary_face) = [-1] -1.79769e+308 (0)
Solver::NKA_BT_ATS |  1: backtrack 0: error(res) = 0.00838701
Solver::NKA_BT_ATS |  1: backtrack 0: L2 error(res) = 0.00300352
inverse::GMRES     |  Converged (relative res), itr=3 ||r||=0.00023221 ||r0||=638.371
flow               |  ENorm (Infnorm) of: water_content: 
flow               |    ENorm (face) = [3089] 9.34154e-12 (5.79092e-13)
flow               |    ENorm (cell) = [570] 2.23823e-05 (1.38577e-06)
overland flow      |  ENorm (Infnorm) of: surface-water_content: 
overland flow      |    ENorm (cell) = [61] 1.94356e-06 (7.02132e-08)
overland flow      |    ENorm (boundary_face) = [-1] -1.79769e+308 (0)
Solver::NKA_BT_ATS |  2: backtrack 0: error(res) = 2.23823e-05
Solver::NKA_BT_ATS |  2: backtrack 0: L2 error(res) = 1.28694e-05
inverse::GMRES     |  Converged (relative res), itr=3 ||r||=9.16255e-07 ||r0||=3.83945
flow               |  ENorm (Infnorm) of: water_content: 
flow               |    ENorm (face) = [2564] 7.92566e-12 (5.3868e-13)
flow               |    ENorm (cell) = [0] 9.98605e-08 (6.71296e-09)
overland flow      |  ENorm (Infnorm) of: surface-water_content: 
overland flow      |    ENorm (cell) = [74] 1.01277e-10 (5.45535e-10)
overland flow      |    ENorm (boundary_face) = [-1] -1.79769e+308 (0)
Solver::NKA_BT_ATS |  3: NKA : error(res) = 9.98605e-08
Solver::NKA_BT_ATS |  3: NKA : L2 error(res) = 7.44198e-08
Solver::NKA_BT_ATS |  Solve succeeded: 3 iterations, error = 9.98605e-08
ATS                |  ================================================================================
ATS                |  
ATS                |  Cycle = 201,  Time [days] = 513,  dt [days] = 1
ATS                |  --------------------------------------------------------------------------------
snow storage       |  ----------------------------------------------------------------
snow storage       |  Advancing: t0 = 4.43232e+07 t1 = 4.44096e+07 h = 86400
snow storage       |  ----------------------------------------------------------------
snow storage       |   ENorm (Infnorm) of: snow-water_content: 
snow storage       |     ENorm (cell) = [0] 0.160021 (0.007816)
Solver::NKA_BT_ATS |  0: error(res) = 0.160021
Solver::NKA_BT_ATS |  0: L2 error(res) = 0.07816
snow storage       |   ENorm (Infnorm) of: snow-water_content: 
snow storage       |     ENorm (cell) = [0] 4.43948e-18 (2.1684e-19)
Solver::NKA_BT_ATS |  1: backtrack 0: error(res) = 4.43948e-18
Solver::NKA_BT_ATS |  1: backtrack 0: L2 error(res) = 2.1684e-18
Solver::NKA_BT_ATS |  Solve succeeded: 1 iterations, error = 4.43948e-18
surface-subsurface |  ----------------------------------------------------------------
surface-subsurface |  Advancing: t0 = 4.43232e+07 t1 = 4.44096e+07 h = 86400
surface-subsurface |  ----------------------------------------------------------------
flow               |  ENorm (Infnorm) of: water_content: 
flow               |    ENorm (face) = [1858] 0.178596 (0.00727798)
flow               |    ENorm (cell) = [420] 0.0255352 (0.00203958)
overland flow      |  ENorm (Infnorm) of: surface-water_content: 
overland flow      |    ENorm (cell) = [61] 0.182381 (0.00656176)
overland flow      |    ENorm (boundary_face) = [-1] -1.79769e+308 (0)
Solver::NKA_BT_ATS |  0: error(res) = 0.182381
Solver::NKA_BT_ATS |  0: L2 error(res) = 0.0631854
inverse::GMRES     |  Converged (relative res), itr=4 ||r||=0.000478373 ||r0||=8873.93
flow               |  ENorm (Infnorm) of: water_content: 
flow               |    ENorm (face) = [1858] 3.42168e-09 (1.39547e-10)
flow               |    ENorm (cell) = [420] 0.0144944 (0.000606104)
overland flow      |  ENorm (Infnorm) of: surface-water_content: 
overland flow      |    ENorm (cell) = [61] 0.0165497 (0.000595427)
overland flow      |    ENorm (boundary_face) = [-1] -1.79769e+308 (0)
Solver::NKA_BT_ATS |  1: backtrack 0: error(res) = 0.0165497
Solver::NKA_BT_ATS |  1: backtrack 0: L2 error(res) = 0.0047636
inverse::GMRES     |  Converged (relative res), itr=3 ||r||=0.000399209 ||r0||=410.41
flow               |  ENorm (Infnorm) of: water_content: 
flow               |    ENorm (face) = [3876] 7.49931e-12 (5.41345e-13)
flow               |    ENorm (cell) = [371] 6.65672e-05 (3.03392e-06)
overland flow      |  ENorm (Infnorm) of: surface-water_content: 
overland flow      |    ENorm (cell) = [61] 2.41298e-05 (8.68166e-07)
overland flow      |    ENorm (boundary_face) = [-1] -1.79769e+308 (0)
Solver::NKA_BT_ATS |  2: backtrack 0: error(res) = 6.65672e-05
Solver::NKA_BT_ATS |  2: backtrack 0: L2 error(res) = 2.38942e-05
inverse::GMRES     |  Converged (relative res), itr=3 ||r||=5.42109e-07 ||r0||=3.40965
flow               |  ENorm (Infnorm) of: water_content: 
flow               |    ENorm (face) = [2933] 7.15118e-12 (4.40981e-13)
flow               |    ENorm (cell) = [1] 1.42598e-07 (8.4698e-09)
overland flow      |  ENorm (Infnorm) of: surface-water_content: 
overland flow      |    ENorm (cell) = [73] 8.22574e-11 (4.54159e-10)
overland flow      |    ENorm (boundary_face) = [-1] -1.79769e+308 (0)
Solver::NKA_BT_ATS |  3: NKA : error(res) = 1.42598e-07
Solver::NKA_BT_ATS |  3: NKA : L2 error(res) = 6.44307e-08
Solver::NKA_BT_ATS |  Solve succeeded: 3 iterations, error = 1.42598e-07
ATS                |  ================================================================================
ATS                |  
ATS                |  Cycle = 202,  Time [days] = 514,  dt [days] = 1
ATS                |  --------------------------------------------------------------------------------
snow storage       |  ----------------------------------------------------------------
snow storage       |  Advancing: t0 = 4.44096e+07 t1 = 4.4496e+07 h = 86400
snow storage       |  ----------------------------------------------------------------
snow storage       |   ENorm (Infnorm) of: snow-water_content: 
snow storage       |     ENorm (cell) = [0] 0.0731114 (0.00313065)
Solver::NKA_BT_ATS |  0: error(res) = 0.0731114
Solver::NKA_BT_ATS |  0: L2 error(res) = 0.0313065
snow storage       |   ENorm (Infnorm) of: snow-water_content: 
snow storage       |     ENorm (cell) = [0] 5.06397e-18 (2.1684e-19)
Solver::NKA_BT_ATS |  1: backtrack 0: error(res) = 5.06397e-18
Solver::NKA_BT_ATS |  1: backtrack 0: L2 error(res) = 2.1684e-18
Solver::NKA_BT_ATS |  Solve succeeded: 1 iterations, error = 5.06397e-18
surface-subsurface |  ----------------------------------------------------------------
surface-subsurface |  Advancing: t0 = 4.44096e+07 t1 = 4.4496e+07 h = 86400
surface-subsurface |  ----------------------------------------------------------------
flow               |  ENorm (Infnorm) of: water_content: 
flow               |    ENorm (face) = [1858] 0.39494 (0.0161156)
flow               |    ENorm (cell) = [206] 0.0101656 (0.00130972)
overland flow      |  ENorm (Infnorm) of: surface-water_content: 
overland flow      |    ENorm (cell) = [61] 0.410721 (0.0149515)
overland flow      |    ENorm (boundary_face) = [-1] -1.79769e+308 (0)
Solver::NKA_BT_ATS |  0: error(res) = 0.410721
Solver::NKA_BT_ATS |  0: L2 error(res) = 0.153104
inverse::GMRES     |  Converged (relative res), itr=3 ||r||=0.022045 ||r0||=31728
flow               |  ENorm (Infnorm) of: water_content: 
flow               |    ENorm (face) = [1858] 2.10614e-07 (8.59432e-09)
flow               |    ENorm (cell) = [430] 0.0683362 (0.00282502)
overland flow      |  ENorm (Infnorm) of: surface-water_content: 
overland flow      |    ENorm (cell) = [61] 0.0670429 (0.00484443)
overland flow      |    ENorm (boundary_face) = [-1] -1.79769e+308 (0)
Solver::NKA_BT_ATS |  1: backtrack 0: error(res) = 0.0683362
Solver::NKA_BT_ATS |  1: backtrack 0: L2 error(res) = 0.0226878
inverse::GMRES     |  Converged (relative res), itr=3 ||r||=0.0016527 ||r0||=3145
flow               |  ENorm (Infnorm) of: water_content: 
flow               |    ENorm (face) = [3704] 7.06825e-12 (5.11591e-13)
flow               |    ENorm (cell) = [410] 0.00243818 (0.000101982)
overland flow      |  ENorm (Infnorm) of: surface-water_content: 
overland flow      |    ENorm (cell) = [61] 0.000381767 (1.39107e-05)
overland flow      |    ENorm (boundary_face) = [-1] -1.79769e+308 (0)
Solver::NKA_BT_ATS |  2: backtrack 0: error(res) = 0.00243818
Solver::NKA_BT_ATS |  2: backtrack 0: L2 error(res) = 0.000818716
inverse::GMRES     |  Converged (relative res), itr=3 ||r||=8.45389e-06 ||r0||=59.7963
flow               |  ENorm (Infnorm) of: water_content: 
flow               |    ENorm (face) = [2966] 7.77882e-12 (4.71623e-13)
flow               |    ENorm (cell) = [220] 6.06419e-06 (3.46245e-07)
overland flow      |  ENorm (Infnorm) of: surface-water_content: 
overland flow      |    ENorm (cell) = [61] 2.36891e-08 (8.66403e-10)
overland flow      |    ENorm (boundary_face) = [-1] -1.79769e+308 (0)
Solver::NKA_BT_ATS |  3: NKA : error(res) = 6.06419e-06
Solver::NKA_BT_ATS |  3: NKA : L2 error(res) = 2.31046e-06
inverse::GMRES     |  Converged (relative res), itr=3 ||r||=4.19591e-08 ||r0||=0.405115
flow               |  ENorm (Infnorm) of: water_content: 
flow               |    ENorm (face) = [3060] 7.63908e-12 (5.11591e-13)
flow               |    ENorm (cell) = [0] 2.90728e-08 (1.74661e-09)
overland flow      |  ENorm (Infnorm) of: surface-water_content: 
overland flow      |    ENorm (cell) = [61] 9.88866e-11 (3.56581e-10)
overland flow      |    ENorm (boundary_face) = [-1] -1.79769e+308 (0)
Solver::NKA_BT_ATS |  4: NKA : error(res) = 2.90728e-08
Solver::NKA_BT_ATS |  4: NKA : L2 error(res) = 1.19235e-08
Solver::NKA_BT_ATS |  Solve succeeded: 4 iterations, error = 2.90728e-08
ATS                |  ================================================================================
ATS                |  
ATS                |  Cycle = 203,  Time [days] = 515,  dt [days] = 1
ATS                |  --------------------------------------------------------------------------------
snow storage       |  ----------------------------------------------------------------
snow storage       |  Advancing: t0 = 4.4496e+07 t1 = 4.45824e+07 h = 86400
snow storage       |  ----------------------------------------------------------------
snow storage       |   ENorm (Infnorm) of: snow-water_content: 
snow storage       |     ENorm (cell) = [0] 0.0863692 (0.00334901)
Solver::NKA_BT_ATS |  0: error(res) = 0.0863692
Solver::NKA_BT_ATS |  0: L2 error(res) = 0.0334901
snow storage       |   ENorm (Infnorm) of: snow-water_content: 
snow storage       |     ENorm (cell) = [0] 1.39805e-18 (5.42101e-20)
Solver::NKA_BT_ATS |  1: backtrack 0: error(res) = 1.39805e-18
Solver::NKA_BT_ATS |  1: backtrack 0: L2 error(res) = 5.42101e-19
Solver::NKA_BT_ATS |  Solve succeeded: 1 iterations, error = 1.39805e-18
surface-subsurface |  ----------------------------------------------------------------
surface-subsurface |  Advancing: t0 = 4.4496e+07 t1 = 4.45824e+07 h = 86400
surface-subsurface |  ----------------------------------------------------------------
flow               |  ENorm (Infnorm) of: water_content: 
flow               |    ENorm (face) = [1817] 0.229667 (0.00887027)
flow               |    ENorm (cell) = [420] 0.205454 (0.00879976)
overland flow      |  ENorm (Infnorm) of: surface-water_content: 
overland flow      |    ENorm (cell) = [81] 0.0183676 (0.0164166)
overland flow      |    ENorm (boundary_face) = [-1] -1.79769e+308 (0)
Solver::NKA_BT_ATS |  0: error(res) = 0.229667
Solver::NKA_BT_ATS |  0: L2 error(res) = 0.117006
inverse::GMRES     |  Converged (relative res), itr=4 ||r||=0.000526966 ||r0||=12499.1
flow               |  ENorm (Infnorm) of: water_content: 
flow               |    ENorm (face) = [1817] 2.58748e-09 (1.00247e-10)
flow               |    ENorm (cell) = [540] 0.00523718 (0.000293792)
overland flow      |  ENorm (Infnorm) of: surface-water_content: 
overland flow      |    ENorm (cell) = [80] 0.000567267 (0.000272484)
overland flow      |    ENorm (boundary_face) = [-1] -1.79769e+308 (0)
Solver::NKA_BT_ATS |  1: backtrack 0: error(res) = 0.00523718
Solver::NKA_BT_ATS |  1: backtrack 0: L2 error(res) = 0.000929868
inverse::GMRES     |  Converged (relative res), itr=3 ||r||=0.000153535 ||r0||=165.865
flow               |  ENorm (Infnorm) of: water_content: 
flow               |    ENorm (face) = [3089] 7.98757e-12 (4.95159e-13)
flow               |    ENorm (cell) = [530] 1.32174e-05 (7.13017e-07)
overland flow      |  ENorm (Infnorm) of: surface-water_content: 
overland flow      |    ENorm (cell) = [61] 5.98833e-07 (2.10501e-08)
overland flow      |    ENorm (boundary_face) = [-1] -1.79769e+308 (0)
Solver::NKA_BT_ATS |  2: backtrack 0: error(res) = 1.32174e-05
Solver::NKA_BT_ATS |  2: backtrack 0: L2 error(res) = 4.71476e-06
inverse::GMRES     |  Converged (relative res), itr=4 ||r||=9.11796e-08 ||r0||=1.37954
flow               |  ENorm (Infnorm) of: water_content: 
flow               |    ENorm (face) = [3794] 6.45157e-12 (4.66294e-13)
flow               |    ENorm (cell) = [0] 8.34949e-08 (5.00923e-09)
overland flow      |  ENorm (Infnorm) of: surface-water_content: 
overland flow      |    ENorm (cell) = [70] 7.13205e-11 (3.83074e-10)
overland flow      |    ENorm (boundary_face) = [-1] -1.79769e+308 (0)
Solver::NKA_BT_ATS |  3: NKA : error(res) = 8.34949e-08
Solver::NKA_BT_ATS |  3: NKA : L2 error(res) = 4.63812e-08
Solver::NKA_BT_ATS |  Solve succeeded: 3 iterations, error = 8.34949e-08
ATS                |  ================================================================================
ATS                |  
ATS                |  Cycle = 204,  Time [days] = 516,  dt [days] = 1
ATS                |  --------------------------------------------------------------------------------
snow storage       |  ----------------------------------------------------------------
snow storage       |  Advancing: t0 = 4.45824e+07 t1 = 4.46688e+07 h = 86400
snow storage       |  ----------------------------------------------------------------
snow storage       |   ENorm (Infnorm) of: snow-water_content: 
snow storage       |     ENorm (cell) = [0] 0.0303739 (0.00113696)
Solver::NKA_BT_ATS |  0: error(res) = 0.0303739
Solver::NKA_BT_ATS |  0: L2 error(res) = 0.0113696
snow storage       |   ENorm (Infnorm) of: snow-water_content: 
snow storage       |     ENorm (cell) = [0] 3.33092e-17 (1.24683e-18)
Solver::NKA_BT_ATS |  1: backtrack 0: error(res) = 3.33092e-17
Solver::NKA_BT_ATS |  1: backtrack 0: L2 error(res) = 1.24683e-17
Solver::NKA_BT_ATS |  Solve succeeded: 1 iterations, error = 3.33092e-17
surface-subsurface |  ----------------------------------------------------------------
surface-subsurface |  Advancing: t0 = 4.45824e+07 t1 = 4.46688e+07 h = 86400
surface-subsurface |  ----------------------------------------------------------------
flow               |  ENorm (Infnorm) of: water_content: 
flow               |    ENorm (face) = [1817] 0.00607249 (0.000222254)
flow               |    ENorm (cell) = [420] 0.0589658 (0.00220488)
overland flow      |  ENorm (Infnorm) of: surface-water_content: 
overland flow      |    ENorm (cell) = [61] 0.257179 (0.0108223)
overland flow      |    ENorm (boundary_face) = [-1] -1.79769e+308 (0)
Solver::NKA_BT_ATS |  0: error(res) = 0.257179
Solver::NKA_BT_ATS |  0: L2 error(res) = 0.0651381
inverse::GMRES     |  Converged (relative res), itr=4 ||r||=0.000410582 ||r0||=8020.08
flow               |  ENorm (Infnorm) of: water_content: 
flow               |    ENorm (face) = [1858] 1.01771e-10 (3.78275e-12)
flow               |    ENorm (cell) = [400] 0.00286338 (0.000107782)
overland flow      |  ENorm (Infnorm) of: surface-water_content: 
overland flow      |    ENorm (cell) = [61] 0.00132789 (9.78767e-05)
overland flow      |    ENorm (boundary_face) = [-1] -1.79769e+308 (0)
Solver::NKA_BT_ATS |  1: backtrack 0: error(res) = 0.00286338
Solver::NKA_BT_ATS |  1: backtrack 0: L2 error(res) = 0.000847762
inverse::GMRES     |  Converged (relative res), itr=3 ||r||=5.34093e-05 ||r0||=139.853
flow               |  ENorm (Infnorm) of: water_content: 
flow               |    ENorm (face) = [2724] 6.88204e-12 (4.30767e-13)
flow               |    ENorm (cell) = [260] 1.69066e-05 (8.14205e-07)
overland flow      |  ENorm (Infnorm) of: surface-water_content: 
overland flow      |    ENorm (cell) = [61] 2.43227e-06 (8.21509e-08)
overland flow      |    ENorm (boundary_face) = [-1] -1.79769e+308 (0)
Solver::NKA_BT_ATS |  2: backtrack 0: error(res) = 1.69066e-05
Solver::NKA_BT_ATS |  2: backtrack 0: L2 error(res) = 5.46148e-06
inverse::GMRES     |  Converged (relative res), itr=3 ||r||=2.76822e-07 ||r0||=1.92477
flow               |  ENorm (Infnorm) of: water_content: 
flow               |    ENorm (face) = [2765] 8.3512e-12 (5.16476e-13)
flow               |    ENorm (cell) = [200] 3.03621e-07 (1.56335e-08)
overland flow      |  ENorm (Infnorm) of: surface-water_content: 
overland flow      |    ENorm (cell) = [67] 4.6627e-11 (2.20507e-10)
overland flow      |    ENorm (boundary_face) = [-1] -1.79769e+308 (0)
Solver::NKA_BT_ATS |  3: NKA : error(res) = 3.03621e-07
Solver::NKA_BT_ATS |  3: NKA : L2 error(res) = 9.36195e-08
Solver::NKA_BT_ATS |  Solve succeeded: 3 iterations, error = 3.03621e-07
ATS                |  ================================================================================
ATS                |  
ATS                |  Cycle = 205,  Time [days] = 517,  dt [days] = 1
ATS                |  --------------------------------------------------------------------------------
snow storage       |  ----------------------------------------------------------------
snow storage       |  Advancing: t0 = 4.46688e+07 t1 = 4.47552e+07 h = 86400
snow storage       |  ----------------------------------------------------------------
snow storage       |   ENorm (Infnorm) of: snow-water_content: 
snow storage       |     ENorm (cell) = [0] 0.0267807 (0.000947237)
Solver::NKA_BT_ATS |  0: error(res) = 0.0267807
Solver::NKA_BT_ATS |  0: L2 error(res) = 0.00947237
snow storage       |   ENorm (Infnorm) of: snow-water_content: 
snow storage       |     ENorm (cell) = [0] 0 (0)
Solver::NKA_BT_ATS |  1: backtrack 0: error(res) = 0
Solver::NKA_BT_ATS |  1: backtrack 0: L2 error(res) = 0
Solver::NKA_BT_ATS |  Solve succeeded: 1 iterations, error = 0
surface-subsurface |  ----------------------------------------------------------------
surface-subsurface |  Advancing: t0 = 4.46688e+07 t1 = 4.47552e+07 h = 86400
surface-subsurface |  ----------------------------------------------------------------
flow               |  ENorm (Infnorm) of: water_content: 
flow               |    ENorm (face) = [1776] 0.149138 (0.00658016)
flow               |    ENorm (cell) = [410] 0.0905229 (0.00320121)
overland flow      |  ENorm (Infnorm) of: surface-water_content: 
overland flow      |    ENorm (cell) = [62] 0.0135693 (0.0127346)
overland flow      |    ENorm (boundary_face) = [-1] -1.79769e+308 (0)
Solver::NKA_BT_ATS |  0: error(res) = 0.149138
Solver::NKA_BT_ATS |  0: L2 error(res) = 0.0507206
inverse::GMRES     |  Converged (relative res), itr=4 ||r||=0.000404212 ||r0||=12737.3
flow               |  ENorm (Infnorm) of: water_content: 
flow               |    ENorm (face) = [1776] 0.140639 (0.00484384)
flow               |    ENorm (cell) = [410] 0.0854352 (0.00302162)
overland flow      |  ENorm (Infnorm) of: surface-water_content: 
overland flow      |    ENorm (cell) = [61] 0.190966 (0.0120085)
overland flow      |    ENorm (boundary_face) = [-1] -1.79769e+308 (0)
Solver::NKA_BT_ATS |  1: PIC : error(res) = 0.190966
Solver::NKA_BT_ATS |  1: PIC : L2 error(res) = 0.0478383
inverse::GMRES     |  Converged (relative res), itr=3 ||r||=0.0102969 ||r0||=11912.6
flow               |  ENorm (Infnorm) of: water_content: 
flow               |    ENorm (face) = [1776] 4.0661e-08 (1.40068e-09)
flow               |    ENorm (cell) = [450] 0.00838668 (0.000697082)
overland flow      |  ENorm (Infnorm) of: surface-water_content: 
overland flow      |    ENorm (cell) = [61] 0.399383 (0.0129781)
overland flow      |    ENorm (boundary_face) = [-1] -1.79769e+308 (0)
Solver::NKA_BT_ATS |  2: backtrack 0: error(res) = 0.399383
Solver::NKA_BT_ATS |  2: backtrack 0: L2 error(res) = 0.0184731
inverse::GMRES     |  Converged (relative res), itr=4 ||r||=2.02528e-05 ||r0||=741.619
flow               |  ENorm (Infnorm) of: water_content: 
flow               |    ENorm (face) = [2925] 7.78943e-12 (5.00489e-13)
flow               |    ENorm (cell) = [401] 6.78321e-05 (2.49169e-06)
overland flow      |  ENorm (Infnorm) of: surface-water_content: 
overland flow      |    ENorm (cell) = [61] 0.0718401 (0.00233446)
overland flow      |    ENorm (boundary_face) = [-1] -1.79769e+308 (0)
Solver::NKA_BT_ATS |  3: NKA : error(res) = 0.0718401
Solver::NKA_BT_ATS |  3: NKA : L2 error(res) = 0.00330145
inverse::GMRES     |  Converged (relative res), itr=4 ||r||=3.35414e-07 ||r0||=15.7214
flow               |  ENorm (Infnorm) of: water_content: 
flow               |    ENorm (face) = [2937] 8.33196e-12 (5.04485e-13)
flow               |    ENorm (cell) = [603] 9.75384e-07 (6.90826e-08)
overland flow      |  ENorm (Infnorm) of: surface-water_content: 
overland flow      |    ENorm (cell) = [61] 0.00847869 (0.000275517)
overland flow      |    ENorm (boundary_face) = [-1] -1.79769e+308 (0)
Solver::NKA_BT_ATS |  4: NKA : error(res) = 0.00847869
Solver::NKA_BT_ATS |  4: NKA : L2 error(res) = 0.000389637
inverse::GMRES     |  Converged (relative res), itr=4 ||r||=4.22235e-08 ||r0||=0.966405
flow               |  ENorm (Infnorm) of: water_content: 
flow               |    ENorm (face) = [4073] 7.59782e-12 (5.47118e-13)
flow               |    ENorm (cell) = [603] 8.1487e-08 (5.7714e-09)
overland flow      |  ENorm (Infnorm) of: surface-water_content: 
overland flow      |    ENorm (cell) = [61] 0.000318472 (1.03488e-05)
overland flow      |    ENorm (boundary_face) = [-1] -1.79769e+308 (0)
Solver::NKA_BT_ATS |  5: NKA : error(res) = 0.000318472
Solver::NKA_BT_ATS |  5: NKA : L2 error(res) = 1.46353e-05
inverse::GMRES     |  Converged (relative res), itr=4 ||r||=1.47865e-09 ||r0||=0.0391592
flow               |  ENorm (Infnorm) of: water_content: 
flow               |    ENorm (face) = [4032] 7.24329e-12 (5.21805e-13)
flow               |    ENorm (cell) = [613] 3.4766e-10 (2.44635e-11)
overland flow      |  ENorm (Infnorm) of: surface-water_content: 
overland flow      |    ENorm (cell) = [61] 6.77411e-06 (2.20126e-07)
overland flow      |    ENorm (boundary_face) = [-1] -1.79769e+308 (0)
Solver::NKA_BT_ATS |  6: NKA : error(res) = 6.77411e-06
Solver::NKA_BT_ATS |  6: NKA : L2 error(res) = 3.11304e-07
inverse::GMRES     |  Converged (relative res), itr=4 ||r||=3.35051e-11 ||r0||=0.000809392
flow               |  ENorm (Infnorm) of: water_content: 
flow               |    ENorm (face) = [2847] 7.11323e-12 (5.17808e-13)
flow               |    ENorm (cell) = [641] 1.515e-11 (9.80318e-13)
overland flow      |  ENorm (Infnorm) of: surface-water_content: 
overland flow      |    ENorm (cell) = [61] 1.81144e-07 (5.8909e-09)
overland flow      |    ENorm (boundary_face) = [-1] -1.79769e+308 (0)
Solver::NKA_BT_ATS |  7: NKA : error(res) = 1.81144e-07
Solver::NKA_BT_ATS |  7: NKA : L2 error(res) = 8.35075e-09
Solver::NKA_BT_ATS |  Solve succeeded: 7 iterations, error = 1.81144e-07
ATS                |  ================================================================================
ATS                |  
ATS                |  Cycle = 206,  Time [days] = 518,  dt [days] = 1
ATS                |  --------------------------------------------------------------------------------
snow storage       |  ----------------------------------------------------------------
snow storage       |  Advancing: t0 = 4.47552e+07 t1 = 4.48416e+07 h = 86400
snow storage       |  ----------------------------------------------------------------
snow storage       |   ENorm (Infnorm) of: snow-water_content: 
snow storage       |     ENorm (cell) = [0] 0.0379065 (0.00128307)
Solver::NKA_BT_ATS |  0: error(res) = 0.0379065
Solver::NKA_BT_ATS |  0: L2 error(res) = 0.0128307
snow storage       |   ENorm (Infnorm) of: snow-water_content: 
snow storage       |     ENorm (cell) = [0] 4.80468e-18 (1.6263e-19)
Solver::NKA_BT_ATS |  1: backtrack 0: error(res) = 4.80468e-18
Solver::NKA_BT_ATS |  1: backtrack 0: L2 error(res) = 1.6263e-18
Solver::NKA_BT_ATS |  Solve succeeded: 1 iterations, error = 4.80468e-18
surface-subsurface |  ----------------------------------------------------------------
surface-subsurface |  Advancing: t0 = 4.47552e+07 t1 = 4.48416e+07 h = 86400
surface-subsurface |  ----------------------------------------------------------------
flow               |  ENorm (Infnorm) of: water_content: 
flow               |    ENorm (face) = [1776] 0.375262 (0.0124637)
flow               |    ENorm (cell) = [0] 0.0140444 (0.00204761)
overland flow      |  ENorm (Infnorm) of: surface-water_content: 
overland flow      |    ENorm (cell) = [61] 0.406813 (0.0174537)
overland flow      |    ENorm (boundary_face) = [-1] -1.79769e+308 (0)
Solver::NKA_BT_ATS |  0: error(res) = 0.406813
Solver::NKA_BT_ATS |  0: L2 error(res) = 0.146007
inverse::GMRES     |  Converged (relative res), itr=4 ||r||=0.00140082 ||r0||=63583.5
flow               |  ENorm (Infnorm) of: water_content: 
flow               |    ENorm (face) = [1776] 3.68524e-09 (1.22597e-10)
flow               |    ENorm (cell) = [400] 0.444198 (0.0152256)
overland flow      |  ENorm (Infnorm) of: surface-water_content: 
overland flow      |    ENorm (cell) = [61] 0.389232 (0.0125606)
overland flow      |    ENorm (boundary_face) = [-1] -1.79769e+308 (0)
Solver::NKA_BT_ATS |  1: backtrack 0: error(res) = 0.444198
Solver::NKA_BT_ATS |  1: backtrack 0: L2 error(res) = 0.113599
inverse::GMRES     |  Converged (relative res), itr=3 ||r||=0.00213297 ||r0||=14007.6
flow               |  ENorm (Infnorm) of: water_content: 
flow               |    ENorm (face) = [2691] 6.18551e-12 (3.93019e-13)
flow               |    ENorm (cell) = [390] 0.0763044 (0.00264015)
overland flow      |  ENorm (Infnorm) of: surface-water_content: 
overland flow      |    ENorm (cell) = [61] 0.0451952 (0.00145846)
overland flow      |    ENorm (boundary_face) = [-1] -1.79769e+308 (0)
Solver::NKA_BT_ATS |  2: backtrack 0: error(res) = 0.0763044
Solver::NKA_BT_ATS |  2: backtrack 0: L2 error(res) = 0.0207731
inverse::GMRES     |  Converged (relative res), itr=3 ||r||=2.61386e-05 ||r0||=2300.83
flow               |  ENorm (Infnorm) of: water_content: 
flow               |    ENorm (face) = [4077] 8.0911e-12 (5.82645e-13)
flow               |    ENorm (cell) = [371] 0.00277032 (9.85758e-05)
overland flow      |  ENorm (Infnorm) of: surface-water_content: 
overland flow      |    ENorm (cell) = [61] 0.0011691 (3.77271e-05)
overland flow      |    ENorm (boundary_face) = [-1] -1.79769e+308 (0)
Solver::NKA_BT_ATS |  3: NKA : error(res) = 0.00277032
Solver::NKA_BT_ATS |  3: NKA : L2 error(res) = 0.000660151
inverse::GMRES     |  Converged (relative res), itr=3 ||r||=1.15427e-06 ||r0||=63.9025
flow               |  ENorm (Infnorm) of: water_content: 
flow               |    ENorm (face) = [3056] 6.12582e-12 (3.85469e-13)
flow               |    ENorm (cell) = [371] 7.14081e-05 (2.55294e-06)
overland flow      |  ENorm (Infnorm) of: surface-water_content: 
overland flow      |    ENorm (cell) = [61] 2.81088e-05 (9.07076e-07)
overland flow      |    ENorm (boundary_face) = [-1] -1.79769e+308 (0)
Solver::NKA_BT_ATS |  4: NKA : error(res) = 7.14081e-05
Solver::NKA_BT_ATS |  4: NKA : L2 error(res) = 1.86151e-05
inverse::GMRES     |  Converged (relative res), itr=3 ||r||=1.77853e-08 ||r0||=1.96058
flow               |  ENorm (Infnorm) of: water_content: 
flow               |    ENorm (face) = [3015] 7.31571e-12 (5.08926e-13)
flow               |    ENorm (cell) = [360] 1.23799e-06 (4.37954e-08)
overland flow      |  ENorm (Infnorm) of: surface-water_content: 
overland flow      |    ENorm (cell) = [61] 4.91252e-07 (1.5857e-08)
overland flow      |    ENorm (boundary_face) = [-1] -1.79769e+308 (0)
Solver::NKA_BT_ATS |  5: NKA : error(res) = 1.23799e-06
Solver::NKA_BT_ATS |  5: NKA : L2 error(res) = 3.13968e-07
inverse::GMRES     |  Converged (relative res), itr=3 ||r||=3.97917e-10 ||r0||=0.0358436
flow               |  ENorm (Infnorm) of: water_content: 
flow               |    ENorm (face) = [2679] 6.2486e-12 (4.41869e-13)
flow               |    ENorm (cell) = [381] 5.49442e-09 (1.94867e-10)
overland flow      |  ENorm (Infnorm) of: surface-water_content: 
overland flow      |    ENorm (cell) = [61] 2.09044e-09 (5.31607e-10)
overland flow      |    ENorm (boundary_face) = [-1] -1.79769e+308 (0)
Solver::NKA_BT_ATS |  6: NKA : error(res) = 5.49442e-09
Solver::NKA_BT_ATS |  6: NKA : L2 error(res) = 1.67107e-09
Solver::NKA_BT_ATS |  Solve succeeded: 6 iterations, error = 5.49442e-09
ATS                |  ================================================================================
ATS                |  
ATS                |  Cycle = 207,  Time [days] = 519,  dt [days] = 1
ATS                |  --------------------------------------------------------------------------------
snow storage       |  ----------------------------------------------------------------
snow storage       |  Advancing: t0 = 4.48416e+07 t1 = 4.4928e+07 h = 86400
snow storage       |  ----------------------------------------------------------------
snow storage       |   ENorm (Infnorm) of: snow-water_content: 
snow storage       |     ENorm (cell) = [0] 0.0043234 (0.00014351)
Solver::NKA_BT_ATS |  0: error(res) = 0.0043234
Solver::NKA_BT_ATS |  0: L2 error(res) = 0.0014351
snow storage       |   ENorm (Infnorm) of: snow-water_content: 
snow storage       |     ENorm (cell) = [0] 2.858e-18 (9.48677e-20)
Solver::NKA_BT_ATS |  1: backtrack 0: error(res) = 2.858e-18
Solver::NKA_BT_ATS |  1: backtrack 0: L2 error(res) = 9.48677e-19
Solver::NKA_BT_ATS |  Solve succeeded: 1 iterations, error = 2.858e-18
surface-subsurface |  ----------------------------------------------------------------
surface-subsurface |  Advancing: t0 = 4.48416e+07 t1 = 4.4928e+07 h = 86400
surface-subsurface |  ----------------------------------------------------------------
flow               |  ENorm (Infnorm) of: water_content: 
flow               |    ENorm (face) = [1776] 0.708413 (0.0247976)
flow               |    ENorm (cell) = [391] 0.235461 (0.00866273)
overland flow      |  ENorm (Infnorm) of: surface-water_content: 
overland flow      |    ENorm (cell) = [61] 0.834757 (0.0275747)
overland flow      |    ENorm (boundary_face) = [-1] -1.79769e+308 (0)
Solver::NKA_BT_ATS |  0: error(res) = 0.834757
Solver::NKA_BT_ATS |  0: L2 error(res) = 0.234978
inverse::GMRES     |  Converged (relative res), itr=4 ||r||=0.00151986 ||r0||=52287.8
flow               |  ENorm (Infnorm) of: water_content: 
flow               |    ENorm (face) = [2514] 0.244557 (0.017208)
flow               |    ENorm (cell) = [420] 0.277558 (0.00980755)
overland flow      |  ENorm (Infnorm) of: surface-water_content: 
overland flow      |    ENorm (cell) = [62] 0.0172027 (0.0159965)
overland flow      |    ENorm (boundary_face) = [-1] -1.79769e+308 (0)
Solver::NKA_BT_ATS |  1: PIC : error(res) = 0.277558
Solver::NKA_BT_ATS |  1: PIC : L2 error(res) = 0.0767948
inverse::GMRES     |  Converged (relative res), itr=3 ||r||=0.0167465 ||r0||=17191.6
flow               |  ENorm (Infnorm) of: water_content: 
flow               |    ENorm (face) = [2514] 3.87863e-09 (2.72915e-10)
flow               |    ENorm (cell) = [400] 0.0523667 (0.00187136)
overland flow      |  ENorm (Infnorm) of: surface-water_content: 
overland flow      |    ENorm (cell) = [62] 2.88459e-06 (2.68232e-06)
overland flow      |    ENorm (boundary_face) = [-1] -1.79769e+308 (0)
Solver::NKA_BT_ATS |  2: backtrack 0: error(res) = 0.0523667
Solver::NKA_BT_ATS |  2: backtrack 0: L2 error(res) = 0.0147843
inverse::GMRES     |  Converged (relative res), itr=3 ||r||=0.000289955 ||r0||=3109.89
flow               |  ENorm (Infnorm) of: water_content: 
flow               |    ENorm (face) = [2888] 7.55181e-12 (5.12923e-13)
flow               |    ENorm (cell) = [391] 0.00243071 (8.69078e-05)
overland flow      |  ENorm (Infnorm) of: surface-water_content: 
overland flow      |    ENorm (cell) = [63] 7.74555e-10 (2.47931e-09)
overland flow      |    ENorm (boundary_face) = [-1] -1.79769e+308 (0)
Solver::NKA_BT_ATS |  3: NKA : error(res) = 0.00243071
Solver::NKA_BT_ATS |  3: NKA : L2 error(res) = 0.000530953
inverse::GMRES     |  Converged (relative res), itr=2 ||r||=8.18096e-05 ||r0||=92.5567
flow               |  ENorm (Infnorm) of: water_content: 
flow               |    ENorm (face) = [3015] 9.36528e-12 (5.70211e-13)
flow               |    ENorm (cell) = [381] 6.65563e-05 (2.40464e-06)
overland flow      |  ENorm (Infnorm) of: surface-water_content: 
overland flow      |    ENorm (cell) = [71] 1.10634e-10 (6.06185e-10)
overland flow      |    ENorm (boundary_face) = [-1] -1.79769e+308 (0)
Solver::NKA_BT_ATS |  4: NKA : error(res) = 6.65563e-05
Solver::NKA_BT_ATS |  4: NKA : L2 error(res) = 1.66796e-05
inverse::GMRES     |  Converged (relative res), itr=2 ||r||=2.35522e-06 ||r0||=3.31894
flow               |  ENorm (Infnorm) of: water_content: 
flow               |    ENorm (face) = [3138] 6.62055e-12 (4.16556e-13)
flow               |    ENorm (cell) = [380] 1.00471e-06 (3.69137e-08)
overland flow      |  ENorm (Infnorm) of: surface-water_content: 
overland flow      |    ENorm (cell) = [74] 8.73064e-11 (4.70964e-10)
overland flow      |    ENorm (boundary_face) = [-1] -1.79769e+308 (0)
Solver::NKA_BT_ATS |  5: NKA : error(res) = 1.00471e-06
Solver::NKA_BT_ATS |  5: NKA : L2 error(res) = 2.43054e-07
inverse::GMRES     |  Converged (relative res), itr=2 ||r||=2.81396e-08 ||r0||=0.0598886
flow               |  ENorm (Infnorm) of: water_content: 
flow               |    ENorm (face) = [3384] 7.42894e-12 (5.42233e-13)
flow               |    ENorm (cell) = [391] 1.34528e-08 (4.85079e-10)
overland flow      |  ENorm (Infnorm) of: surface-water_content: 
overland flow      |    ENorm (cell) = [75] 6.40884e-11 (3.31617e-10)
overland flow      |    ENorm (boundary_face) = [-1] -1.79769e+308 (0)
Solver::NKA_BT_ATS |  6: NKA : error(res) = 1.34528e-08
Solver::NKA_BT_ATS |  6: NKA : L2 error(res) = 3.48443e-09
Solver::NKA_BT_ATS |  Solve succeeded: 6 iterations, error = 1.34528e-08
ATS                |  ================================================================================
ATS                |  
ATS                |  Cycle = 208,  Time [days] = 520,  dt [days] = 1
ATS                |  --------------------------------------------------------------------------------
snow storage       |  ----------------------------------------------------------------
snow storage       |  Advancing: t0 = 4.4928e+07 t1 = 4.50144e+07 h = 86400
snow storage       |  ----------------------------------------------------------------
snow storage       |   ENorm (Infnorm) of: snow-water_content: 
snow storage       |     ENorm (cell) = [0] 0.0111867 (0.000364939)
Solver::NKA_BT_ATS |  0: error(res) = 0.0111867
Solver::NKA_BT_ATS |  0: L2 error(res) = 0.00364939
snow storage       |   ENorm (Infnorm) of: snow-water_content: 
snow storage       |     ENorm (cell) = [0] 8.30865e-19 (2.71051e-20)
Solver::NKA_BT_ATS |  1: backtrack 0: error(res) = 8.30865e-19
Solver::NKA_BT_ATS |  1: backtrack 0: L2 error(res) = 2.71051e-19
Solver::NKA_BT_ATS |  Solve succeeded: 1 iterations, error = 8.30865e-19
surface-subsurface |  ----------------------------------------------------------------
surface-subsurface |  Advancing: t0 = 4.4928e+07 t1 = 4.50144e+07 h = 86400
surface-subsurface |  ----------------------------------------------------------------
flow               |  ENorm (Infnorm) of: water_content: 
flow               |    ENorm (face) = [1776] 0.39086 (0.0126846)
flow               |    ENorm (cell) = [400] 0.312777 (0.0110887)
overland flow      |  ENorm (Infnorm) of: surface-water_content: 
overland flow      |    ENorm (cell) = [80] 0.00528553 (0.00440502)
overland flow      |    ENorm (boundary_face) = [-1] -1.79769e+308 (0)
Solver::NKA_BT_ATS |  0: error(res) = 0.39086
Solver::NKA_BT_ATS |  0: L2 error(res) = 0.126639
inverse::GMRES     |  Converged (relative res), itr=4 ||r||=0.000283287 ||r0||=8955.1
flow               |  ENorm (Infnorm) of: water_content: 
flow               |    ENorm (face) = [1776] 1.18939e-09 (3.86593e-11)
flow               |    ENorm (cell) = [480] 0.0122785 (0.000775555)
overland flow      |  ENorm (Infnorm) of: surface-water_content: 
overland flow      |    ENorm (cell) = [62] 4.34437e-05 (3.96902e-05)
overland flow      |    ENorm (boundary_face) = [-1] -1.79769e+308 (0)
Solver::NKA_BT_ATS |  1: backtrack 0: error(res) = 0.0122785
Solver::NKA_BT_ATS |  1: backtrack 0: L2 error(res) = 0.00223514
inverse::GMRES     |  Converged (relative res), itr=4 ||r||=1.96828e-05 ||r0||=315.999
flow               |  ENorm (Infnorm) of: water_content: 
flow               |    ENorm (face) = [3667] 8.88945e-12 (6.43929e-13)
flow               |    ENorm (cell) = [480] 0.00238346 (8.80656e-05)
overland flow      |  ENorm (Infnorm) of: surface-water_content: 
overland flow      |    ENorm (cell) = [71] 1.22442e-10 (6.68892e-10)
overland flow      |    ENorm (boundary_face) = [-1] -1.79769e+308 (0)
Solver::NKA_BT_ATS |  2: backtrack 0: error(res) = 0.00238346
Solver::NKA_BT_ATS |  2: backtrack 0: L2 error(res) = 0.000140115
inverse::GMRES     |  Converged (relative res), itr=3 ||r||=5.73453e-06 ||r0||=16.1222
flow               |  ENorm (Infnorm) of: water_content: 
flow               |    ENorm (face) = [3175] 7.04881e-12 (4.52527e-13)
flow               |    ENorm (cell) = [480] 5.6648e-06 (2.09306e-07)
overland flow      |  ENorm (Infnorm) of: surface-water_content: 
overland flow      |    ENorm (cell) = [70] 8.68705e-11 (4.62528e-10)
overland flow      |    ENorm (boundary_face) = [-1] -1.79769e+308 (0)
Solver::NKA_BT_ATS |  3: NKA : error(res) = 5.6648e-06
Solver::NKA_BT_ATS |  3: NKA : L2 error(res) = 7.41972e-07
inverse::GMRES     |  Converged (relative res), itr=3 ||r||=3.25823e-08 ||r0||=0.825039
flow               |  ENorm (Infnorm) of: water_content: 
flow               |    ENorm (face) = [3179] 8.18317e-12 (5.25358e-13)
flow               |    ENorm (cell) = [480] 2.16871e-07 (1.76284e-08)
overland flow      |  ENorm (Infnorm) of: surface-water_content: 
overland flow      |    ENorm (cell) = [76] 7.53584e-11 (4.04983e-10)
overland flow      |    ENorm (boundary_face) = [-1] -1.79769e+308 (0)
Solver::NKA_BT_ATS |  4: NKA : error(res) = 2.16871e-07
Solver::NKA_BT_ATS |  4: NKA : L2 error(res) = 2.91004e-08
Solver::NKA_BT_ATS |  Solve succeeded: 4 iterations, error = 2.16871e-07
ATS                |  ================================================================================
ATS                |  
ATS                |  Cycle = 209,  Time [days] = 521,  dt [days] = 1
ATS                |  --------------------------------------------------------------------------------
snow storage       |  ----------------------------------------------------------------
snow storage       |  Advancing: t0 = 4.50144e+07 t1 = 4.51008e+07 h = 86400
snow storage       |  ----------------------------------------------------------------
snow storage       |   ENorm (Infnorm) of: snow-water_content: 
snow storage       |     ENorm (cell) = [0] 0.0107107 (0.000345326)
Solver::NKA_BT_ATS |  0: error(res) = 0.0107107
Solver::NKA_BT_ATS |  0: L2 error(res) = 0.00345326
snow storage       |   ENorm (Infnorm) of: snow-water_content: 
snow storage       |     ENorm (cell) = [0] 2.10174e-19 (6.77626e-21)
Solver::NKA_BT_ATS |  1: backtrack 0: error(res) = 2.10174e-19
Solver::NKA_BT_ATS |  1: backtrack 0: L2 error(res) = 6.77626e-20
Solver::NKA_BT_ATS |  Solve succeeded: 1 iterations, error = 2.10174e-19
surface-subsurface |  ----------------------------------------------------------------
surface-subsurface |  Advancing: t0 = 4.50144e+07 t1 = 4.51008e+07 h = 86400
surface-subsurface |  ----------------------------------------------------------------
flow               |  ENorm (Infnorm) of: water_content: 
flow               |    ENorm (face) = [2514] 0.0175459 (0.00123459)
flow               |    ENorm (cell) = [470] 0.0189866 (0.0013602)
overland flow      |  ENorm (Infnorm) of: surface-water_content: 
overland flow      |    ENorm (cell) = [81] 0.00414924 (0.00364227)
overland flow      |    ENorm (boundary_face) = [-1] -1.79769e+308 (0)
Solver::NKA_BT_ATS |  0: error(res) = 0.0189866
Solver::NKA_BT_ATS |  0: L2 error(res) = 0.0168867
inverse::GMRES     |  Converged (relative res), itr=4 ||r||=0.000130052 ||r0||=3348.8
flow               |  ENorm (Infnorm) of: water_content: 
flow               |    ENorm (face) = [2514] 2.41058e-10 (1.69615e-11)
flow               |    ENorm (cell) = [467] 0.00130369 (0.000117181)
overland flow      |  ENorm (Infnorm) of: surface-water_content: 
overland flow      |    ENorm (cell) = [80] 1.32951e-05 (5.51625e-06)
overland flow      |    ENorm (boundary_face) = [-1] -1.79769e+308 (0)
Solver::NKA_BT_ATS |  1: backtrack 0: error(res) = 0.00130369
Solver::NKA_BT_ATS |  1: backtrack 0: L2 error(res) = 0.000236146
inverse::GMRES     |  Converged (relative res), itr=3 ||r||=7.85536e-05 ||r0||=84.958
flow               |  ENorm (Infnorm) of: water_content: 
flow               |    ENorm (face) = [2843] 7.1352e-12 (4.93383e-13)
flow               |    ENorm (cell) = [311] 2.9801e-05 (1.04731e-06)
overland flow      |  ENorm (Infnorm) of: surface-water_content: 
overland flow      |    ENorm (cell) = [72] 1.20393e-10 (6.62447e-10)
overland flow      |    ENorm (boundary_face) = [-1] -1.79769e+308 (0)
Solver::NKA_BT_ATS |  2: backtrack 0: error(res) = 2.9801e-05
Solver::NKA_BT_ATS |  2: backtrack 0: L2 error(res) = 4.62797e-06
inverse::GMRES     |  Converged (relative res), itr=3 ||r||=3.30454e-07 ||r0||=5.20108
flow               |  ENorm (Infnorm) of: water_content: 
flow               |    ENorm (face) = [3056] 8.51534e-12 (5.22249e-13)
flow               |    ENorm (cell) = [310] 1.55474e-06 (1.67193e-07)
overland flow      |  ENorm (Infnorm) of: surface-water_content: 
overland flow      |    ENorm (cell) = [73] 9.57361e-11 (5.24293e-10)
overland flow      |    ENorm (boundary_face) = [-1] -1.79769e+308 (0)
Solver::NKA_BT_ATS |  3: NKA : error(res) = 1.55474e-06
Solver::NKA_BT_ATS |  3: NKA : L2 error(res) = 3.582e-07
inverse::GMRES     |  Converged (relative res), itr=3 ||r||=5.22445e-09 ||r0||=0.385591
flow               |  ENorm (Infnorm) of: water_content: 
flow               |    ENorm (face) = [2642] 7.35717e-12 (4.76064e-13)
flow               |    ENorm (cell) = [450] 2.36961e-08 (1.46201e-08)
overland flow      |  ENorm (Infnorm) of: surface-water_content: 
overland flow      |    ENorm (cell) = [69] 4.17625e-11 (2.12481e-10)
overland flow      |    ENorm (boundary_face) = [-1] -1.79769e+308 (0)
Solver::NKA_BT_ATS |  4: NKA : error(res) = 2.36961e-08
Solver::NKA_BT_ATS |  4: NKA : L2 error(res) = 2.09067e-08
Solver::NKA_BT_ATS |  Solve succeeded: 4 iterations, error = 2.36961e-08
ATS                |  ================================================================================
ATS                |  
ATS                |  Cycle = 210,  Time [days] = 522,  dt [days] = 1
ATS                |  --------------------------------------------------------------------------------
snow storage       |  ----------------------------------------------------------------
snow storage       |  Advancing: t0 = 4.51008e+07 t1 = 4.51872e+07 h = 86400
snow storage       |  ----------------------------------------------------------------
snow storage       |   ENorm (Infnorm) of: snow-water_content: 
snow storage       |     ENorm (cell) = [0] 0.00595212 (0.000190583)
Solver::NKA_BT_ATS |  0: error(res) = 0.00595212
Solver::NKA_BT_ATS |  0: L2 error(res) = 0.00190583
snow storage       |   ENorm (Infnorm) of: snow-water_content: 
snow storage       |     ENorm (cell) = [0] 2.11631e-19 (6.77626e-21)
Solver::NKA_BT_ATS |  1: backtrack 0: error(res) = 2.11631e-19
Solver::NKA_BT_ATS |  1: backtrack 0: L2 error(res) = 6.77626e-20
Solver::NKA_BT_ATS |  Solve succeeded: 1 iterations, error = 2.11631e-19
surface-subsurface |  ----------------------------------------------------------------
surface-subsurface |  Advancing: t0 = 4.51008e+07 t1 = 4.51872e+07 h = 86400
surface-subsurface |  ----------------------------------------------------------------
flow               |  ENorm (Infnorm) of: water_content: 
flow               |    ENorm (face) = [1735] 0.00182785 (5.41917e-05)
flow               |    ENorm (cell) = [470] 0.00996369 (0.00173709)
overland flow      |  ENorm (Infnorm) of: surface-water_content: 
overland flow      |    ENorm (cell) = [81] 0.00206645 (0.00258277)
overland flow      |    ENorm (boundary_face) = [-1] -1.79769e+308 (0)
Solver::NKA_BT_ATS |  0: error(res) = 0.00996369
Solver::NKA_BT_ATS |  0: L2 error(res) = 0.0117447
inverse::GMRES     |  Converged (relative res), itr=4 ||r||=0.000254812 ||r0||=4711.69
flow               |  ENorm (Infnorm) of: water_content: 
flow               |    ENorm (face) = [1940] 2.60554e-11 (8.69971e-13)
flow               |    ENorm (cell) = [450] 0.000769555 (8.06402e-05)
overland flow      |  ENorm (Infnorm) of: surface-water_content: 
overland flow      |    ENorm (cell) = [62] 1.04022e-05 (9.10131e-06)
overland flow      |    ENorm (boundary_face) = [-1] -1.79769e+308 (0)
Solver::NKA_BT_ATS |  1: backtrack 0: error(res) = 0.000769555
Solver::NKA_BT_ATS |  1: backtrack 0: L2 error(res) = 0.000231169
inverse::GMRES     |  Converged (relative res), itr=3 ||r||=0.000128539 ||r0||=345.269
flow               |  ENorm (Infnorm) of: water_content: 
flow               |    ENorm (face) = [2929] 6.52783e-12 (4.40536e-13)
flow               |    ENorm (cell) = [0] 7.01436e-05 (2.94742e-06)
overland flow      |  ENorm (Infnorm) of: surface-water_content: 
overland flow      |    ENorm (cell) = [84] 2.74654e-10 (3.70096e-10)
overland flow      |    ENorm (boundary_face) = [-1] -1.79769e+308 (0)
Solver::NKA_BT_ATS |  2: backtrack 0: error(res) = 7.01436e-05
Solver::NKA_BT_ATS |  2: backtrack 0: L2 error(res) = 1.61699e-05
inverse::GMRES     |  Converged (relative res), itr=3 ||r||=4.81296e-07 ||r0||=29.4116
flow               |  ENorm (Infnorm) of: water_content: 
flow               |    ENorm (face) = [2929] 8.39083e-12 (5.08038e-13)
flow               |    ENorm (cell) = [0] 6.9004e-06 (2.89954e-07)
overland flow      |  ENorm (Infnorm) of: surface-water_content: 
overland flow      |    ENorm (cell) = [74] 5.44436e-11 (2.907e-10)
overland flow      |    ENorm (boundary_face) = [-1] -1.79769e+308 (0)
Solver::NKA_BT_ATS |  3: NKA : error(res) = 6.9004e-06
Solver::NKA_BT_ATS |  3: NKA : L2 error(res) = 1.47185e-06
inverse::GMRES     |  Converged (relative res), itr=2 ||r||=1.40042e-06 ||r0||=2.64085
flow               |  ENorm (Infnorm) of: water_content: 
flow               |    ENorm (face) = [2970] 7.28072e-12 (4.88498e-13)
flow               |    ENorm (cell) = [420] 6.16527e-08 (2.10058e-09)
overland flow      |  ENorm (Infnorm) of: surface-water_content: 
overland flow      |    ENorm (cell) = [74] 7.31266e-11 (3.90457e-10)
overland flow      |    ENorm (boundary_face) = [-1] -1.79769e+308 (0)
Solver::NKA_BT_ATS |  4: NKA : error(res) = 6.16527e-08
Solver::NKA_BT_ATS |  4: NKA : L2 error(res) = 9.82147e-09
Solver::NKA_BT_ATS |  Solve succeeded: 4 iterations, error = 6.16527e-08
ATS                |  ================================================================================
ATS                |  
ATS                |  Cycle = 211,  Time [days] = 523,  dt [days] = 1
ATS                |  --------------------------------------------------------------------------------
snow storage       |  ----------------------------------------------------------------
snow storage       |  Advancing: t0 = 4.51872e+07 t1 = 4.52736e+07 h = 86400
snow storage       |  ----------------------------------------------------------------
snow storage       |   ENorm (Infnorm) of: snow-water_content: 
snow storage       |     ENorm (cell) = [0] 0.0023195 (7.39983e-05)
Solver::NKA_BT_ATS |  0: error(res) = 0.0023195
Solver::NKA_BT_ATS |  0: L2 error(res) = 0.000739983
snow storage       |   ENorm (Infnorm) of: snow-water_content: 
snow storage       |     ENorm (cell) = [0] 1.59303e-19 (5.0822e-21)
Solver::NKA_BT_ATS |  1: backtrack 0: error(res) = 1.59303e-19
Solver::NKA_BT_ATS |  1: backtrack 0: L2 error(res) = 5.0822e-20
Solver::NKA_BT_ATS |  Solve succeeded: 1 iterations, error = 1.59303e-19
surface-subsurface |  ----------------------------------------------------------------
surface-subsurface |  Advancing: t0 = 4.51872e+07 t1 = 4.52736e+07 h = 86400
surface-subsurface |  ----------------------------------------------------------------
flow               |  ENorm (Infnorm) of: water_content: 
flow               |    ENorm (face) = [1735] 0.00113001 (3.24173e-05)
flow               |    ENorm (cell) = [10] 0.022063 (0.00194634)
overland flow      |  ENorm (Infnorm) of: surface-water_content: 
overland flow      |    ENorm (cell) = [80] 0.00685578 (0.00258301)
overland flow      |    ENorm (boundary_face) = [-1] -1.79769e+308 (0)
Solver::NKA_BT_ATS |  0: error(res) = 0.022063
Solver::NKA_BT_ATS |  0: L2 error(res) = 0.0262437
inverse::GMRES     |  Converged (relative res), itr=3 ||r||=0.0154723 ||r0||=19149.6
flow               |  ENorm (Infnorm) of: water_content: 
flow               |    ENorm (face) = [1776] 3.92969e-10 (1.13327e-11)
flow               |    ENorm (cell) = [459] 0.00330514 (0.00072466)
overland flow      |  ENorm (Infnorm) of: surface-water_content: 
overland flow      |    ENorm (cell) = [80] 0.000343273 (0.000299162)
overland flow      |    ENorm (boundary_face) = [-1] -1.79769e+308 (0)
Solver::NKA_BT_ATS |  1: backtrack 0: error(res) = 0.00330514
Solver::NKA_BT_ATS |  1: backtrack 0: L2 error(res) = 0.00165208
inverse::GMRES     |  Converged (relative res), itr=3 ||r||=0.00064918 ||r0||=1625.97
flow               |  ENorm (Infnorm) of: water_content: 
flow               |    ENorm (face) = [2929] 7.42267e-12 (4.49418e-13)
flow               |    ENorm (cell) = [0] 0.000515796 (2.08547e-05)
overland flow      |  ENorm (Infnorm) of: surface-water_content: 
overland flow      |    ENorm (cell) = [84] 3.55127e-09 (4.61843e-09)
overland flow      |    ENorm (boundary_face) = [-1] -1.79769e+308 (0)
Solver::NKA_BT_ATS |  2: backtrack 0: error(res) = 0.000515796
Solver::NKA_BT_ATS |  2: backtrack 0: L2 error(res) = 0.000107829
inverse::GMRES     |  Converged (relative res), itr=2 ||r||=0.000135589 ||r0||=258.069
flow               |  ENorm (Infnorm) of: water_content: 
flow               |    ENorm (face) = [3138] 9.04154e-12 (5.68878e-13)
flow               |    ENorm (cell) = [0] 9.19043e-05 (3.71588e-06)
overland flow      |  ENorm (Infnorm) of: surface-water_content: 
overland flow      |    ENorm (cell) = [84] 8.28976e-11 (4.07865e-10)
overland flow      |    ENorm (boundary_face) = [-1] -1.79769e+308 (0)
Solver::NKA_BT_ATS |  3: NKA : error(res) = 9.19043e-05
Solver::NKA_BT_ATS |  3: NKA : L2 error(res) = 1.79637e-05
inverse::GMRES     |  Converged (relative res), itr=2 ||r||=7.63826e-06 ||r0||=41.6067
flow               |  ENorm (Infnorm) of: water_content: 
flow               |    ENorm (face) = [2974] 7.50772e-12 (4.7029e-13)
flow               |    ENorm (cell) = [0] 1.21888e-06 (4.92817e-08)
overland flow      |  ENorm (Infnorm) of: surface-water_content: 
overland flow      |    ENorm (cell) = [73] 7.26704e-11 (3.95201e-10)
overland flow      |    ENorm (boundary_face) = [-1] -1.79769e+308 (0)
Solver::NKA_BT_ATS |  4: NKA : error(res) = 1.21888e-06
Solver::NKA_BT_ATS |  4: NKA : L2 error(res) = 1.92091e-07
inverse::GMRES     |  Converged (relative res), itr=2 ||r||=2.28441e-07 ||r0||=0.403382
flow               |  ENorm (Infnorm) of: water_content: 
flow               |    ENorm (face) = [2843] 8.60895e-12 (5.24025e-13)
flow               |    ENorm (cell) = [280] 3.89761e-08 (1.28727e-09)
overland flow      |  ENorm (Infnorm) of: surface-water_content: 
overland flow      |    ENorm (cell) = [70] 9.86293e-11 (5.19531e-10)
overland flow      |    ENorm (boundary_face) = [-1] -1.79769e+308 (0)
Solver::NKA_BT_ATS |  5: NKA : error(res) = 3.89761e-08
Solver::NKA_BT_ATS |  5: NKA : L2 error(res) = 6.75637e-09
Solver::NKA_BT_ATS |  Solve succeeded: 5 iterations, error = 3.89761e-08
ATS                |  ================================================================================
ATS                |  
ATS                |  Cycle = 212,  Time [days] = 524,  dt [days] = 1
ATS                |  --------------------------------------------------------------------------------
snow storage       |  ----------------------------------------------------------------
snow storage       |  Advancing: t0 = 4.52736e+07 t1 = 4.536e+07 h = 86400
snow storage       |  ----------------------------------------------------------------
snow storage       |   ENorm (Infnorm) of: snow-water_content: 
snow storage       |     ENorm (cell) = [0] 0.000952503 (3.03458e-05)
Solver::NKA_BT_ATS |  0: error(res) = 0.000952503
Solver::NKA_BT_ATS |  0: L2 error(res) = 0.000303458
snow storage       |   ENorm (Infnorm) of: snow-water_content: 
snow storage       |     ENorm (cell) = [0] 3.98803e-20 (1.27055e-21)
Solver::NKA_BT_ATS |  1: backtrack 0: error(res) = 3.98803e-20
Solver::NKA_BT_ATS |  1: backtrack 0: L2 error(res) = 1.27055e-20
Solver::NKA_BT_ATS |  Solve succeeded: 1 iterations, error = 3.98803e-20
surface-subsurface |  ----------------------------------------------------------------
surface-subsurface |  Advancing: t0 = 4.52736e+07 t1 = 4.536e+07 h = 86400
surface-subsurface |  ----------------------------------------------------------------
flow               |  ENorm (Infnorm) of: water_content: 
flow               |    ENorm (face) = [1735] 0.00166569 (4.58238e-05)
flow               |    ENorm (cell) = [800] 0.00991737 (0.00163591)
overland flow      |  ENorm (Infnorm) of: surface-water_content: 
overland flow      |    ENorm (cell) = [81] 0.0196257 (0.0115635)
overland flow      |    ENorm (boundary_face) = [-1] -1.79769e+308 (0)
Solver::NKA_BT_ATS |  0: error(res) = 0.0196257
Solver::NKA_BT_ATS |  0: L2 error(res) = 0.0540519
inverse::GMRES     |  Converged (relative res), itr=4 ||r||=0.000422894 ||r0||=4402.83
flow               |  ENorm (Infnorm) of: water_content: 
flow               |    ENorm (face) = [1694] 9.10467e-11 (2.58105e-12)
flow               |    ENorm (cell) = [597] 0.00854371 (0.00126745)
overland flow      |  ENorm (Infnorm) of: surface-water_content: 
overland flow      |    ENorm (cell) = [80] 4.2153e-05 (1.47601e-05)
overland flow      |    ENorm (boundary_face) = [-1] -1.79769e+308 (0)
Solver::NKA_BT_ATS |  1: backtrack 0: error(res) = 0.00854371
Solver::NKA_BT_ATS |  1: backtrack 0: L2 error(res) = 0.00217726
inverse::GMRES     |  Converged (relative res), itr=3 ||r||=0.000409249 ||r0||=533.377
flow               |  ENorm (Infnorm) of: water_content: 
flow               |    ENorm (face) = [3134] 5.44193e-12 (3.4861e-13)
flow               |    ENorm (cell) = [0] 0.000165686 (6.37769e-06)
overland flow      |  ENorm (Infnorm) of: surface-water_content: 
overland flow      |    ENorm (cell) = [63] 1.15556e-09 (3.71947e-09)
overland flow      |    ENorm (boundary_face) = [-1] -1.79769e+308 (0)
Solver::NKA_BT_ATS |  2: backtrack 0: error(res) = 0.000165686
Solver::NKA_BT_ATS |  2: backtrack 0: L2 error(res) = 3.42788e-05
inverse::GMRES     |  Converged (relative res), itr=2 ||r||=2.32877e-05 ||r0||=106.925
flow               |  ENorm (Infnorm) of: water_content: 
flow               |    ENorm (face) = [3507] 7.09633e-12 (5.16032e-13)
flow               |    ENorm (cell) = [0] 3.89372e-05 (1.4988e-06)
overland flow      |  ENorm (Infnorm) of: surface-water_content: 
overland flow      |    ENorm (cell) = [73] 7.84985e-11 (4.24806e-10)
overland flow      |    ENorm (boundary_face) = [-1] -1.79769e+308 (0)
Solver::NKA_BT_ATS |  3: NKA : error(res) = 3.89372e-05
Solver::NKA_BT_ATS |  3: NKA : L2 error(res) = 7.49072e-06
inverse::GMRES     |  Converged (relative res), itr=2 ||r||=2.17985e-06 ||r0||=22.4488
flow               |  ENorm (Infnorm) of: water_content: 
flow               |    ENorm (face) = [2892] 9.13393e-12 (5.53779e-13)
flow               |    ENorm (cell) = [0] 6.4809e-07 (2.49467e-08)
overland flow      |  ENorm (Infnorm) of: surface-water_content: 
overland flow      |    ENorm (cell) = [72] 7.78639e-11 (4.23392e-10)
overland flow      |    ENorm (boundary_face) = [-1] -1.79769e+308 (0)
Solver::NKA_BT_ATS |  4: NKA : error(res) = 6.4809e-07
Solver::NKA_BT_ATS |  4: NKA : L2 error(res) = 1.04042e-07
Solver::NKA_BT_ATS |  Solve succeeded: 4 iterations, error = 6.4809e-07
ATS                |  ================================================================================
ATS                |  
ATS                |  Cycle = 213,  Time [days] = 525,  dt [days] = 1
ATS                |  --------------------------------------------------------------------------------
snow storage       |  ----------------------------------------------------------------
snow storage       |  Advancing: t0 = 4.536e+07 t1 = 4.54464e+07 h = 86400
snow storage       |  ----------------------------------------------------------------
snow storage       |   ENorm (Infnorm) of: snow-water_content: 
snow storage       |     ENorm (cell) = [0] 0.000433427 (1.38014e-05)
Solver::NKA_BT_ATS |  0: error(res) = 0.000433427
Solver::NKA_BT_ATS |  0: L2 error(res) = 0.000138014
snow storage       |   ENorm (Infnorm) of: snow-water_content: 
snow storage       |     ENorm (cell) = [0] 6.65018e-21 (2.11758e-22)
Solver::NKA_BT_ATS |  1: backtrack 0: error(res) = 6.65018e-21
Solver::NKA_BT_ATS |  1: backtrack 0: L2 error(res) = 2.11758e-21
Solver::NKA_BT_ATS |  Solve succeeded: 1 iterations, error = 6.65018e-21
surface-subsurface |  ----------------------------------------------------------------
surface-subsurface |  Advancing: t0 = 4.536e+07 t1 = 4.54464e+07 h = 86400
surface-subsurface |  ----------------------------------------------------------------
flow               |  ENorm (Infnorm) of: water_content: 
flow               |    ENorm (face) = [1694] 0.000683237 (1.80881e-05)
flow               |    ENorm (cell) = [600] 0.00958948 (0.00105627)
overland flow      |  ENorm (Infnorm) of: surface-water_content: 
overland flow      |    ENorm (cell) = [80] 0.00977045 (0.00431725)
overland flow      |    ENorm (boundary_face) = [-1] -1.79769e+308 (0)
Solver::NKA_BT_ATS |  0: error(res) = 0.00977045
Solver::NKA_BT_ATS |  0: L2 error(res) = 0.0127552
inverse::GMRES     |  Converged (relative res), itr=4 ||r||=0.000179083 ||r0||=7661.78
flow               |  ENorm (Infnorm) of: water_content: 
flow               |    ENorm (face) = [1735] 1.53727e-11 (5.06706e-13)
flow               |    ENorm (cell) = [0] 0.00172841 (0.000420733)
overland flow      |  ENorm (Infnorm) of: surface-water_content: 
overland flow      |    ENorm (cell) = [80] 0.000129529 (4.17824e-05)
overland flow      |    ENorm (boundary_face) = [-1] -1.79769e+308 (0)
Solver::NKA_BT_ATS |  1: backtrack 0: error(res) = 0.00172841
Solver::NKA_BT_ATS |  1: backtrack 0: L2 error(res) = 0.000715325
inverse::GMRES     |  Converged (relative res), itr=3 ||r||=0.000290856 ||r0||=1414.11
flow               |  ENorm (Infnorm) of: water_content: 
flow               |    ENorm (face) = [2892] 8.68714e-12 (5.2669e-13)
flow               |    ENorm (cell) = [0] 0.00043241 (1.59429e-05)
overland flow      |  ENorm (Infnorm) of: surface-water_content: 
overland flow      |    ENorm (cell) = [81] 3.11774e-09 (2.05623e-09)
overland flow      |    ENorm (boundary_face) = [-1] -1.79769e+308 (0)
Solver::NKA_BT_ATS |  2: backtrack 0: error(res) = 0.00043241
Solver::NKA_BT_ATS |  2: backtrack 0: L2 error(res) = 8.14217e-05
inverse::GMRES     |  Converged (relative res), itr=2 ||r||=5.76464e-05 ||r0||=306.339
flow               |  ENorm (Infnorm) of: water_content: 
flow               |    ENorm (face) = [2929] 9.50574e-12 (5.7554e-13)
flow               |    ENorm (cell) = [0] 0.000108436 (3.99802e-06)
overland flow      |  ENorm (Infnorm) of: surface-water_content: 
overland flow      |    ENorm (cell) = [73] 1.04366e-10 (5.61909e-10)
overland flow      |    ENorm (boundary_face) = [-1] -1.79769e+308 (0)
Solver::NKA_BT_ATS |  3: NKA : error(res) = 0.000108436
Solver::NKA_BT_ATS |  3: NKA : L2 error(res) = 1.90383e-05
inverse::GMRES     |  Converged (relative res), itr=2 ||r||=4.55466e-06 ||r0||=69.8108
flow               |  ENorm (Infnorm) of: water_content: 
flow               |    ENorm (face) = [3507] 6.90703e-12 (5.02265e-13)
flow               |    ENorm (cell) = [390] 1.59212e-06 (5.55974e-08)
overland flow      |  ENorm (Infnorm) of: surface-water_content: 
overland flow      |    ENorm (cell) = [72] 4.92701e-11 (2.66551e-10)
overland flow      |    ENorm (boundary_face) = [-1] -1.79769e+308 (0)
Solver::NKA_BT_ATS |  4: NKA : error(res) = 1.59212e-06
Solver::NKA_BT_ATS |  4: NKA : L2 error(res) = 2.49911e-07
inverse::GMRES     |  Converged (relative res), itr=2 ||r||=2.40593e-07 ||r0||=0.875074
flow               |  ENorm (Infnorm) of: water_content: 
flow               |    ENorm (face) = [3991] 6.29736e-12 (4.53859e-13)
flow               |    ENorm (cell) = [440] 6.59203e-08 (2.31759e-09)
overland flow      |  ENorm (Infnorm) of: surface-water_content: 
overland flow      |    ENorm (cell) = [73] 1.10551e-10 (5.95213e-10)
overland flow      |    ENorm (boundary_face) = [-1] -1.79769e+308 (0)
Solver::NKA_BT_ATS |  5: NKA : error(res) = 6.59203e-08
Solver::NKA_BT_ATS |  5: NKA : L2 error(res) = 1.07062e-08
Solver::NKA_BT_ATS |  Solve succeeded: 5 iterations, error = 6.59203e-08
ATS                |  ================================================================================
ATS                |  
ATS                |  Cycle = 214,  Time [days] = 526,  dt [days] = 1
ATS                |  --------------------------------------------------------------------------------
snow storage       |  ----------------------------------------------------------------
snow storage       |  Advancing: t0 = 4.54464e+07 t1 = 4.55328e+07 h = 86400
snow storage       |  ----------------------------------------------------------------
snow storage       |   ENorm (Infnorm) of: snow-water_content: 
snow storage       |     ENorm (cell) = [0] 0.000197171 (6.27693e-06)
Solver::NKA_BT_ATS |  0: error(res) = 0.000197171
Solver::NKA_BT_ATS |  0: L2 error(res) = 6.27693e-05
snow storage       |   ENorm (Infnorm) of: snow-water_content: 
snow storage       |     ENorm (cell) = [0] 9.97762e-21 (3.17637e-22)
Solver::NKA_BT_ATS |  1: backtrack 0: error(res) = 9.97762e-21
Solver::NKA_BT_ATS |  1: backtrack 0: L2 error(res) = 3.17637e-21
Solver::NKA_BT_ATS |  Solve succeeded: 1 iterations, error = 9.97762e-21
surface-subsurface |  ----------------------------------------------------------------
surface-subsurface |  Advancing: t0 = 4.54464e+07 t1 = 4.55328e+07 h = 86400
surface-subsurface |  ----------------------------------------------------------------
flow               |  ENorm (Infnorm) of: water_content: 
flow               |    ENorm (face) = [1694] 0.000191419 (4.91765e-06)
flow               |    ENorm (cell) = [1308] 0.00728267 (0.00195444)
overland flow      |  ENorm (Infnorm) of: surface-water_content: 
overland flow      |    ENorm (cell) = [80] 0.0180559 (0.00538214)
overland flow      |    ENorm (boundary_face) = [-1] -1.79769e+308 (0)
Solver::NKA_BT_ATS |  0: error(res) = 0.0180559
Solver::NKA_BT_ATS |  0: L2 error(res) = 0.0209486
inverse::GMRES     |  Converged (relative res), itr=4 ||r||=4.71965e-05 ||r0||=1376.16
flow               |  ENorm (Infnorm) of: water_content: 
flow               |    ENorm (face) = [2761] 6.92238e-12 (4.32987e-13)
flow               |    ENorm (cell) = [537] 0.000420522 (5.64646e-05)
overland flow      |  ENorm (Infnorm) of: surface-water_content: 
overland flow      |    ENorm (cell) = [80] 6.64568e-06 (2.33518e-06)
overland flow      |    ENorm (boundary_face) = [-1] -1.79769e+308 (0)
Solver::NKA_BT_ATS |  1: backtrack 0: error(res) = 0.000420522
Solver::NKA_BT_ATS |  1: backtrack 0: L2 error(res) = 0.000118628
inverse::GMRES     |  Converged (relative res), itr=3 ||r||=7.62064e-06 ||r0||=107.284
flow               |  ENorm (Infnorm) of: water_content: 
flow               |    ENorm (face) = [2851] 8.25865e-12 (5.02709e-13)
flow               |    ENorm (cell) = [0] 4.93998e-05 (1.76405e-06)
overland flow      |  ENorm (Infnorm) of: surface-water_content: 
overland flow      |    ENorm (cell) = [72] 7.25998e-11 (3.90985e-10)
overland flow      |    ENorm (boundary_face) = [-1] -1.79769e+308 (0)
Solver::NKA_BT_ATS |  2: backtrack 0: error(res) = 4.93998e-05
Solver::NKA_BT_ATS |  2: backtrack 0: L2 error(res) = 6.74077e-06
inverse::GMRES     |  Converged (relative res), itr=2 ||r||=5.38738e-06 ||r0||=27.8641
flow               |  ENorm (Infnorm) of: water_content: 
flow               |    ENorm (face) = [2847] 7.47079e-12 (4.55636e-13)
flow               |    ENorm (cell) = [0] 1.3944e-05 (4.97936e-07)
overland flow      |  ENorm (Infnorm) of: surface-water_content: 
overland flow      |    ENorm (cell) = [72] 9.03687e-11 (4.86679e-10)
overland flow      |    ENorm (boundary_face) = [-1] -1.79769e+308 (0)
Solver::NKA_BT_ATS |  3: NKA : error(res) = 1.3944e-05
Solver::NKA_BT_ATS |  3: NKA : L2 error(res) = 1.76792e-06
inverse::GMRES     |  Converged (relative res), itr=2 ||r||=3.18338e-07 ||r0||=7.6242
flow               |  ENorm (Infnorm) of: water_content: 
flow               |    ENorm (face) = [3171] 9.70527e-12 (6.23057e-13)
flow               |    ENorm (cell) = [400] 1.99358e-07 (5.13781e-09)
overland flow      |  ENorm (Infnorm) of: surface-water_content: 
overland flow      |    ENorm (cell) = [76] 8.41932e-11 (4.19791e-10)
overland flow      |    ENorm (boundary_face) = [-1] -1.79769e+308 (0)
Solver::NKA_BT_ATS |  4: NKA : error(res) = 1.99358e-07
Solver::NKA_BT_ATS |  4: NKA : L2 error(res) = 2.16404e-08
Solver::NKA_BT_ATS |  Solve succeeded: 4 iterations, error = 1.99358e-07
ATS                |  ================================================================================
ATS                |  
ATS                |  Cycle = 215,  Time [days] = 527,  dt [days] = 1
ATS                |  --------------------------------------------------------------------------------
snow storage       |  ----------------------------------------------------------------
snow storage       |  Advancing: t0 = 4.55328e+07 t1 = 4.56192e+07 h = 86400
snow storage       |  ----------------------------------------------------------------
snow storage       |   ENorm (Infnorm) of: snow-water_content: 
snow storage       |     ENorm (cell) = [0] 8.96837e-05 (2.85477e-06)
Solver::NKA_BT_ATS |  0: error(res) = 8.96837e-05
Solver::NKA_BT_ATS |  0: L2 error(res) = 2.85477e-05
snow storage       |   ENorm (Infnorm) of: snow-water_content: 
snow storage       |     ENorm (cell) = [0] 1.66312e-21 (5.29396e-23)
Solver::NKA_BT_ATS |  1: backtrack 0: error(res) = 1.66312e-21
Solver::NKA_BT_ATS |  1: backtrack 0: L2 error(res) = 5.29396e-22
Solver::NKA_BT_ATS |  Solve succeeded: 1 iterations, error = 1.66312e-21
surface-subsurface |  ----------------------------------------------------------------
surface-subsurface |  Advancing: t0 = 4.55328e+07 t1 = 4.56192e+07 h = 86400
surface-subsurface |  ----------------------------------------------------------------
flow               |  ENorm (Infnorm) of: water_content: 
flow               |    ENorm (face) = [1694] 9.31841e-05 (2.33038e-06)
flow               |    ENorm (cell) = [1301] 0.00811503 (0.00159587)
overland flow      |  ENorm (Infnorm) of: surface-water_content: 
overland flow      |    ENorm (cell) = [80] 0.0104902 (0.00308867)
overland flow      |    ENorm (boundary_face) = [-1] -1.79769e+308 (0)
Solver::NKA_BT_ATS |  0: error(res) = 0.0104902
Solver::NKA_BT_ATS |  0: L2 error(res) = 0.0102281
inverse::GMRES     |  Converged (relative res), itr=3 ||r||=0.00521296 ||r0||=11215.4
flow               |  ENorm (Infnorm) of: water_content: 
flow               |    ENorm (face) = [1571] 2.23061e-11 (6.20837e-13)
flow               |    ENorm (cell) = [0] 0.00211483 (7.35006e-05)
overland flow      |  ENorm (Infnorm) of: surface-water_content: 
overland flow      |    ENorm (cell) = [80] 8.03579e-05 (2.1995e-05)
overland flow      |    ENorm (boundary_face) = [-1] -1.79769e+308 (0)
Solver::NKA_BT_ATS |  1: backtrack 0: error(res) = 0.00211483
Solver::NKA_BT_ATS |  1: backtrack 0: L2 error(res) = 0.000440795
inverse::GMRES     |  Converged (relative res), itr=3 ||r||=0.000116201 ||r0||=2418.8
flow               |  ENorm (Infnorm) of: water_content: 
flow               |    ENorm (face) = [2720] 7.8755e-12 (4.92939e-13)
flow               |    ENorm (cell) = [0] 0.000590852 (2.0535e-05)
overland flow      |  ENorm (Infnorm) of: surface-water_content: 
overland flow      |    ENorm (cell) = [81] 5.65136e-09 (2.94495e-09)
overland flow      |    ENorm (boundary_face) = [-1] -1.79769e+308 (0)
Solver::NKA_BT_ATS |  2: backtrack 0: error(res) = 0.000590852
Solver::NKA_BT_ATS |  2: backtrack 0: L2 error(res) = 0.000108618
inverse::GMRES     |  Converged (relative res), itr=2 ||r||=4.21159e-05 ||r0||=584.972
flow               |  ENorm (Infnorm) of: water_content: 
flow               |    ENorm (face) = [2888] 1.10312e-11 (6.68798e-13)
flow               |    ENorm (cell) = [0] 0.000166741 (5.79507e-06)
overland flow      |  ENorm (Infnorm) of: surface-water_content: 
overland flow      |    ENorm (cell) = [81] 4.91512e-11 (2.04723e-10)
overland flow      |    ENorm (boundary_face) = [-1] -1.79769e+308 (0)
Solver::NKA_BT_ATS |  3: NKA : error(res) = 0.000166741
Solver::NKA_BT_ATS |  3: NKA : L2 error(res) = 2.8532e-05
inverse::GMRES     |  Converged (relative res), itr=2 ||r||=4.38778e-06 ||r0||=149.603
flow               |  ENorm (Infnorm) of: water_content: 
flow               |    ENorm (face) = [2769] 9.90227e-12 (6.12399e-13)
flow               |    ENorm (cell) = [390] 2.73535e-06 (8.37066e-08)
overland flow      |  ENorm (Infnorm) of: surface-water_content: 
overland flow      |    ENorm (cell) = [74] 3.99949e-11 (2.08699e-10)
overland flow      |    ENorm (boundary_face) = [-1] -1.79769e+308 (0)
Solver::NKA_BT_ATS |  4: NKA : error(res) = 2.73535e-06
Solver::NKA_BT_ATS |  4: NKA : L2 error(res) = 4.16387e-07
inverse::GMRES     |  Converged (relative res), itr=2 ||r||=3.35978e-07 ||r0||=1.98249
flow               |  ENorm (Infnorm) of: water_content: 
flow               |    ENorm (face) = [2720] 8.82624e-12 (5.52447e-13)
flow               |    ENorm (cell) = [0] 1.33189e-07 (6.57679e-09)
overland flow      |  ENorm (Infnorm) of: surface-water_content: 
overland flow      |    ENorm (cell) = [75] 6.27859e-11 (3.13812e-10)
overland flow      |    ENorm (boundary_face) = [-1] -1.79769e+308 (0)
Solver::NKA_BT_ATS |  5: NKA : error(res) = 1.33189e-07
Solver::NKA_BT_ATS |  5: NKA : L2 error(res) = 2.31592e-08
Solver::NKA_BT_ATS |  Solve succeeded: 5 iterations, error = 1.33189e-07
ATS                |  ================================================================================
ATS                |  
ATS                |  Cycle = 216,  Time [days] = 528,  dt [days] = 1
ATS                |  --------------------------------------------------------------------------------
snow storage       |  ----------------------------------------------------------------
snow storage       |  Advancing: t0 = 4.56192e+07 t1 = 4.57056e+07 h = 86400
snow storage       |  ----------------------------------------------------------------
snow storage       |   ENorm (Infnorm) of: snow-water_content: 
snow storage       |     ENorm (cell) = [0] 3.78432e-05 (1.20455e-06)
Solver::NKA_BT_ATS |  0: error(res) = 3.78432e-05
Solver::NKA_BT_ATS |  0: L2 error(res) = 1.20455e-05
snow storage       |   ENorm (Infnorm) of: snow-water_content: 
snow storage       |     ENorm (cell) = [0] 4.5738e-21 (1.45584e-22)
Solver::NKA_BT_ATS |  1: backtrack 0: error(res) = 4.5738e-21
Solver::NKA_BT_ATS |  1: backtrack 0: L2 error(res) = 1.45584e-21
Solver::NKA_BT_ATS |  Solve succeeded: 1 iterations, error = 4.5738e-21
surface-subsurface |  ----------------------------------------------------------------
surface-subsurface |  Advancing: t0 = 4.56192e+07 t1 = 4.57056e+07 h = 86400
surface-subsurface |  ----------------------------------------------------------------
flow               |  ENorm (Infnorm) of: water_content: 
flow               |    ENorm (face) = [1694] 2.60729e-05 (6.39312e-07)
flow               |    ENorm (cell) = [480] 0.0170339 (0.00150807)
overland flow      |  ENorm (Infnorm) of: surface-water_content: 
overland flow      |    ENorm (cell) = [80] 0.0236261 (0.00597879)
overland flow      |    ENorm (boundary_face) = [-1] -1.79769e+308 (0)
Solver::NKA_BT_ATS |  0: error(res) = 0.0236261
Solver::NKA_BT_ATS |  0: L2 error(res) = 0.0310455
inverse::GMRES     |  Converged (relative res), itr=3 ||r||=0.0166902 ||r0||=17749.8
flow               |  ENorm (Infnorm) of: water_content: 
flow               |    ENorm (face) = [1407] 1.44025e-11 (5.16476e-13)
flow               |    ENorm (cell) = [10] 0.00256956 (0.000308212)
overland flow      |  ENorm (Infnorm) of: surface-water_content: 
overland flow      |    ENorm (cell) = [80] 0.00129054 (0.000448513)
overland flow      |    ENorm (boundary_face) = [-1] -1.79769e+308 (0)
Solver::NKA_BT_ATS |  1: backtrack 0: error(res) = 0.00256956
Solver::NKA_BT_ATS |  1: backtrack 0: L2 error(res) = 0.00100077
inverse::GMRES     |  Converged (relative res), itr=3 ||r||=0.00033074 ||r0||=4102.44
flow               |  ENorm (Infnorm) of: water_content: 
flow               |    ENorm (face) = [2814] 7.56644e-12 (4.95604e-13)
flow               |    ENorm (cell) = [0] 0.00112648 (3.8416e-05)
overland flow      |  ENorm (Infnorm) of: surface-water_content: 
overland flow      |    ENorm (cell) = [80] 2.445e-08 (1.27946e-08)
overland flow      |    ENorm (boundary_face) = [-1] -1.79769e+308 (0)
Solver::NKA_BT_ATS |  2: backtrack 0: error(res) = 0.00112648
Solver::NKA_BT_ATS |  2: backtrack 0: L2 error(res) = 0.000223094
inverse::GMRES     |  Converged (relative res), itr=2 ||r||=0.000136869 ||r0||=1446.68
flow               |  ENorm (Infnorm) of: water_content: 
flow               |    ENorm (face) = [3007] 6.7616e-12 (4.11671e-13)
flow               |    ENorm (cell) = [0] 0.00044744 (1.52589e-05)
overland flow      |  ENorm (Infnorm) of: surface-water_content: 
overland flow      |    ENorm (cell) = [81] 2.59621e-10 (2.98841e-10)
overland flow      |    ENorm (boundary_face) = [-1] -1.79769e+308 (0)
Solver::NKA_BT_ATS |  3: NKA : error(res) = 0.00044744
Solver::NKA_BT_ATS |  3: NKA : L2 error(res) = 8.20026e-05
inverse::GMRES     |  Converged (relative res), itr=2 ||r||=1.33657e-05 ||r0||=520.938
flow               |  ENorm (Infnorm) of: water_content: 
flow               |    ENorm (face) = [2884] 6.35802e-12 (3.85469e-13)
flow               |    ENorm (cell) = [400] 1.24589e-05 (4.11467e-07)
overland flow      |  ENorm (Infnorm) of: surface-water_content: 
overland flow      |    ENorm (cell) = [72] 8.42084e-11 (4.49707e-10)
overland flow      |    ENorm (boundary_face) = [-1] -1.79769e+308 (0)
Solver::NKA_BT_ATS |  4: NKA : error(res) = 1.24589e-05
Solver::NKA_BT_ATS |  4: NKA : L2 error(res) = 2.02588e-06
inverse::GMRES     |  Converged (relative res), itr=2 ||r||=1.32804e-06 ||r0||=10.8035
flow               |  ENorm (Infnorm) of: water_content: 
flow               |    ENorm (face) = [2814] 6.85618e-12 (4.20108e-13)
flow               |    ENorm (cell) = [310] 9.53745e-07 (2.5634e-08)
overland flow      |  ENorm (Infnorm) of: surface-water_content: 
overland flow      |    ENorm (cell) = [75] 5.11882e-11 (2.54787e-10)
overland flow      |    ENorm (boundary_face) = [-1] -1.79769e+308 (0)
Solver::NKA_BT_ATS |  5: NKA : error(res) = 9.53745e-07
Solver::NKA_BT_ATS |  5: NKA : L2 error(res) = 1.38739e-07
Solver::NKA_BT_ATS |  Solve succeeded: 5 iterations, error = 9.53745e-07
ATS                |  ================================================================================
ATS                |  
ATS                |  Cycle = 217,  Time [days] = 529,  dt [days] = 1
ATS                |  --------------------------------------------------------------------------------
snow storage       |  ----------------------------------------------------------------
snow storage       |  Advancing: t0 = 4.57056e+07 t1 = 4.5792e+07 h = 86400
snow storage       |  ----------------------------------------------------------------
snow storage       |   ENorm (Infnorm) of: snow-water_content: 
snow storage       |     ENorm (cell) = [0] 1.62619e-05 (5.17608e-07)
Solver::NKA_BT_ATS |  0: error(res) = 1.62619e-05
Solver::NKA_BT_ATS |  0: L2 error(res) = 5.17608e-06
snow storage       |   ENorm (Infnorm) of: snow-water_content: 
snow storage       |     ENorm (cell) = [0] 1.35258e-21 (4.30518e-23)
Solver::NKA_BT_ATS |  1: backtrack 0: error(res) = 1.35258e-21
Solver::NKA_BT_ATS |  1: backtrack 0: L2 error(res) = 4.30518e-22
Solver::NKA_BT_ATS |  Solve succeeded: 1 iterations, error = 1.35258e-21
surface-subsurface |  ----------------------------------------------------------------
surface-subsurface |  Advancing: t0 = 4.57056e+07 t1 = 4.5792e+07 h = 86400
surface-subsurface |  ----------------------------------------------------------------
flow               |  ENorm (Infnorm) of: water_content: 
flow               |    ENorm (face) = [1694] 2.57088e-05 (6.15012e-07)
flow               |    ENorm (cell) = [500] 0.020219 (0.00178277)
overland flow      |  ENorm (Infnorm) of: surface-water_content: 
overland flow      |    ENorm (cell) = [81] 0.0175066 (0.0126831)
overland flow      |    ENorm (boundary_face) = [-1] -1.79769e+308 (0)
Solver::NKA_BT_ATS |  0: error(res) = 0.020219
Solver::NKA_BT_ATS |  0: L2 error(res) = 0.0482215
inverse::GMRES     |  Converged (relative res), itr=4 ||r||=0.00129033 ||r0||=24431.5
flow               |  ENorm (Infnorm) of: water_content: 
flow               |    ENorm (face) = [3499] 7.60344e-12 (5.52891e-13)
flow               |    ENorm (cell) = [603] 0.0115105 (0.00137279)
overland flow      |  ENorm (Infnorm) of: surface-water_content: 
overland flow      |    ENorm (cell) = [62] 0.000193132 (0.000181326)
overland flow      |    ENorm (boundary_face) = [-1] -1.79769e+308 (0)
Solver::NKA_BT_ATS |  1: backtrack 0: error(res) = 0.0115105
Solver::NKA_BT_ATS |  1: backtrack 0: L2 error(res) = 0.00315583
inverse::GMRES     |  Converged (relative res), itr=3 ||r||=0.000683151 ||r0||=5977.69
flow               |  ENorm (Infnorm) of: water_content: 
flow               |    ENorm (face) = [3011] 7.37424e-12 (4.48974e-13)
flow               |    ENorm (cell) = [0] 0.00113602 (3.79172e-05)
overland flow      |  ENorm (Infnorm) of: surface-water_content: 
overland flow      |    ENorm (cell) = [81] 8.88494e-09 (4.27006e-09)
overland flow      |    ENorm (boundary_face) = [-1] -1.79769e+308 (0)
Solver::NKA_BT_ATS |  2: backtrack 0: error(res) = 0.00113602
Solver::NKA_BT_ATS |  2: backtrack 0: L2 error(res) = 0.000220241
inverse::GMRES     |  Converged (relative res), itr=2 ||r||=0.000128297 ||r0||=1592.81
flow               |  ENorm (Infnorm) of: water_content: 
flow               |    ENorm (face) = [3056] 7.47999e-12 (4.94715e-13)
flow               |    ENorm (cell) = [0] 0.000366681 (1.22388e-05)
overland flow      |  ENorm (Infnorm) of: surface-water_content: 
overland flow      |    ENorm (cell) = [81] 8.96122e-11 (3.94188e-10)
overland flow      |    ENorm (boundary_face) = [-1] -1.79769e+308 (0)
Solver::NKA_BT_ATS |  3: NKA : error(res) = 0.000366681
Solver::NKA_BT_ATS |  3: NKA : L2 error(res) = 6.52945e-05
inverse::GMRES     |  Converged (relative res), itr=2 ||r||=1.01626e-05 ||r0||=460.888
flow               |  ENorm (Infnorm) of: water_content: 
flow               |    ENorm (face) = [3749] 6.37359e-12 (4.63185e-13)
flow               |    ENorm (cell) = [400] 8.03684e-06 (1.92804e-07)
overland flow      |  ENorm (Infnorm) of: surface-water_content: 
overland flow      |    ENorm (cell) = [74] 9.69196e-11 (5.01119e-10)
overland flow      |    ENorm (boundary_face) = [-1] -1.79769e+308 (0)
Solver::NKA_BT_ATS |  4: NKA : error(res) = 8.03684e-06
Solver::NKA_BT_ATS |  4: NKA : L2 error(res) = 1.16602e-06
inverse::GMRES     |  Converged (relative res), itr=2 ||r||=9.6563e-07 ||r0||=7.02402
flow               |  ENorm (Infnorm) of: water_content: 
flow               |    ENorm (face) = [2638] 6.05334e-12 (3.91687e-13)
flow               |    ENorm (cell) = [0] 4.95116e-07 (1.65256e-08)
overland flow      |  ENorm (Infnorm) of: surface-water_content: 
overland flow      |    ENorm (cell) = [76] 8.64536e-11 (3.98236e-10)
overland flow      |    ENorm (boundary_face) = [-1] -1.79769e+308 (0)
Solver::NKA_BT_ATS |  5: NKA : error(res) = 4.95116e-07
Solver::NKA_BT_ATS |  5: NKA : L2 error(res) = 7.32488e-08
Solver::NKA_BT_ATS |  Solve succeeded: 5 iterations, error = 4.95116e-07
ATS                |  ================================================================================
ATS                |  
ATS                |  Cycle = 218,  Time [days] = 530,  dt [days] = 1
ATS                |  --------------------------------------------------------------------------------
snow storage       |  ----------------------------------------------------------------
snow storage       |  Advancing: t0 = 4.5792e+07 t1 = 4.58784e+07 h = 86400
snow storage       |  ----------------------------------------------------------------
snow storage       |   ENorm (Infnorm) of: snow-water_content: 
snow storage       |     ENorm (cell) = [0] 1.14453e-20 (3.64297e-22)
Solver::NKA_BT_ATS |  0: error(res) = 1.14453e-20
Solver::NKA_BT_ATS |  0: L2 error(res) = 3.64297e-21
Solver::NKA_BT_ATS |  Solve succeeded: 0 iterations, error = 1.14453e-20
surface-subsurface |  ----------------------------------------------------------------
surface-subsurface |  Advancing: t0 = 4.5792e+07 t1 = 4.58784e+07 h = 86400
surface-subsurface |  ----------------------------------------------------------------
flow               |  ENorm (Infnorm) of: water_content: 
flow               |    ENorm (face) = [1694] 2.19448e-05 (5.17608e-07)
flow               |    ENorm (cell) = [601] 0.0107349 (0.00172667)
overland flow      |  ENorm (Infnorm) of: surface-water_content: 
overland flow      |    ENorm (cell) = [80] 0.0511731 (0.0105738)
overland flow      |    ENorm (boundary_face) = [-1] -1.79769e+308 (0)
Solver::NKA_BT_ATS |  0: error(res) = 0.0511731
Solver::NKA_BT_ATS |  0: L2 error(res) = 0.0473819
inverse::GMRES     |  Converged (relative res), itr=3 ||r||=0.0109254 ||r0||=14958.2
flow               |  ENorm (Infnorm) of: water_content: 
flow               |    ENorm (face) = [1817] 1.81584e-11 (4.98268e-13)
flow               |    ENorm (cell) = [10] 0.00144889 (9.27561e-05)
overland flow      |  ENorm (Infnorm) of: surface-water_content: 
overland flow      |    ENorm (cell) = [80] 3.44891e-05 (3.83764e-05)
overland flow      |    ENorm (boundary_face) = [-1] -1.79769e+308 (0)
Solver::NKA_BT_ATS |  1: backtrack 0: error(res) = 0.00144889
Solver::NKA_BT_ATS |  1: backtrack 0: L2 error(res) = 0.000388249
inverse::GMRES     |  Converged (relative res), itr=3 ||r||=0.000170778 ||r0||=2692.99
flow               |  ENorm (Infnorm) of: water_content: 
flow               |    ENorm (face) = [3052] 7.59592e-12 (4.71179e-13)
flow               |    ENorm (cell) = [0] 0.000369523 (1.21876e-05)
overland flow      |  ENorm (Infnorm) of: surface-water_content: 
overland flow      |    ENorm (cell) = [81] 2.31297e-09 (1.0307e-09)
overland flow      |    ENorm (boundary_face) = [-1] -1.79769e+308 (0)
Solver::NKA_BT_ATS |  2: backtrack 0: error(res) = 0.000369523
Solver::NKA_BT_ATS |  2: backtrack 0: L2 error(res) = 7.39102e-05
inverse::GMRES     |  Converged (relative res), itr=2 ||r||=3.04796e-05 ||r0||=571.687
flow               |  ENorm (Infnorm) of: water_content: 
flow               |    ENorm (face) = [3011] 7.35237e-12 (4.47642e-13)
flow               |    ENorm (cell) = [0] 9.4426e-05 (3.11436e-06)
overland flow      |  ENorm (Infnorm) of: surface-water_content: 
overland flow      |    ENorm (cell) = [70] 4.14447e-11 (2.1125e-10)
overland flow      |    ENorm (boundary_face) = [-1] -1.79769e+308 (0)
Solver::NKA_BT_ATS |  3: NKA : error(res) = 9.4426e-05
Solver::NKA_BT_ATS |  3: NKA : L2 error(res) = 1.72407e-05
inverse::GMRES     |  Converged (relative res), itr=2 ||r||=2.84946e-06 ||r0||=130.834
flow               |  ENorm (Infnorm) of: water_content: 
flow               |    ENorm (face) = [2896] 5.71329e-12 (3.61045e-13)
flow               |    ENorm (cell) = [410] 1.80095e-06 (4.78794e-08)
overland flow      |  ENorm (Infnorm) of: surface-water_content: 
overland flow      |    ENorm (cell) = [75] 4.44036e-11 (2.18951e-10)
overland flow      |    ENorm (boundary_face) = [-1] -1.79769e+308 (0)
Solver::NKA_BT_ATS |  4: NKA : error(res) = 1.80095e-06
Solver::NKA_BT_ATS |  4: NKA : L2 error(res) = 2.96386e-07
inverse::GMRES     |  Converged (relative res), itr=2 ||r||=2.23056e-07 ||r0||=1.79832
flow               |  ENorm (Infnorm) of: water_content: 
flow               |    ENorm (face) = [2970] 6.73878e-12 (4.16556e-13)
flow               |    ENorm (cell) = [350] 8.7926e-08 (2.56269e-09)
overland flow      |  ENorm (Infnorm) of: surface-water_content: 
overland flow      |    ENorm (cell) = [75] 4.44716e-11 (2.19286e-10)
overland flow      |    ENorm (boundary_face) = [-1] -1.79769e+308 (0)
Solver::NKA_BT_ATS |  5: NKA : error(res) = 8.7926e-08
Solver::NKA_BT_ATS |  5: NKA : L2 error(res) = 1.39653e-08
Solver::NKA_BT_ATS |  Solve succeeded: 5 iterations, error = 8.7926e-08
ATS                |  ================================================================================
ATS                |  
ATS                |  Cycle = 219,  Time [days] = 531,  dt [days] = 1
ATS                |  --------------------------------------------------------------------------------
snow storage       |  ----------------------------------------------------------------
snow storage       |  Advancing: t0 = 4.58784e+07 t1 = 4.59648e+07 h = 86400
snow storage       |  ----------------------------------------------------------------
snow storage       |   ENorm (Infnorm) of: snow-water_content: 
snow storage       |     ENorm (cell) = [0] 1.99578e-05 (6.35246e-07)
Solver::NKA_BT_ATS |  0: error(res) = 1.99578e-05
Solver::NKA_BT_ATS |  0: L2 error(res) = 6.35246e-06
snow storage       |   ENorm (Infnorm) of: snow-water_content: 
snow storage       |     ENorm (cell) = [0] 3.74226e-21 (1.19114e-22)
Solver::NKA_BT_ATS |  1: backtrack 0: error(res) = 3.74226e-21
Solver::NKA_BT_ATS |  1: backtrack 0: L2 error(res) = 1.19114e-21
Solver::NKA_BT_ATS |  Solve succeeded: 1 iterations, error = 3.74226e-21
surface-subsurface |  ----------------------------------------------------------------
surface-subsurface |  Advancing: t0 = 4.58784e+07 t1 = 4.59648e+07 h = 86400
surface-subsurface |  ----------------------------------------------------------------
flow               |  ENorm (Infnorm) of: water_content: 
flow               |    ENorm (face) = [1694] 1.41125e-05 (3.30041e-07)
flow               |    ENorm (cell) = [440] 0.00590573 (0.00115577)
overland flow      |  ENorm (Infnorm) of: surface-water_content: 
overland flow      |    ENorm (cell) = [80] 0.03608 (0.00693142)
overland flow      |    ENorm (boundary_face) = [-1] -1.79769e+308 (0)
Solver::NKA_BT_ATS |  0: error(res) = 0.03608
Solver::NKA_BT_ATS |  0: L2 error(res) = 0.0315995
inverse::GMRES     |  Converged (relative res), itr=3 ||r||=0.00452748 ||r0||=12853.6
flow               |  ENorm (Infnorm) of: water_content: 
flow               |    ENorm (face) = [2843] 7.01128e-12 (4.60965e-13)
flow               |    ENorm (cell) = [10] 0.000766803 (2.50545e-05)
overland flow      |  ENorm (Infnorm) of: surface-water_content: 
overland flow      |    ENorm (cell) = [80] 0.000318063 (8.78398e-05)
overland flow      |    ENorm (boundary_face) = [-1] -1.79769e+308 (0)
Solver::NKA_BT_ATS |  1: backtrack 0: error(res) = 0.000766803
Solver::NKA_BT_ATS |  1: backtrack 0: L2 error(res) = 0.000233402
inverse::GMRES     |  Converged (relative res), itr=3 ||r||=9.62379e-05 ||r0||=1598.93
flow               |  ENorm (Infnorm) of: water_content: 
flow               |    ENorm (face) = [3421] 6.58606e-12 (4.8006e-13)
flow               |    ENorm (cell) = [0] 0.000146766 (4.80629e-06)
overland flow      |  ENorm (Infnorm) of: surface-water_content: 
overland flow      |    ENorm (cell) = [81] 2.64282e-09 (1.14652e-09)
overland flow      |    ENorm (boundary_face) = [-1] -1.79769e+308 (0)
Solver::NKA_BT_ATS |  2: backtrack 0: error(res) = 0.000146766
Solver::NKA_BT_ATS |  2: backtrack 0: L2 error(res) = 3.05526e-05
inverse::GMRES     |  Converged (relative res), itr=2 ||r||=1.3134e-05 ||r0||=245.381
flow               |  ENorm (Infnorm) of: water_content: 
flow               |    ENorm (face) = [3093] 6.66951e-12 (4.61853e-13)
flow               |    ENorm (cell) = [0] 2.77478e-05 (9.08683e-07)
overland flow      |  ENorm (Infnorm) of: surface-water_content: 
overland flow      |    ENorm (cell) = [72] 7.31808e-11 (3.86346e-10)
overland flow      |    ENorm (boundary_face) = [-1] -1.79769e+308 (0)
Solver::NKA_BT_ATS |  3: NKA : error(res) = 2.77478e-05
Solver::NKA_BT_ATS |  3: NKA : L2 error(res) = 5.20154e-06
inverse::GMRES     |  Converged (relative res), itr=2 ||r||=9.6319e-07 ||r0||=41.1652
flow               |  ENorm (Infnorm) of: water_content: 
flow               |    ENorm (face) = [3786] 7.71762e-12 (5.57776e-13)
flow               |    ENorm (cell) = [420] 4.62892e-07 (1.26243e-08)
overland flow      |  ENorm (Infnorm) of: surface-water_content: 
overland flow      |    ENorm (cell) = [72] 6.40592e-11 (3.3819e-10)
overland flow      |    ENorm (boundary_face) = [-1] -1.79769e+308 (0)
Solver::NKA_BT_ATS |  4: NKA : error(res) = 4.62892e-07
Solver::NKA_BT_ATS |  4: NKA : L2 error(res) = 8.02373e-08
Solver::NKA_BT_ATS |  Solve succeeded: 4 iterations, error = 4.62892e-07
ATS                |  ================================================================================
ATS                |  
ATS                |  Cycle = 220,  Time [days] = 532,  dt [days] = 1
ATS                |  --------------------------------------------------------------------------------
snow storage       |  ----------------------------------------------------------------
snow storage       |  Advancing: t0 = 4.59648e+07 t1 = 4.60512e+07 h = 86400
snow storage       |  ----------------------------------------------------------------
snow storage       |   ENorm (Infnorm) of: snow-water_content: 
snow storage       |     ENorm (cell) = [0] 9.32879e-06 (2.96927e-07)
Solver::NKA_BT_ATS |  0: error(res) = 9.32879e-06
Solver::NKA_BT_ATS |  0: L2 error(res) = 2.96927e-06
snow storage       |   ENorm (Infnorm) of: snow-water_content: 
snow storage       |     ENorm (cell) = [0] 0 (0)
Solver::NKA_BT_ATS |  1: backtrack 0: error(res) = 0
Solver::NKA_BT_ATS |  1: backtrack 0: L2 error(res) = 0
Solver::NKA_BT_ATS |  Solve succeeded: 1 iterations, error = 0
surface-subsurface |  ----------------------------------------------------------------
surface-subsurface |  Advancing: t0 = 4.59648e+07 t1 = 4.60512e+07 h = 86400
surface-subsurface |  ----------------------------------------------------------------
flow               |  ENorm (Infnorm) of: water_content: 
flow               |    ENorm (face) = [1694] 1.98826e-05 (4.63013e-07)
flow               |    ENorm (cell) = [480] 0.027068 (0.00178698)
overland flow      |  ENorm (Infnorm) of: surface-water_content: 
overland flow      |    ENorm (cell) = [80] 0.0304777 (0.00555247)
overland flow      |    ENorm (boundary_face) = [-1] -1.79769e+308 (0)
Solver::NKA_BT_ATS |  0: error(res) = 0.0304777
Solver::NKA_BT_ATS |  0: L2 error(res) = 0.0400622
inverse::GMRES     |  Converged (relative res), itr=3 ||r||=0.0210432 ||r0||=26001.3
flow               |  ENorm (Infnorm) of: water_content: 
flow               |    ENorm (face) = [1530] 1.18346e-11 (4.2899e-13)
flow               |    ENorm (cell) = [10] 0.00215382 (0.000102695)
overland flow      |  ENorm (Infnorm) of: surface-water_content: 
overland flow      |    ENorm (cell) = [80] 0.00514754 (0.00122661)
overland flow      |    ENorm (boundary_face) = [-1] -1.79769e+308 (0)
Solver::NKA_BT_ATS |  1: backtrack 0: error(res) = 0.00514754
Solver::NKA_BT_ATS |  1: backtrack 0: L2 error(res) = 0.00169155
inverse::GMRES     |  Converged (relative res), itr=3 ||r||=0.000485668 ||r0||=4755.01
flow               |  ENorm (Infnorm) of: water_content: 
flow               |    ENorm (face) = [2933] 9.20502e-12 (5.57332e-13)
flow               |    ENorm (cell) = [10] 0.000794338 (2.58747e-05)
overland flow      |  ENorm (Infnorm) of: surface-water_content: 
overland flow      |    ENorm (cell) = [80] 4.10446e-07 (8.49918e-08)
overland flow      |    ENorm (boundary_face) = [-1] -1.79769e+308 (0)
Solver::NKA_BT_ATS |  2: backtrack 0: error(res) = 0.000794338
Solver::NKA_BT_ATS |  2: backtrack 0: L2 error(res) = 0.000166514
inverse::GMRES     |  Converged (relative res), itr=2 ||r||=0.000122555 ||r0||=1433.52
flow               |  ENorm (Infnorm) of: water_content: 
flow               |    ENorm (face) = [2806] 7.00855e-12 (4.67182e-13)
flow               |    ENorm (cell) = [0] 0.000269001 (8.77603e-06)
overland flow      |  ENorm (Infnorm) of: surface-water_content: 
overland flow      |    ENorm (cell) = [81] 3.16574e-10 (3.76128e-10)
overland flow      |    ENorm (boundary_face) = [-1] -1.79769e+308 (0)
Solver::NKA_BT_ATS |  3: NKA : error(res) = 0.000269001
Solver::NKA_BT_ATS |  3: NKA : L2 error(res) = 5.18578e-05
inverse::GMRES     |  Converged (relative res), itr=2 ||r||=9.52123e-06 ||r0||=442.639
flow               |  ENorm (Infnorm) of: water_content: 
flow               |    ENorm (face) = [3056] 7.4438e-12 (4.56524e-13)
flow               |    ENorm (cell) = [410] 7.42059e-06 (2.01613e-07)
overland flow      |  ENorm (Infnorm) of: surface-water_content: 
overland flow      |    ENorm (cell) = [81] 8.46578e-11 (3.36959e-10)
overland flow      |    ENorm (boundary_face) = [-1] -1.79769e+308 (0)
Solver::NKA_BT_ATS |  4: NKA : error(res) = 7.42059e-06
Solver::NKA_BT_ATS |  4: NKA : L2 error(res) = 1.23946e-06
inverse::GMRES     |  Converged (relative res), itr=2 ||r||=8.22503e-07 ||r0||=8.36893
flow               |  ENorm (Infnorm) of: water_content: 
flow               |    ENorm (face) = [2966] 8.15987e-12 (4.94715e-13)
flow               |    ENorm (cell) = [350] 5.05806e-07 (1.23457e-08)
overland flow      |  ENorm (Infnorm) of: surface-water_content: 
overland flow      |    ENorm (cell) = [71] 8.93263e-11 (4.65501e-10)
overland flow      |    ENorm (boundary_face) = [-1] -1.79769e+308 (0)
Solver::NKA_BT_ATS |  5: NKA : error(res) = 5.05806e-07
Solver::NKA_BT_ATS |  5: NKA : L2 error(res) = 7.16845e-08
Solver::NKA_BT_ATS |  Solve succeeded: 5 iterations, error = 5.05806e-07
ATS                |  ================================================================================
ATS                |  
ATS                |  Cycle = 221,  Time [days] = 533,  dt [days] = 1
ATS                |  --------------------------------------------------------------------------------
snow storage       |  ----------------------------------------------------------------
snow storage       |  Advancing: t0 = 4.60512e+07 t1 = 4.61376e+07 h = 86400
snow storage       |  ----------------------------------------------------------------
snow storage       |   ENorm (Infnorm) of: snow-water_content: 
snow storage       |     ENorm (cell) = [0] 5.0215e-06 (1.59829e-07)
Solver::NKA_BT_ATS |  0: error(res) = 5.0215e-06
Solver::NKA_BT_ATS |  0: L2 error(res) = 1.59829e-06
snow storage       |   ENorm (Infnorm) of: snow-water_content: 
snow storage       |     ENorm (cell) = [0] 1.24744e-21 (3.97047e-23)
Solver::NKA_BT_ATS |  1: backtrack 0: error(res) = 1.24744e-21
Solver::NKA_BT_ATS |  1: backtrack 0: L2 error(res) = 3.97047e-22
Solver::NKA_BT_ATS |  Solve succeeded: 1 iterations, error = 1.24744e-21
surface-subsurface |  ----------------------------------------------------------------
surface-subsurface |  Advancing: t0 = 4.60512e+07 t1 = 4.61376e+07 h = 86400
surface-subsurface |  ----------------------------------------------------------------
flow               |  ENorm (Infnorm) of: water_content: 
flow               |    ENorm (face) = [1694] 1.05006e-06 (2.41566e-08)
flow               |    ENorm (cell) = [600] 0.0092528 (0.00255532)
overland flow      |  ENorm (Infnorm) of: surface-water_content: 
overland flow      |    ENorm (cell) = [81] 0.0332594 (0.0156348)
overland flow      |    ENorm (boundary_face) = [-1] -1.79769e+308 (0)
Solver::NKA_BT_ATS |  0: error(res) = 0.0332594
Solver::NKA_BT_ATS |  0: L2 error(res) = 0.0592378
inverse::GMRES     |  Converged (relative res), itr=4 ||r||=0.00030373 ||r0||=8301.62
flow               |  ENorm (Infnorm) of: water_content: 
flow               |    ENorm (face) = [3089] 7.57224e-12 (4.69402e-13)
flow               |    ENorm (cell) = [601] 0.00248403 (0.000330317)
overland flow      |  ENorm (Infnorm) of: surface-water_content: 
overland flow      |    ENorm (cell) = [80] 0.00307624 (0.000523098)
overland flow      |    ENorm (boundary_face) = [-1] -1.79769e+308 (0)
Solver::NKA_BT_ATS |  1: backtrack 0: error(res) = 0.00307624
Solver::NKA_BT_ATS |  1: backtrack 0: L2 error(res) = 0.000999706
inverse::GMRES     |  Converged (relative res), itr=3 ||r||=0.000150537 ||r0||=1211.52
flow               |  ENorm (Infnorm) of: water_content: 
flow               |    ENorm (face) = [3458] 6.12458e-12 (4.45866e-13)
flow               |    ENorm (cell) = [420] 0.000222623 (5.1412e-06)
overland flow      |  ENorm (Infnorm) of: surface-water_content: 
overland flow      |    ENorm (cell) = [80] 9.55972e-08 (2.48717e-08)
overland flow      |    ENorm (boundary_face) = [-1] -1.79769e+308 (0)
Solver::NKA_BT_ATS |  2: backtrack 0: error(res) = 0.000222623
Solver::NKA_BT_ATS |  2: backtrack 0: L2 error(res) = 4.15784e-05
inverse::GMRES     |  Converged (relative res), itr=2 ||r||=6.17034e-05 ||r0||=340.563
flow               |  ENorm (Infnorm) of: water_content: 
flow               |    ENorm (face) = [3954] 6.97796e-12 (5.03153e-13)
flow               |    ENorm (cell) = [400] 6.15675e-05 (1.58319e-06)
overland flow      |  ENorm (Infnorm) of: surface-water_content: 
overland flow      |    ENorm (cell) = [81] 2.0134e-10 (3.15003e-10)
overland flow      |    ENorm (boundary_face) = [-1] -1.79769e+308 (0)
Solver::NKA_BT_ATS |  3: NKA : error(res) = 6.15675e-05
Solver::NKA_BT_ATS |  3: NKA : L2 error(res) = 1.27568e-05
inverse::GMRES     |  Converged (relative res), itr=2 ||r||=4.99885e-06 ||r0||=116.027
flow               |  ENorm (Infnorm) of: water_content: 
flow               |    ENorm (face) = [2925] 1.04448e-11 (6.32383e-13)
flow               |    ENorm (cell) = [430] 4.53977e-06 (1.06655e-07)
overland flow      |  ENorm (Infnorm) of: surface-water_content: 
overland flow      |    ENorm (cell) = [81] 5.14128e-11 (1.75759e-10)
overland flow      |    ENorm (boundary_face) = [-1] -1.79769e+308 (0)
Solver::NKA_BT_ATS |  4: NKA : error(res) = 4.53977e-06
Solver::NKA_BT_ATS |  4: NKA : L2 error(res) = 7.88751e-07
inverse::GMRES     |  Converged (relative res), itr=2 ||r||=5.5626e-07 ||r0||=4.84208
flow               |  ENorm (Infnorm) of: water_content: 
flow               |    ENorm (face) = [2937] 7.31262e-12 (5.00044e-13)
flow               |    ENorm (cell) = [400] 3.46081e-07 (1.21535e-08)
overland flow      |  ENorm (Infnorm) of: surface-water_content: 
overland flow      |    ENorm (cell) = [70] 7.11949e-11 (3.59775e-10)
overland flow      |    ENorm (boundary_face) = [-1] -1.79769e+308 (0)
Solver::NKA_BT_ATS |  5: NKA : error(res) = 3.46081e-07
Solver::NKA_BT_ATS |  5: NKA : L2 error(res) = 4.97659e-08
Solver::NKA_BT_ATS |  Solve succeeded: 5 iterations, error = 3.46081e-07
ATS                |  ================================================================================
ATS                |  
ATS                |  Cycle = 222,  Time [days] = 534,  dt [days] = 1
ATS                |  --------------------------------------------------------------------------------
snow storage       |  ----------------------------------------------------------------
snow storage       |  Advancing: t0 = 4.61376e+07 t1 = 4.6224e+07 h = 86400
snow storage       |  ----------------------------------------------------------------
snow storage       |   ENorm (Infnorm) of: snow-water_content: 
snow storage       |     ENorm (cell) = [0] 2.24877e-06 (7.15757e-08)
Solver::NKA_BT_ATS |  0: error(res) = 2.24877e-06
Solver::NKA_BT_ATS |  0: L2 error(res) = 7.15757e-07
snow storage       |   ENorm (Infnorm) of: snow-water_content: 
snow storage       |     ENorm (cell) = [0] 2.07908e-22 (6.61744e-24)
Solver::NKA_BT_ATS |  1: backtrack 0: error(res) = 2.07908e-22
Solver::NKA_BT_ATS |  1: backtrack 0: L2 error(res) = 6.61744e-23
Solver::NKA_BT_ATS |  Solve succeeded: 1 iterations, error = 2.07908e-22
surface-subsurface |  ----------------------------------------------------------------
surface-subsurface |  Advancing: t0 = 4.61376e+07 t1 = 4.6224e+07 h = 86400
surface-subsurface |  ----------------------------------------------------------------
flow               |  ENorm (Infnorm) of: water_content: 
flow               |    ENorm (face) = [1694] 2.64627e-06 (6.00853e-08)
flow               |    ENorm (cell) = [1288] 0.00613924 (0.00280594)
overland flow      |  ENorm (Infnorm) of: surface-water_content: 
overland flow      |    ENorm (cell) = [80] 0.0489997 (0.0156993)
overland flow      |    ENorm (boundary_face) = [-1] -1.79769e+308 (0)
Solver::NKA_BT_ATS |  0: error(res) = 0.0489997
Solver::NKA_BT_ATS |  0: L2 error(res) = 0.0298744
inverse::GMRES     |  Converged (relative res), itr=3 ||r||=0.00426042 ||r0||=4335.25
flow               |  ENorm (Infnorm) of: water_content: 
flow               |    ENorm (face) = [3220] 8.23642e-12 (5.44009e-13)
flow               |    ENorm (cell) = [1357] 0.000720734 (0.000223223)
overland flow      |  ENorm (Infnorm) of: surface-water_content: 
overland flow      |    ENorm (cell) = [80] 0.001302 (0.000182232)
overland flow      |    ENorm (boundary_face) = [-1] -1.79769e+308 (0)
Solver::NKA_BT_ATS |  1: backtrack 0: error(res) = 0.001302
Solver::NKA_BT_ATS |  1: backtrack 0: L2 error(res) = 0.000521982
inverse::GMRES     |  Converged (relative res), itr=2 ||r||=0.00151991 ||r0||=1520.65
flow               |  ENorm (Infnorm) of: water_content: 
flow               |    ENorm (face) = [3007] 7.79012e-12 (4.74287e-13)
flow               |    ENorm (cell) = [0] 0.000286209 (9.17541e-06)
overland flow      |  ENorm (Infnorm) of: surface-water_content: 
overland flow      |    ENorm (cell) = [81] 6.44792e-08 (3.48311e-08)
overland flow      |    ENorm (boundary_face) = [-1] -1.79769e+308 (0)
Solver::NKA_BT_ATS |  2: backtrack 0: error(res) = 0.000286209
Solver::NKA_BT_ATS |  2: backtrack 0: L2 error(res) = 6.30186e-05
inverse::GMRES     |  Converged (relative res), itr=2 ||r||=2.73296e-05 ||r0||=588.629
flow               |  ENorm (Infnorm) of: water_content: 
flow               |    ENorm (face) = [3015] 8.94972e-12 (5.44897e-13)
flow               |    ENorm (cell) = [0] 0.000120244 (3.85483e-06)
overland flow      |  ENorm (Infnorm) of: surface-water_content: 
overland flow      |    ENorm (cell) = [72] 7.29636e-11 (3.81372e-10)
overland flow      |    ENorm (boundary_face) = [-1] -1.79769e+308 (0)
Solver::NKA_BT_ATS |  3: NKA : error(res) = 0.000120244
Solver::NKA_BT_ATS |  3: NKA : L2 error(res) = 2.43831e-05
inverse::GMRES     |  Converged (relative res), itr=2 ||r||=4.57859e-06 ||r0||=231.399
flow               |  ENorm (Infnorm) of: water_content: 
flow               |    ENorm (face) = [2884] 7.31764e-12 (4.94715e-13)
flow               |    ENorm (cell) = [390] 2.40827e-06 (5.52582e-08)
overland flow      |  ENorm (Infnorm) of: surface-water_content: 
overland flow      |    ENorm (cell) = [73] 6.9857e-11 (3.63321e-10)
overland flow      |    ENorm (boundary_face) = [-1] -1.79769e+308 (0)
Solver::NKA_BT_ATS |  4: NKA : error(res) = 2.40827e-06
Solver::NKA_BT_ATS |  4: NKA : L2 error(res) = 3.84614e-07
inverse::GMRES     |  Converged (relative res), itr=2 ||r||=2.64677e-07 ||r0||=3.24581
flow               |  ENorm (Infnorm) of: water_content: 
flow               |    ENorm (face) = [3138] 6.5501e-12 (4.17444e-13)
flow               |    ENorm (cell) = [330] 1.1663e-07 (3.2415e-09)
overland flow      |  ENorm (Infnorm) of: surface-water_content: 
overland flow      |    ENorm (cell) = [73] 7.05915e-11 (3.67141e-10)
overland flow      |    ENorm (boundary_face) = [-1] -1.79769e+308 (0)
Solver::NKA_BT_ATS |  5: NKA : error(res) = 1.1663e-07
Solver::NKA_BT_ATS |  5: NKA : L2 error(res) = 2.24752e-08
Solver::NKA_BT_ATS |  Solve succeeded: 5 iterations, error = 1.1663e-07
ATS                |  ================================================================================
ATS                |  
ATS                |  Cycle = 223,  Time [days] = 535,  dt [days] = 1
ATS                |  --------------------------------------------------------------------------------
snow storage       |  ----------------------------------------------------------------
snow storage       |  Advancing: t0 = 4.6224e+07 t1 = 4.63104e+07 h = 86400
snow storage       |  ----------------------------------------------------------------
snow storage       |   ENorm (Infnorm) of: snow-water_content: 
snow storage       |     ENorm (cell) = [0] 1.00706e-06 (3.20536e-08)
Solver::NKA_BT_ATS |  0: error(res) = 1.00706e-06
Solver::NKA_BT_ATS |  0: L2 error(res) = 3.20536e-07
snow storage       |   ENorm (Infnorm) of: snow-water_content: 
snow storage       |     ENorm (cell) = [0] 1.03954e-22 (3.30872e-24)
Solver::NKA_BT_ATS |  1: backtrack 0: error(res) = 1.03954e-22
Solver::NKA_BT_ATS |  1: backtrack 0: L2 error(res) = 3.30872e-23
Solver::NKA_BT_ATS |  Solve succeeded: 1 iterations, error = 1.03954e-22
surface-subsurface |  ----------------------------------------------------------------
surface-subsurface |  Advancing: t0 = 4.6224e+07 t1 = 4.63104e+07 h = 86400
surface-subsurface |  ----------------------------------------------------------------
flow               |  ENorm (Infnorm) of: water_content: 
flow               |    ENorm (face) = [1694] 1.26061e-06 (2.82998e-08)
flow               |    ENorm (cell) = [500] 0.00869686 (0.00119621)
overland flow      |  ENorm (Infnorm) of: surface-water_content: 
overland flow      |    ENorm (cell) = [80] 0.137281 (0.0185583)
overland flow      |    ENorm (boundary_face) = [-1] -1.79769e+308 (0)
Solver::NKA_BT_ATS |  0: error(res) = 0.137281
Solver::NKA_BT_ATS |  0: L2 error(res) = 0.0265985
inverse::GMRES     |  Converged (relative res), itr=3 ||r||=0.00233699 ||r0||=11459.6
flow               |  ENorm (Infnorm) of: water_content: 
flow               |    ENorm (face) = [3011] 8.11829e-12 (4.94271e-13)
flow               |    ENorm (cell) = [430] 0.00107539 (3.04664e-05)
overland flow      |  ENorm (Infnorm) of: surface-water_content: 
overland flow      |    ENorm (cell) = [80] 0.00913935 (0.00106104)
overland flow      |    ENorm (boundary_face) = [-1] -1.79769e+308 (0)
Solver::NKA_BT_ATS |  1: backtrack 0: error(res) = 0.00913935
Solver::NKA_BT_ATS |  1: backtrack 0: L2 error(res) = 0.00149339
inverse::GMRES     |  Converged (relative res), itr=3 ||r||=0.000183953 ||r0||=2918.17
flow               |  ENorm (Infnorm) of: water_content: 
flow               |    ENorm (face) = [3097] 6.89156e-12 (4.72067e-13)
flow               |    ENorm (cell) = [10] 0.000354129 (1.12341e-05)
overland flow      |  ENorm (Infnorm) of: surface-water_content: 
overland flow      |    ENorm (cell) = [80] 1.84723e-06 (2.14455e-07)
overland flow      |    ENorm (boundary_face) = [-1] -1.79769e+308 (0)
Solver::NKA_BT_ATS |  2: backtrack 0: error(res) = 0.000354129
Solver::NKA_BT_ATS |  2: backtrack 0: L2 error(res) = 9.57249e-05
inverse::GMRES     |  Converged (relative res), itr=2 ||r||=5.75934e-05 ||r0||=904.983
flow               |  ENorm (Infnorm) of: water_content: 
flow               |    ENorm (face) = [2642] 8.58583e-12 (5.55556e-13)
flow               |    ENorm (cell) = [10] 0.000130814 (4.15289e-06)
overland flow      |  ENorm (Infnorm) of: surface-water_content: 
overland flow      |    ENorm (cell) = [74] 1.02464e-10 (5.18443e-10)
overland flow      |    ENorm (boundary_face) = [-1] -1.79769e+308 (0)
Solver::NKA_BT_ATS |  3: NKA : error(res) = 0.000130814
Solver::NKA_BT_ATS |  3: NKA : L2 error(res) = 3.09433e-05
inverse::GMRES     |  Converged (relative res), itr=2 ||r||=7.85611e-06 ||r0||=300.467
flow               |  ENorm (Infnorm) of: water_content: 
flow               |    ENorm (face) = [2683] 6.72398e-12 (4.53415e-13)
flow               |    ENorm (cell) = [430] 4.72179e-06 (1.07839e-07)
overland flow      |  ENorm (Infnorm) of: surface-water_content: 
overland flow      |    ENorm (cell) = [69] 6.00114e-11 (2.87343e-10)
overland flow      |    ENorm (boundary_face) = [-1] -1.79769e+308 (0)
Solver::NKA_BT_ATS |  4: NKA : error(res) = 4.72179e-06
Solver::NKA_BT_ATS |  4: NKA : L2 error(res) = 9.62797e-07
inverse::GMRES     |  Converged (relative res), itr=2 ||r||=6.53826e-07 ||r0||=6.64741
flow               |  ENorm (Infnorm) of: water_content: 
flow               |    ENorm (face) = [2564] 9.57243e-12 (6.50591e-13)
flow               |    ENorm (cell) = [390] 2.66487e-07 (6.09363e-09)
overland flow      |  ENorm (Infnorm) of: surface-water_content: 
overland flow      |    ENorm (cell) = [71] 8.46882e-11 (4.35683e-10)
overland flow      |    ENorm (boundary_face) = [-1] -1.79769e+308 (0)
Solver::NKA_BT_ATS |  5: NKA : error(res) = 2.66487e-07
Solver::NKA_BT_ATS |  5: NKA : L2 error(res) = 5.01796e-08
Solver::NKA_BT_ATS |  Solve succeeded: 5 iterations, error = 2.66487e-07
ATS                |  ================================================================================
ATS                |  
ATS                |  Cycle = 224,  Time [days] = 536,  dt [days] = 1
ATS                |  --------------------------------------------------------------------------------
snow storage       |  ----------------------------------------------------------------
snow storage       |  Advancing: t0 = 4.63104e+07 t1 = 4.63968e+07 h = 86400
snow storage       |  ----------------------------------------------------------------
snow storage       |   ENorm (Infnorm) of: snow-water_content: 
snow storage       |     ENorm (cell) = [0] 4.07265e-07 (1.29627e-08)
Solver::NKA_BT_ATS |  0: error(res) = 4.07265e-07
Solver::NKA_BT_ATS |  0: L2 error(res) = 1.29627e-07
Solver::NKA_BT_ATS |  Solve succeeded: 0 iterations, error = 4.07265e-07
surface-subsurface |  ----------------------------------------------------------------
surface-subsurface |  Advancing: t0 = 4.63104e+07 t1 = 4.63968e+07 h = 86400
surface-subsurface |  ----------------------------------------------------------------
flow               |  ENorm (Infnorm) of: water_content: 
flow               |    ENorm (face) = [1694] 6.0186e-08 (1.34065e-09)
flow               |    ENorm (cell) = [510] 0.0132307 (0.00128999)
overland flow      |  ENorm (Infnorm) of: surface-water_content: 
overland flow      |    ENorm (cell) = [80] 0.23853 (0.0227834)
overland flow      |    ENorm (boundary_face) = [-1] -1.79769e+308 (0)
Solver::NKA_BT_ATS |  0: error(res) = 0.23853
Solver::NKA_BT_ATS |  0: L2 error(res) = 0.0378943
inverse::GMRES     |  Converged (relative res), itr=4 ||r||=0.000212346 ||r0||=10280.1
flow               |  ENorm (Infnorm) of: water_content: 
flow               |    ENorm (face) = [2642] 7.20634e-12 (4.66294e-13)
flow               |    ENorm (cell) = [440] 0.00143864 (3.542e-05)
overland flow      |  ENorm (Infnorm) of: surface-water_content: 
overland flow      |    ENorm (cell) = [80] 0.0432115 (0.00412739)
overland flow      |    ENorm (boundary_face) = [-1] -1.79769e+308 (0)
Solver::NKA_BT_ATS |  1: backtrack 0: error(res) = 0.0432115
Solver::NKA_BT_ATS |  1: backtrack 0: L2 error(res) = 0.0057296
inverse::GMRES     |  Converged (relative res), itr=3 ||r||=0.000189008 ||r0||=1381.53
flow               |  ENorm (Infnorm) of: water_content: 
flow               |    ENorm (face) = [2933] 7.00466e-12 (4.76064e-13)
flow               |    ENorm (cell) = [430] 0.000360484 (8.15633e-06)
overland flow      |  ENorm (Infnorm) of: surface-water_content: 
overland flow      |    ENorm (cell) = [80] 9.45562e-05 (9.03163e-06)
overland flow      |    ENorm (boundary_face) = [-1] -1.79769e+308 (0)
Solver::NKA_BT_ATS |  2: backtrack 0: error(res) = 0.000360484
Solver::NKA_BT_ATS |  2: backtrack 0: L2 error(res) = 5.91146e-05
inverse::GMRES     |  Converged (relative res), itr=2 ||r||=7.02859e-05 ||r0||=340.669
flow               |  ENorm (Infnorm) of: water_content: 
flow               |    ENorm (face) = [3130] 9.22541e-12 (5.80425e-13)
flow               |    ENorm (cell) = [430] 9.78903e-05 (2.21487e-06)
overland flow      |  ENorm (Infnorm) of: surface-water_content: 
overland flow      |    ENorm (cell) = [80] 4.18764e-10 (4.03986e-10)
overland flow      |    ENorm (boundary_face) = [-1] -1.79769e+308 (0)
Solver::NKA_BT_ATS |  3: NKA : error(res) = 9.78903e-05
Solver::NKA_BT_ATS |  3: NKA : L2 error(res) = 1.40484e-05
inverse::GMRES     |  Converged (relative res), itr=2 ||r||=8.47133e-06 ||r0||=104.63
flow               |  ENorm (Infnorm) of: water_content: 
flow               |    ENorm (face) = [1899] 6.6769e-12 (4.09006e-13)
flow               |    ENorm (cell) = [440] 5.44134e-06 (1.70237e-07)
overland flow      |  ENorm (Infnorm) of: surface-water_content: 
overland flow      |    ENorm (cell) = [80] 9.18437e-11 (3.00441e-10)
overland flow      |    ENorm (boundary_face) = [-1] -1.79769e+308 (0)
Solver::NKA_BT_ATS |  4: NKA : error(res) = 5.44134e-06
Solver::NKA_BT_ATS |  4: NKA : L2 error(res) = 1.1561e-06
inverse::GMRES     |  Converged (relative res), itr=2 ||r||=7.01833e-07 ||r0||=7.39596
flow               |  ENorm (Infnorm) of: water_content: 
flow               |    ENorm (face) = [3142] 6.33831e-12 (3.98792e-13)
flow               |    ENorm (cell) = [420] 4.856e-07 (1.08301e-08)
overland flow      |  ENorm (Infnorm) of: surface-water_content: 
overland flow      |    ENorm (cell) = [67] 4.60815e-11 (2.01922e-10)
overland flow      |    ENorm (boundary_face) = [-1] -1.79769e+308 (0)
Solver::NKA_BT_ATS |  5: NKA : error(res) = 4.856e-07
Solver::NKA_BT_ATS |  5: NKA : L2 error(res) = 5.07004e-08
Solver::NKA_BT_ATS |  Solve succeeded: 5 iterations, error = 4.856e-07
ATS                |  ================================================================================
ATS                |  
ATS                |  Cycle = 225,  Time [days] = 537,  dt [days] = 1
ATS                |  --------------------------------------------------------------------------------
snow storage       |  ----------------------------------------------------------------
snow storage       |  Advancing: t0 = 4.63968e+07 t1 = 4.64832e+07 h = 86400
snow storage       |  ----------------------------------------------------------------
snow storage       |   ENorm (Infnorm) of: snow-water_content: 
snow storage       |     ENorm (cell) = [0] 0 (0)
Solver::NKA_BT_ATS |  0: error(res) = 0
Solver::NKA_BT_ATS |  0: L2 error(res) = 0
Solver::NKA_BT_ATS |  Solve succeeded: 0 iterations, error = 0
surface-subsurface |  ----------------------------------------------------------------
surface-subsurface |  Advancing: t0 = 4.63968e+07 t1 = 4.64832e+07 h = 86400
surface-subsurface |  ----------------------------------------------------------------
flow               |  ENorm (Infnorm) of: water_content: 
flow               |    ENorm (face) = [1694] 8.6477e-07 (1.9091e-08)
flow               |    ENorm (cell) = [800] 0.0076675 (0.00113646)
overland flow      |  ENorm (Infnorm) of: surface-water_content: 
overland flow      |    ENorm (cell) = [80] 0.599795 (0.047755)
overland flow      |    ENorm (boundary_face) = [-1] -1.79769e+308 (0)
Solver::NKA_BT_ATS |  0: error(res) = 0.599795
Solver::NKA_BT_ATS |  0: L2 error(res) = 0.072023
inverse::GMRES     |  Converged (relative res), itr=4 ||r||=0.000470144 ||r0||=6460.83
flow               |  ENorm (Infnorm) of: water_content: 
flow               |    ENorm (face) = [3015] 8.96435e-12 (5.45786e-13)
flow               |    ENorm (cell) = [380] 0.000614585 (2.85853e-05)
overland flow      |  ENorm (Infnorm) of: surface-water_content: 
overland flow      |    ENorm (cell) = [80] 0.32032 (0.0225338)
overland flow      |    ENorm (boundary_face) = [-1] -1.79769e+308 (0)
Solver::NKA_BT_ATS |  1: backtrack 0: error(res) = 0.32032
Solver::NKA_BT_ATS |  1: backtrack 0: L2 error(res) = 0.0278589
inverse::GMRES     |  Converged (relative res), itr=3 ||r||=0.000102981 ||r0||=2041.5
flow               |  ENorm (Infnorm) of: water_content: 
flow               |    ENorm (face) = [3093] 7.67967e-12 (4.76064e-13)
flow               |    ENorm (cell) = [200] 0.00023536 (8.43918e-06)
overland flow      |  ENorm (Infnorm) of: surface-water_content: 
overland flow      |    ENorm (cell) = [80] 0.0201511 (0.00141758)
overland flow      |    ENorm (boundary_face) = [-1] -1.79769e+308 (0)
Solver::NKA_BT_ATS |  2: backtrack 0: error(res) = 0.0201511
Solver::NKA_BT_ATS |  2: backtrack 0: L2 error(res) = 0.00174051
inverse::GMRES     |  Converged (relative res), itr=2 ||r||=0.000555785 ||r0||=725.537
flow               |  ENorm (Infnorm) of: water_content: 
flow               |    ENorm (face) = [3007] 8.17675e-12 (4.97824e-13)
flow               |    ENorm (cell) = [20] 9.67737e-05 (3.03977e-06)
overland flow      |  ENorm (Infnorm) of: surface-water_content: 
overland flow      |    ENorm (cell) = [80] 0.000100163 (7.04625e-06)
overland flow      |    ENorm (boundary_face) = [-1] -1.79769e+308 (0)
Solver::NKA_BT_ATS |  3: NKA : error(res) = 0.000100163
Solver::NKA_BT_ATS |  3: NKA : L2 error(res) = 3.05208e-05
inverse::GMRES     |  Converged (relative res), itr=2 ||r||=9.39536e-06 ||r0||=271.628
flow               |  ENorm (Infnorm) of: water_content: 
flow               |    ENorm (face) = [3216] 8.05502e-12 (5.32019e-13)
flow               |    ENorm (cell) = [430] 3.1316e-06 (1.22806e-07)
overland flow      |  ENorm (Infnorm) of: surface-water_content: 
overland flow      |    ENorm (cell) = [80] 2.73222e-05 (1.92205e-06)
overland flow      |    ENorm (boundary_face) = [-1] -1.79769e+308 (0)
Solver::NKA_BT_ATS |  4: NKA : error(res) = 2.73222e-05
Solver::NKA_BT_ATS |  4: NKA : L2 error(res) = 2.57331e-06
inverse::GMRES     |  Converged (relative res), itr=2 ||r||=1.5764e-06 ||r0||=7.24475
flow               |  ENorm (Infnorm) of: water_content: 
flow               |    ENorm (face) = [2933] 7.43009e-12 (4.58744e-13)
flow               |    ENorm (cell) = [400] 2.1474e-07 (5.15149e-09)
overland flow      |  ENorm (Infnorm) of: surface-water_content: 
overland flow      |    ENorm (cell) = [80] 5.59446e-06 (3.93558e-07)
overland flow      |    ENorm (boundary_face) = [-1] -1.79769e+308 (0)
Solver::NKA_BT_ATS |  5: NKA : error(res) = 5.59446e-06
Solver::NKA_BT_ATS |  5: NKA : L2 error(res) = 4.84041e-07
inverse::GMRES     |  Converged (relative res), itr=3 ||r||=2.4346e-09 ||r0||=0.311963
flow               |  ENorm (Infnorm) of: water_content: 
flow               |    ENorm (face) = [3015] 7.87025e-12 (4.79172e-13)
flow               |    ENorm (cell) = [380] 5.82056e-08 (1.48717e-09)
overland flow      |  ENorm (Infnorm) of: surface-water_content: 
overland flow      |    ENorm (cell) = [74] 4.92823e-11 (2.46997e-10)
overland flow      |    ENorm (boundary_face) = [-1] -1.79769e+308 (0)
Solver::NKA_BT_ATS |  6: NKA : error(res) = 5.82056e-08
Solver::NKA_BT_ATS |  6: NKA : L2 error(res) = 1.20663e-08
Solver::NKA_BT_ATS |  Solve succeeded: 6 iterations, error = 5.82056e-08
ATS                |  ================================================================================
ATS                |  
ATS                |  Cycle = 226,  Time [days] = 538,  dt [days] = 1
ATS                |  --------------------------------------------------------------------------------
snow storage       |  ----------------------------------------------------------------
snow storage       |  Advancing: t0 = 4.64832e+07 t1 = 4.65696e+07 h = 86400
snow storage       |  ----------------------------------------------------------------
snow storage       |   ENorm (Infnorm) of: snow-water_content: 
snow storage       |     ENorm (cell) = [0] 0 (0)
Solver::NKA_BT_ATS |  0: error(res) = 0
Solver::NKA_BT_ATS |  0: L2 error(res) = 0
Solver::NKA_BT_ATS |  Solve succeeded: 0 iterations, error = 0
surface-subsurface |  ----------------------------------------------------------------
surface-subsurface |  Advancing: t0 = 4.64832e+07 t1 = 4.65696e+07 h = 86400
surface-subsurface |  ----------------------------------------------------------------
flow               |  ENorm (Infnorm) of: water_content: 
flow               |    ENorm (face) = [3293] 0.764462 (0.0559601)
flow               |    ENorm (cell) = [490] 0.00856331 (0.00105794)
overland flow      |  ENorm (Infnorm) of: surface-water_content: 
overland flow      |    ENorm (cell) = [81] 0.0960287 (0.0319675)
overland flow      |    ENorm (boundary_face) = [-1] -1.79769e+308 (0)
Solver::NKA_BT_ATS |  0: error(res) = 0.764462
Solver::NKA_BT_ATS |  0: L2 error(res) = 0.0667335
inverse::GMRES     |  Converged (relative res), itr=4 ||r||=0.000304981 ||r0||=12667.6
flow               |  ENorm (Infnorm) of: water_content: 
flow               |    ENorm (face) = [2974] 2.03482e-11 (1.23368e-12)
flow               |    ENorm (cell) = [490] 0.00841152 (0.00104038)
overland flow      |  ENorm (Infnorm) of: surface-water_content: 
overland flow      |    ENorm (cell) = [80] 1.1256 (0.0550066)
overland flow      |    ENorm (boundary_face) = [-1] -1.79769e+308 (0)
Solver::NKA_BT_ATS |  1: PIC : error(res) = 1.1256
Solver::NKA_BT_ATS |  1: PIC : L2 error(res) = 0.0655966
inverse::GMRES     |  Converged (relative res), itr=3 ||r||=0.00816582 ||r0||=11213.2
flow               |  ENorm (Infnorm) of: water_content: 
flow               |    ENorm (face) = [3015] 8.38814e-12 (5.10703e-13)
flow               |    ENorm (cell) = [440] 0.0012024 (2.88807e-05)
overland flow      |  ENorm (Infnorm) of: surface-water_content: 
overland flow      |    ENorm (cell) = [80] 72.9688 (3.5659)
overland flow      |    ENorm (boundary_face) = [-1] -1.79769e+308 (0)
Solver::NKA_BT_ATS |  2: backtrack 0: error(res) = 72.9688
Solver::NKA_BT_ATS |  2: backtrack 0: L2 error(res) = 4.3747
flow               |  ENorm (Infnorm) of: water_content: 
flow               |    ENorm (face) = [2925] 1.1215e-11 (6.79012e-13)
flow               |    ENorm (cell) = [500] 0.00400822 (0.000533952)
overland flow      |  ENorm (Infnorm) of: surface-water_content: 
overland flow      |    ENorm (cell) = [80] 13.6295 (0.66606)
overland flow      |    ENorm (boundary_face) = [-1] -1.79769e+308 (0)
Solver::NKA_BT_ATS |  2: backtrack 1: error(res) = 13.6295
Solver::NKA_BT_ATS |  2: backtrack 1: L2 error(res) = 0.820539
flow               |  ENorm (Infnorm) of: water_content: 
flow               |    ENorm (face) = [3175] 1.49696e-11 (9.61009e-13)
flow               |    ENorm (cell) = [490] 0.00621168 (0.00078709)
overland flow      |  ENorm (Infnorm) of: surface-water_content: 
overland flow      |    ENorm (cell) = [80] 2.24092 (0.109511)
overland flow      |    ENorm (boundary_face) = [-1] -1.79769e+308 (0)
Solver::NKA_BT_ATS |  2: backtrack 2: error(res) = 2.24092
Solver::NKA_BT_ATS |  2: backtrack 2: L2 error(res) = 0.137961
flow               |  ENorm (Infnorm) of: water_content: 
flow               |    ENorm (face) = [2884] 1.47672e-11 (9.50795e-13)
flow               |    ENorm (cell) = [490] 0.00731471 (0.000913718)
overland flow      |  ENorm (Infnorm) of: surface-water_content: 
overland flow      |    ENorm (cell) = [80] 0.231608 (0.0113184)
overland flow      |    ENorm (boundary_face) = [-1] -1.79769e+308 (0)
Solver::NKA_BT_ATS |  2: backtrack 3: error(res) = 0.231608
Solver::NKA_BT_ATS |  2: backtrack 3: L2 error(res) = 0.0148963
inverse::GMRES     |  Converged (relative res), itr=3 ||r||=0.00359148 ||r0||=9515.12
flow               |  ENorm (Infnorm) of: water_content: 
flow               |    ENorm (face) = [2810] 7.87103e-12 (4.82281e-13)
flow               |    ENorm (cell) = [440] 0.00100232 (2.41353e-05)
overland flow      |  ENorm (Infnorm) of: surface-water_content: 
overland flow      |    ENorm (cell) = [81] 0.00426284 (0.000628385)
overland flow      |    ENorm (boundary_face) = [-1] -1.79769e+308 (0)
Solver::NKA_BT_ATS |  3: NKA : error(res) = 0.00426284
Solver::NKA_BT_ATS |  3: NKA : L2 error(res) = 0.000781962
inverse::GMRES     |  Converged (relative res), itr=3 ||r||=0.000175878 ||r0||=1933.41
flow               |  ENorm (Infnorm) of: water_content: 
flow               |    ENorm (face) = [3089] 7.01351e-12 (4.34763e-13)
flow               |    ENorm (cell) = [470] 7.80325e-05 (3.10075e-06)
overland flow      |  ENorm (Infnorm) of: surface-water_content: 
overland flow      |    ENorm (cell) = [81] 0.000679416 (0.000100153)
overland flow      |    ENorm (boundary_face) = [-1] -1.79769e+308 (0)
Solver::NKA_BT_ATS |  4: NKA : error(res) = 0.000679416
Solver::NKA_BT_ATS |  4: NKA : L2 error(res) = 0.000120586
inverse::GMRES     |  Converged (relative res), itr=3 ||r||=2.56466e-05 ||r0||=161.739
flow               |  ENorm (Infnorm) of: water_content: 
flow               |    ENorm (face) = [2806] 7.77688e-12 (4.95604e-13)
flow               |    ENorm (cell) = [440] 6.94613e-06 (2.81042e-07)
overland flow      |  ENorm (Infnorm) of: surface-water_content: 
overland flow      |    ENorm (cell) = [81] 8.25931e-05 (1.2175e-05)
overland flow      |    ENorm (boundary_face) = [-1] -1.79769e+308 (0)
Solver::NKA_BT_ATS |  5: NKA : error(res) = 8.25931e-05
Solver::NKA_BT_ATS |  5: NKA : L2 error(res) = 1.44087e-05
inverse::GMRES     |  Converged (relative res), itr=3 ||r||=2.86822e-06 ||r0||=13.5465
flow               |  ENorm (Infnorm) of: water_content: 
flow               |    ENorm (face) = [3048] 7.36436e-12 (5.03597e-13)
flow               |    ENorm (cell) = [430] 6.83909e-07 (1.7158e-08)
overland flow      |  ENorm (Infnorm) of: surface-water_content: 
overland flow      |    ENorm (cell) = [81] 6.29376e-06 (9.27762e-07)
overland flow      |    ENorm (boundary_face) = [-1] -1.79769e+308 (0)
Solver::NKA_BT_ATS |  6: NKA : error(res) = 6.29376e-06
Solver::NKA_BT_ATS |  6: NKA : L2 error(res) = 1.09041e-06
inverse::GMRES     |  Converged (relative res), itr=3 ||r||=1.99215e-07 ||r0||=0.729813
flow               |  ENorm (Infnorm) of: water_content: 
flow               |    ENorm (face) = [3876] 6.63206e-12 (4.78728e-13)
flow               |    ENorm (cell) = [410] 4.95113e-08 (1.92961e-09)
overland flow      |  ENorm (Infnorm) of: surface-water_content: 
overland flow      |    ENorm (cell) = [81] 4.14874e-07 (6.11564e-08)
overland flow      |    ENorm (boundary_face) = [-1] -1.79769e+308 (0)
Solver::NKA_BT_ATS |  7: NKA : error(res) = 4.14874e-07
Solver::NKA_BT_ATS |  7: NKA : L2 error(res) = 7.24168e-08
Solver::NKA_BT_ATS |  Solve succeeded: 7 iterations, error = 4.14874e-07
ATS                |  ================================================================================
ATS                |  
ATS                |  Cycle = 227,  Time [days] = 539,  dt [days] = 1
ATS                |  --------------------------------------------------------------------------------
snow storage       |  ----------------------------------------------------------------
snow storage       |  Advancing: t0 = 4.65696e+07 t1 = 4.6656e+07 h = 86400
snow storage       |  ----------------------------------------------------------------
snow storage       |   ENorm (Infnorm) of: snow-water_content: 
snow storage       |     ENorm (cell) = [0] 0 (0)
Solver::NKA_BT_ATS |  0: error(res) = 0
Solver::NKA_BT_ATS |  0: L2 error(res) = 0
Solver::NKA_BT_ATS |  Solve succeeded: 0 iterations, error = 0
surface-subsurface |  ----------------------------------------------------------------
surface-subsurface |  Advancing: t0 = 4.65696e+07 t1 = 4.6656e+07 h = 86400
surface-subsurface |  ----------------------------------------------------------------
flow               |  ENorm (Infnorm) of: water_content: 
flow               |    ENorm (face) = [3293] 0.667235 (0.048843)
flow               |    ENorm (cell) = [510] 0.0147938 (0.0011966)
overland flow      |  ENorm (Infnorm) of: surface-water_content: 
overland flow      |    ENorm (cell) = [81] 0.0854035 (0.014123)
overland flow      |    ENorm (boundary_face) = [-1] -1.79769e+308 (0)
Solver::NKA_BT_ATS |  0: error(res) = 0.667235
Solver::NKA_BT_ATS |  0: L2 error(res) = 0.059044
inverse::GMRES     |  Converged (relative res), itr=4 ||r||=0.000988282 ||r0||=10520.2
flow               |  ENorm (Infnorm) of: water_content: 
flow               |    ENorm (face) = [2847] 1.7904e-11 (1.08979e-12)
flow               |    ENorm (cell) = [510] 0.0146055 (0.00118176)
overland flow      |  ENorm (Infnorm) of: surface-water_content: 
overland flow      |    ENorm (cell) = [80] 1.22685 (0.0482367)
overland flow      |    ENorm (boundary_face) = [-1] -1.79769e+308 (0)
Solver::NKA_BT_ATS |  1: PIC : error(res) = 1.22685
Solver::NKA_BT_ATS |  1: PIC : L2 error(res) = 0.0583111
inverse::GMRES     |  Converged (relative res), itr=4 ||r||=0.000518736 ||r0||=9908.9
flow               |  ENorm (Infnorm) of: water_content: 
flow               |    ENorm (face) = [4040] 7.04608e-12 (5.07594e-13)
flow               |    ENorm (cell) = [450] 0.00147489 (3.52559e-05)
overland flow      |  ENorm (Infnorm) of: surface-water_content: 
overland flow      |    ENorm (cell) = [80] 49.4404 (1.94387)
overland flow      |    ENorm (boundary_face) = [-1] -1.79769e+308 (0)
Solver::NKA_BT_ATS |  2: backtrack 0: error(res) = 49.4404
Solver::NKA_BT_ATS |  2: backtrack 0: L2 error(res) = 2.38603
flow               |  ENorm (Infnorm) of: water_content: 
flow               |    ENorm (face) = [3581] 8.67804e-12 (6.29718e-13)
flow               |    ENorm (cell) = [520] 0.00724124 (0.000590878)
overland flow      |  ENorm (Infnorm) of: surface-water_content: 
overland flow      |    ENorm (cell) = [80] 10.8188 (0.425367)
overland flow      |    ENorm (boundary_face) = [-1] -1.79769e+308 (0)
Solver::NKA_BT_ATS |  2: backtrack 1: error(res) = 10.8188
Solver::NKA_BT_ATS |  2: backtrack 1: L2 error(res) = 0.528183
flow               |  ENorm (Infnorm) of: water_content: 
flow               |    ENorm (face) = [3007] 1.55658e-11 (9.47686e-13)
flow               |    ENorm (cell) = [520] 0.0108915 (0.000886317)
overland flow      |  ENorm (Infnorm) of: surface-water_content: 
overland flow      |    ENorm (cell) = [80] 2.02755 (0.0797182)
overland flow      |    ENorm (boundary_face) = [-1] -1.79769e+308 (0)
Solver::NKA_BT_ATS |  2: backtrack 2: error(res) = 2.02755
Solver::NKA_BT_ATS |  2: backtrack 2: L2 error(res) = 0.108213
flow               |  ENorm (Infnorm) of: water_content: 
flow               |    ENorm (face) = [2847] 1.73933e-11 (1.05871e-12)
flow               |    ENorm (cell) = [510] 0.0127388 (0.00103404)
overland flow      |  ENorm (Infnorm) of: surface-water_content: 
overland flow      |    ENorm (cell) = [80] 0.248472 (0.00976927)
overland flow      |    ENorm (boundary_face) = [-1] -1.79769e+308 (0)
Solver::NKA_BT_ATS |  2: backtrack 3: error(res) = 0.248472
Solver::NKA_BT_ATS |  2: backtrack 3: L2 error(res) = 0.0273107
inverse::GMRES     |  Converged (relative res), itr=4 ||r||=0.000567325 ||r0||=8538.34
flow               |  ENorm (Infnorm) of: water_content: 
flow               |    ENorm (face) = [3097] 7.04204e-12 (4.3654e-13)
flow               |    ENorm (cell) = [450] 0.00130255 (3.11362e-05)
overland flow      |  ENorm (Infnorm) of: surface-water_content: 
overland flow      |    ENorm (cell) = [80] 0.00806774 (0.00035213)
overland flow      |    ENorm (boundary_face) = [-1] -1.79769e+308 (0)
Solver::NKA_BT_ATS |  3: NKA : error(res) = 0.00806774
Solver::NKA_BT_ATS |  3: NKA : L2 error(res) = 0.000586944
inverse::GMRES     |  Converged (relative res), itr=3 ||r||=0.000265945 ||r0||=1027.19
flow               |  ENorm (Infnorm) of: water_content: 
flow               |    ENorm (face) = [2765] 1.04052e-11 (6.43485e-13)
flow               |    ENorm (cell) = [440] 0.000203828 (4.61948e-06)
overland flow      |  ENorm (Infnorm) of: surface-water_content: 
overland flow      |    ENorm (cell) = [80] 0.000706704 (3.13829e-05)
overland flow      |    ENorm (boundary_face) = [-1] -1.79769e+308 (0)
Solver::NKA_BT_ATS |  4: NKA : error(res) = 0.000706704
Solver::NKA_BT_ATS |  4: NKA : L2 error(res) = 5.6884e-05
inverse::GMRES     |  Converged (relative res), itr=3 ||r||=2.38797e-05 ||r0||=127.386
flow               |  ENorm (Infnorm) of: water_content: 
flow               |    ENorm (face) = [3056] 7.66112e-12 (4.69846e-13)
flow               |    ENorm (cell) = [430] 1.20178e-05 (2.64323e-07)
overland flow      |  ENorm (Infnorm) of: surface-water_content: 
overland flow      |    ENorm (cell) = [80] 6.6247e-05 (2.98369e-06)
overland flow      |    ENorm (boundary_face) = [-1] -1.79769e+308 (0)
Solver::NKA_BT_ATS |  5: NKA : error(res) = 6.6247e-05
Solver::NKA_BT_ATS |  5: NKA : L2 error(res) = 4.78467e-06
inverse::GMRES     |  Converged (relative res), itr=3 ||r||=2.20676e-06 ||r0||=7.899
flow               |  ENorm (Infnorm) of: water_content: 
flow               |    ENorm (face) = [3663] 8.06213e-12 (5.83977e-13)
flow               |    ENorm (cell) = [440] 7.63955e-07 (2.06973e-08)
overland flow      |  ENorm (Infnorm) of: surface-water_content: 
overland flow      |    ENorm (cell) = [80] 5.51272e-06 (2.51879e-07)
overland flow      |    ENorm (boundary_face) = [-1] -1.79769e+308 (0)
Solver::NKA_BT_ATS |  6: NKA : error(res) = 5.51272e-06
Solver::NKA_BT_ATS |  6: NKA : L2 error(res) = 4.04692e-07
inverse::GMRES     |  Converged (relative res), itr=3 ||r||=1.73399e-07 ||r0||=0.853972
flow               |  ENorm (Infnorm) of: water_content: 
flow               |    ENorm (face) = [2884] 5.82339e-12 (3.53051e-13)
flow               |    ENorm (cell) = [450] 1.05497e-07 (2.52181e-09)
overland flow      |  ENorm (Infnorm) of: surface-water_content: 
overland flow      |    ENorm (cell) = [80] 4.61051e-07 (2.14382e-08)
overland flow      |    ENorm (boundary_face) = [-1] -1.79769e+308 (0)
Solver::NKA_BT_ATS |  7: NKA : error(res) = 4.61051e-07
Solver::NKA_BT_ATS |  7: NKA : L2 error(res) = 3.57444e-08
Solver::NKA_BT_ATS |  Solve succeeded: 7 iterations, error = 4.61051e-07
ATS                |  ================================================================================
ATS                |  
ATS                |  Cycle = 228,  Time [days] = 540,  dt [days] = 1
ATS                |  --------------------------------------------------------------------------------
snow storage       |  ----------------------------------------------------------------
snow storage       |  Advancing: t0 = 4.6656e+07 t1 = 4.67424e+07 h = 86400
snow storage       |  ----------------------------------------------------------------
snow storage       |   ENorm (Infnorm) of: snow-water_content: 
snow storage       |     ENorm (cell) = [0] 0 (0)
Solver::NKA_BT_ATS |  0: error(res) = 0
Solver::NKA_BT_ATS |  0: L2 error(res) = 0
Solver::NKA_BT_ATS |  Solve succeeded: 0 iterations, error = 0
surface-subsurface |  ----------------------------------------------------------------
surface-subsurface |  Advancing: t0 = 4.6656e+07 t1 = 4.67424e+07 h = 86400
surface-subsurface |  ----------------------------------------------------------------
flow               |  ENorm (Infnorm) of: water_content: 
flow               |    ENorm (face) = [3293] 0.30579 (0.0223844)
flow               |    ENorm (cell) = [530] 0.012752 (0.00123452)
overland flow      |  ENorm (Infnorm) of: surface-water_content: 
overland flow      |    ENorm (cell) = [81] 0.0649438 (0.0138182)
overland flow      |    ENorm (boundary_face) = [-1] -1.79769e+308 (0)
Solver::NKA_BT_ATS |  0: error(res) = 0.30579
Solver::NKA_BT_ATS |  0: L2 error(res) = 0.0481218
inverse::GMRES     |  Converged (relative res), itr=4 ||r||=0.000730703 ||r0||=11848.2
flow               |  ENorm (Infnorm) of: water_content: 
flow               |    ENorm (face) = [3831] 1.66934e-11 (1.2057e-12)
flow               |    ENorm (cell) = [530] 0.0127177 (0.00123126)
overland flow      |  ENorm (Infnorm) of: surface-water_content: 
overland flow      |    ENorm (cell) = [80] 0.63092 (0.0223249)
overland flow      |    ENorm (boundary_face) = [-1] -1.79769e+308 (0)
Solver::NKA_BT_ATS |  1: PIC : error(res) = 0.63092
Solver::NKA_BT_ATS |  1: PIC : L2 error(res) = 0.0479944
inverse::GMRES     |  Converged (relative res), itr=4 ||r||=0.000264839 ||r0||=11384.9
flow               |  ENorm (Infnorm) of: water_content: 
flow               |    ENorm (face) = [2728] 7.62008e-12 (4.76952e-13)
flow               |    ENorm (cell) = [450] 0.00144794 (3.4388e-05)
overland flow      |  ENorm (Infnorm) of: surface-water_content: 
overland flow      |    ENorm (cell) = [80] 53.0553 (1.87734)
overland flow      |    ENorm (boundary_face) = [-1] -1.79769e+308 (0)
Solver::NKA_BT_ATS |  2: backtrack 0: error(res) = 53.0553
Solver::NKA_BT_ATS |  2: backtrack 0: L2 error(res) = 2.30515
flow               |  ENorm (Infnorm) of: water_content: 
flow               |    ENorm (face) = [2847] 1.19725e-11 (8.37108e-13)
flow               |    ENorm (cell) = [800] 0.00634685 (0.000617361)
overland flow      |  ENorm (Infnorm) of: surface-water_content: 
overland flow      |    ENorm (cell) = [80] 14.2828 (0.505392)
overland flow      |    ENorm (boundary_face) = [-1] -1.79769e+308 (0)
Solver::NKA_BT_ATS |  2: backtrack 1: error(res) = 14.2828
Solver::NKA_BT_ATS |  2: backtrack 1: L2 error(res) = 0.621617
flow               |  ENorm (Infnorm) of: water_content: 
flow               |    ENorm (face) = [3831] 1.56604e-11 (1.1311e-12)
flow               |    ENorm (cell) = [800] 0.0095203 (0.000924319)
overland flow      |  ENorm (Infnorm) of: surface-water_content: 
overland flow      |    ENorm (cell) = [80] 3.79001 (0.134108)
overland flow      |    ENorm (boundary_face) = [-1] -1.79769e+308 (0)
Solver::NKA_BT_ATS |  2: backtrack 2: error(res) = 3.79001
Solver::NKA_BT_ATS |  2: backtrack 2: L2 error(res) = 0.167943
flow               |  ENorm (Infnorm) of: water_content: 
flow               |    ENorm (face) = [3216] 1.63791e-11 (1.0818e-12)
flow               |    ENorm (cell) = [800] 0.011107 (0.00107779)
overland flow      |  ENorm (Infnorm) of: surface-water_content: 
overland flow      |    ENorm (cell) = [80] 0.736944 (0.0260765)
overland flow      |    ENorm (boundary_face) = [-1] -1.79769e+308 (0)
Solver::NKA_BT_ATS |  2: backtrack 3: error(res) = 0.736944
Solver::NKA_BT_ATS |  2: backtrack 3: L2 error(res) = 0.0476144
inverse::GMRES     |  Converged (relative res), itr=4 ||r||=0.000576134 ||r0||=9711.02
flow               |  ENorm (Infnorm) of: water_content: 
flow               |    ENorm (face) = [3675] 6.65794e-12 (4.82281e-13)
flow               |    ENorm (cell) = [450] 0.0012051 (2.91875e-05)
overland flow      |  ENorm (Infnorm) of: surface-water_content: 
overland flow      |    ENorm (cell) = [80] 0.0450229 (0.00159312)
overland flow      |    ENorm (boundary_face) = [-1] -1.79769e+308 (0)
Solver::NKA_BT_ATS |  3: NKA : error(res) = 0.0450229
Solver::NKA_BT_ATS |  3: NKA : L2 error(res) = 0.00210245
inverse::GMRES     |  Converged (relative res), itr=3 ||r||=0.000136621 ||r0||=1826.2
flow               |  ENorm (Infnorm) of: water_content: 
flow               |    ENorm (face) = [4081] 8.65247e-12 (6.23057e-13)
flow               |    ENorm (cell) = [480] 8.85422e-05 (4.43849e-06)
overland flow      |  ENorm (Infnorm) of: surface-water_content: 
overland flow      |    ENorm (cell) = [80] 0.00690693 (0.000244399)
overland flow      |    ENorm (boundary_face) = [-1] -1.79769e+308 (0)
Solver::NKA_BT_ATS |  4: NKA : error(res) = 0.00690693
Solver::NKA_BT_ATS |  4: NKA : L2 error(res) = 0.000317353
inverse::GMRES     |  Converged (relative res), itr=3 ||r||=1.90532e-05 ||r0||=143.167
flow               |  ENorm (Infnorm) of: water_content: 
flow               |    ENorm (face) = [2814] 7.08823e-12 (5.01377e-13)
flow               |    ENorm (cell) = [450] 7.19565e-06 (2.55047e-07)
overland flow      |  ENorm (Infnorm) of: surface-water_content: 
overland flow      |    ENorm (cell) = [80] 0.000725042 (2.56553e-05)
overland flow      |    ENorm (boundary_face) = [-1] -1.79769e+308 (0)
Solver::NKA_BT_ATS |  5: NKA : error(res) = 0.000725042
Solver::NKA_BT_ATS |  5: NKA : L2 error(res) = 3.29417e-05
inverse::GMRES     |  Converged (relative res), itr=3 ||r||=1.82603e-06 ||r0||=13.8146
flow               |  ENorm (Infnorm) of: water_content: 
flow               |    ENorm (face) = [2970] 1.04892e-11 (6.35936e-13)
flow               |    ENorm (cell) = [460] 6.95553e-07 (2.05605e-08)
overland flow      |  ENorm (Infnorm) of: surface-water_content: 
overland flow      |    ENorm (cell) = [80] 6.22193e-05 (2.2016e-06)
overland flow      |    ENorm (boundary_face) = [-1] -1.79769e+308 (0)
Solver::NKA_BT_ATS |  6: NKA : error(res) = 6.22193e-05
Solver::NKA_BT_ATS |  6: NKA : L2 error(res) = 2.81103e-06
inverse::GMRES     |  Converged (relative res), itr=3 ||r||=1.44937e-07 ||r0||=0.878804
flow               |  ENorm (Infnorm) of: water_content: 
flow               |    ENorm (face) = [2720] 9.33017e-12 (5.83977e-13)
flow               |    ENorm (cell) = [450] 7.65907e-08 (1.80455e-09)
overland flow      |  ENorm (Infnorm) of: surface-water_content: 
overland flow      |    ENorm (cell) = [80] 2.87899e-06 (1.01872e-07)
overland flow      |    ENorm (boundary_face) = [-1] -1.79769e+308 (0)
Solver::NKA_BT_ATS |  7: NKA : error(res) = 2.87899e-06
Solver::NKA_BT_ATS |  7: NKA : L2 error(res) = 1.29658e-07
inverse::GMRES     |  Converged (relative res), itr=3 ||r||=5.59173e-09 ||r0||=0.0527739
flow               |  ENorm (Infnorm) of: water_content: 
flow               |    ENorm (face) = [2806] 7.31305e-12 (4.48086e-13)
flow               |    ENorm (cell) = [460] 3.85971e-09 (1.08423e-10)
overland flow      |  ENorm (Infnorm) of: surface-water_content: 
overland flow      |    ENorm (cell) = [80] 1.30116e-07 (4.60409e-09)
overland flow      |    ENorm (boundary_face) = [-1] -1.79769e+308 (0)
Solver::NKA_BT_ATS |  8: NKA : error(res) = 1.30116e-07
Solver::NKA_BT_ATS |  8: NKA : L2 error(res) = 5.86146e-09
Solver::NKA_BT_ATS |  Solve succeeded: 8 iterations, error = 1.30116e-07
ATS                |  ================================================================================
ATS                |  
ATS                |  Cycle = 229,  Time [days] = 541,  dt [days] = 1
ATS                |  --------------------------------------------------------------------------------
snow storage       |  ----------------------------------------------------------------
snow storage       |  Advancing: t0 = 4.67424e+07 t1 = 4.68288e+07 h = 86400
snow storage       |  ----------------------------------------------------------------
snow storage       |   ENorm (Infnorm) of: snow-water_content: 
snow storage       |     ENorm (cell) = [0] 0 (0)
Solver::NKA_BT_ATS |  0: error(res) = 0
Solver::NKA_BT_ATS |  0: L2 error(res) = 0
Solver::NKA_BT_ATS |  Solve succeeded: 0 iterations, error = 0
surface-subsurface |  ----------------------------------------------------------------
surface-subsurface |  Advancing: t0 = 4.67424e+07 t1 = 4.68288e+07 h = 86400
surface-subsurface |  ----------------------------------------------------------------
flow               |  ENorm (Infnorm) of: water_content: 
flow               |    ENorm (face) = [3097] 1.50441e-11 (9.50351e-13)
flow               |    ENorm (cell) = [800] 0.00697301 (0.000675835)
overland flow      |  ENorm (Infnorm) of: surface-water_content: 
overland flow      |    ENorm (cell) = [80] 0.328433 (0.0127343)
overland flow      |    ENorm (boundary_face) = [-1] -1.79769e+308 (0)
Solver::NKA_BT_ATS |  0: error(res) = 0.328433
Solver::NKA_BT_ATS |  0: L2 error(res) = 0.0314524
inverse::GMRES     |  Converged (relative res), itr=4 ||r||=0.000324084 ||r0||=3065.11
flow               |  ENorm (Infnorm) of: water_content: 
flow               |    ENorm (face) = [2888] 7.33231e-12 (4.44533e-13)
flow               |    ENorm (cell) = [450] 0.000314252 (4.89345e-05)
overland flow      |  ENorm (Infnorm) of: surface-water_content: 
overland flow      |    ENorm (cell) = [80] 0.0112949 (0.000388349)
overland flow      |    ENorm (boundary_face) = [-1] -1.79769e+308 (0)
Solver::NKA_BT_ATS |  1: backtrack 0: error(res) = 0.0112949
Solver::NKA_BT_ATS |  1: backtrack 0: L2 error(res) = 0.000611299
inverse::GMRES     |  Converged (relative res), itr=3 ||r||=0.000108587 ||r0||=570.776
flow               |  ENorm (Infnorm) of: water_content: 
flow               |    ENorm (face) = [2974] 6.43851e-12 (4.33431e-13)
flow               |    ENorm (cell) = [450] 5.82074e-05 (3.89745e-06)
overland flow      |  ENorm (Infnorm) of: surface-water_content: 
overland flow      |    ENorm (cell) = [80] 3.50842e-05 (1.20628e-06)
overland flow      |    ENorm (boundary_face) = [-1] -1.79769e+308 (0)
Solver::NKA_BT_ATS |  2: backtrack 0: error(res) = 5.82074e-05
Solver::NKA_BT_ATS |  2: backtrack 0: L2 error(res) = 2.85413e-05
inverse::GMRES     |  Converged (relative res), itr=2 ||r||=1.60807e-05 ||r0||=147.472
flow               |  ENorm (Infnorm) of: water_content: 
flow               |    ENorm (face) = [3007] 8.22787e-12 (5.45342e-13)
flow               |    ENorm (cell) = [440] 1.05964e-05 (8.47263e-07)
overland flow      |  ENorm (Infnorm) of: surface-water_content: 
overland flow      |    ENorm (cell) = [83] 7.31733e-10 (3.8555e-10)
overland flow      |    ENorm (boundary_face) = [-1] -1.79769e+308 (0)
Solver::NKA_BT_ATS |  3: NKA : error(res) = 1.05964e-05
Solver::NKA_BT_ATS |  3: NKA : L2 error(res) = 6.79882e-06
inverse::GMRES     |  Converged (relative res), itr=2 ||r||=1.69356e-06 ||r0||=41.4334
flow               |  ENorm (Infnorm) of: water_content: 
flow               |    ENorm (face) = [2720] 7.65572e-12 (4.92939e-13)
flow               |    ENorm (cell) = [450] 8.91713e-07 (3.14258e-08)
overland flow      |  ENorm (Infnorm) of: surface-water_content: 
overland flow      |    ENorm (cell) = [83] 1.60152e-10 (3.56105e-10)
overland flow      |    ENorm (boundary_face) = [-1] -1.79769e+308 (0)
Solver::NKA_BT_ATS |  4: NKA : error(res) = 8.91713e-07
Solver::NKA_BT_ATS |  4: NKA : L2 error(res) = 2.1807e-07
Solver::NKA_BT_ATS |  Solve succeeded: 4 iterations, error = 8.91713e-07
ATS                |  ================================================================================
ATS                |  
ATS                |  Cycle = 230,  Time [days] = 542,  dt [days] = 1
ATS                |  --------------------------------------------------------------------------------
snow storage       |  ----------------------------------------------------------------
snow storage       |  Advancing: t0 = 4.68288e+07 t1 = 4.69152e+07 h = 86400
snow storage       |  ----------------------------------------------------------------
snow storage       |   ENorm (Infnorm) of: snow-water_content: 
snow storage       |     ENorm (cell) = [0] 0 (0)
Solver::NKA_BT_ATS |  0: error(res) = 0
Solver::NKA_BT_ATS |  0: L2 error(res) = 0
Solver::NKA_BT_ATS |  Solve succeeded: 0 iterations, error = 0
surface-subsurface |  ----------------------------------------------------------------
surface-subsurface |  Advancing: t0 = 4.68288e+07 t1 = 4.69152e+07 h = 86400
surface-subsurface |  ----------------------------------------------------------------
flow               |  ENorm (Infnorm) of: water_content: 
flow               |    ENorm (face) = [2720] 1.54676e-11 (9.68114e-13)
flow               |    ENorm (cell) = [500] 0.0204522 (0.00141825)
overland flow      |  ENorm (Infnorm) of: surface-water_content: 
overland flow      |    ENorm (cell) = [81] 0.29886 (0.018527)
overland flow      |    ENorm (boundary_face) = [-1] -1.79769e+308 (0)
Solver::NKA_BT_ATS |  0: error(res) = 0.29886
Solver::NKA_BT_ATS |  0: L2 error(res) = 0.0358965
inverse::GMRES     |  Converged (relative res), itr=4 ||r||=0.000963419 ||r0||=19665.7
flow               |  ENorm (Infnorm) of: water_content: 
flow               |    ENorm (face) = [3745] 7.10448e-12 (5.13811e-13)
flow               |    ENorm (cell) = [460] 0.00267424 (6.58692e-05)
overland flow      |  ENorm (Infnorm) of: surface-water_content: 
overland flow      |    ENorm (cell) = [81] 0.449106 (0.0284429)
overland flow      |    ENorm (boundary_face) = [-1] -1.79769e+308 (0)
Solver::NKA_BT_ATS |  1: backtrack 0: error(res) = 0.449106
Solver::NKA_BT_ATS |  1: backtrack 0: L2 error(res) = 0.0398374
flow               |  ENorm (Infnorm) of: water_content: 
flow               |    ENorm (face) = [2892] 9.17814e-12 (5.92859e-13)
flow               |    ENorm (cell) = [520] 0.00979326 (0.000711981)
overland flow      |  ENorm (Infnorm) of: surface-water_content: 
overland flow      |    ENorm (cell) = [81] 0.0492916 (0.00304342)
overland flow      |    ENorm (boundary_face) = [-1] -1.79769e+308 (0)
Solver::NKA_BT_ATS |  1: backtrack 1: error(res) = 0.0492916
Solver::NKA_BT_ATS |  1: backtrack 1: L2 error(res) = 0.0128296
inverse::GMRES     |  Converged (relative res), itr=4 ||r||=0.00039983 ||r0||=8918.8
flow               |  ENorm (Infnorm) of: water_content: 
flow               |    ENorm (face) = [2720] 7.96083e-12 (4.98268e-13)
flow               |    ENorm (cell) = [460] 0.000863781 (2.12758e-05)
overland flow      |  ENorm (Infnorm) of: surface-water_content: 
overland flow      |    ENorm (cell) = [81] 0.0134591 (0.000913334)
overland flow      |    ENorm (boundary_face) = [-1] -1.79769e+308 (0)
Solver::NKA_BT_ATS |  2: backtrack 0: error(res) = 0.0134591
Solver::NKA_BT_ATS |  2: backtrack 0: L2 error(res) = 0.00128905
inverse::GMRES     |  Converged (relative res), itr=3 ||r||=9.84677e-05 ||r0||=799.084
flow               |  ENorm (Infnorm) of: water_content: 
flow               |    ENorm (face) = [3048] 9.67439e-12 (5.93303e-13)
flow               |    ENorm (cell) = [440] 9.80266e-05 (2.2336e-06)
overland flow      |  ENorm (Infnorm) of: surface-water_content: 
overland flow      |    ENorm (cell) = [81] 4.05869e-05 (2.72157e-06)
overland flow      |    ENorm (boundary_face) = [-1] -1.79769e+308 (0)
Solver::NKA_BT_ATS |  3: NKA : error(res) = 9.80266e-05
Solver::NKA_BT_ATS |  3: NKA : L2 error(res) = 2.06343e-05
inverse::GMRES     |  Converged (relative res), itr=2 ||r||=4.06838e-05 ||r0||=103.71
flow               |  ENorm (Infnorm) of: water_content: 
flow               |    ENorm (face) = [3089] 7.40758e-12 (4.59188e-13)
flow               |    ENorm (cell) = [430] 2.97503e-06 (1.44626e-07)
overland flow      |  ENorm (Infnorm) of: surface-water_content: 
overland flow      |    ENorm (cell) = [81] 4.47063e-06 (3.00129e-07)
overland flow      |    ENorm (boundary_face) = [-1] -1.79769e+308 (0)
Solver::NKA_BT_ATS |  4: NKA : error(res) = 4.47063e-06
Solver::NKA_BT_ATS |  4: NKA : L2 error(res) = 1.10533e-06
inverse::GMRES     |  Converged (relative res), itr=2 ||r||=3.546e-06 ||r0||=3.81085
flow               |  ENorm (Infnorm) of: water_content: 
flow               |    ENorm (face) = [2806] 9.16852e-12 (5.61773e-13)
flow               |    ENorm (cell) = [450] 1.5571e-07 (3.65913e-09)
overland flow      |  ENorm (Infnorm) of: surface-water_content: 
overland flow      |    ENorm (cell) = [81] 3.72249e-07 (2.50297e-08)
overland flow      |    ENorm (boundary_face) = [-1] -1.79769e+308 (0)
Solver::NKA_BT_ATS |  5: NKA : error(res) = 3.72249e-07
Solver::NKA_BT_ATS |  5: NKA : L2 error(res) = 4.57811e-08
Solver::NKA_BT_ATS |  Solve succeeded: 5 iterations, error = 3.72249e-07
ATS                |  ================================================================================
ATS                |  
ATS                |  Cycle = 231,  Time [days] = 543,  dt [days] = 1
ATS                |  --------------------------------------------------------------------------------
snow storage       |  ----------------------------------------------------------------
snow storage       |  Advancing: t0 = 4.69152e+07 t1 = 4.70016e+07 h = 86400
snow storage       |  ----------------------------------------------------------------
snow storage       |   ENorm (Infnorm) of: snow-water_content: 
snow storage       |     ENorm (cell) = [0] 0 (0)
Solver::NKA_BT_ATS |  0: error(res) = 0
Solver::NKA_BT_ATS |  0: L2 error(res) = 0
Solver::NKA_BT_ATS |  Solve succeeded: 0 iterations, error = 0
surface-subsurface |  ----------------------------------------------------------------
surface-subsurface |  Advancing: t0 = 4.69152e+07 t1 = 4.70016e+07 h = 86400
surface-subsurface |  ----------------------------------------------------------------
flow               |  ENorm (Infnorm) of: water_content: 
flow               |    ENorm (face) = [1735] 0.8948 (0.019186)
flow               |    ENorm (cell) = [520] 0.0238911 (0.00208253)
overland flow      |  ENorm (Infnorm) of: surface-water_content: 
overland flow      |    ENorm (cell) = [81] 0.925671 (0.0477533)
overland flow      |    ENorm (boundary_face) = [-1] -1.79769e+308 (0)
Solver::NKA_BT_ATS |  0: error(res) = 0.925671
Solver::NKA_BT_ATS |  0: L2 error(res) = 0.236504
inverse::GMRES     |  Converged (relative res), itr=3 ||r||=0.118987 ||r0||=2.07762e+06
flow               |  ENorm (Infnorm) of: water_content: 
flow               |    ENorm (face) = [1858] 0.536799 (0.0124408)
flow               |    ENorm (cell) = [391] 9074.81 (201.619)
overland flow      |  ENorm (Infnorm) of: surface-water_content: 
overland flow      |    ENorm (cell) = [44] 5942.91 (189.155)
overland flow      |    ENorm (boundary_face) = [-1] -1.79769e+308 (0)
Solver::NKA_BT_ATS |  1: PIC : error(res) = 9074.81
Solver::NKA_BT_ATS |  1: PIC : L2 error(res) = 1158.84
inverse::GMRES     |  Converged (relative res), itr=27 ||r||=0.437505 ||r0||=523881
flow               |  ENorm (Infnorm) of: water_content: 
flow               |    ENorm (face) = [1776] 6.60335 (0.168872)
flow               |    ENorm (cell) = [431] 38997 (1092.26)
overland flow      |  ENorm (Infnorm) of: surface-water_content: 
overland flow      |    ENorm (cell) = [81] 0.0326985 (0.00178612)
overland flow      |    ENorm (boundary_face) = [-1] -1.79769e+308 (0)
Solver::NKA_BT_ATS |  2: PIC : error(res) = 38997
Solver::NKA_BT_ATS |  2: PIC : L2 error(res) = 5479.58
inverse::GMRES     |  Converged (relative res), itr=58 ||r||=3.11245 ||r0||=3.23933e+06
flow               |  ENorm (Infnorm) of: water_content: 
flow               |    ENorm (face) = [1776] 6.53732e-07 (1.67185e-08)
flow               |    ENorm (cell) = [443] 40.7901 (0.981346)
overland flow      |  ENorm (Infnorm) of: surface-water_content: 
overland flow      |    ENorm (cell) = [81] 0.000287373 (1.48249e-05)
overland flow      |    ENorm (boundary_face) = [-1] -1.79769e+308 (0)
Solver::NKA_BT_ATS |  3: NKA : error(res) = 40.7901
Solver::NKA_BT_ATS |  3: NKA : L2 error(res) = 1.78606
inverse::GMRES     |  Converged (relative res), itr=12 ||r||=59.4112 ||r0||=1.25371e+08
flow               |  ENorm (Infnorm) of: water_content: 
flow               |    ENorm (face) = [1407] 1.75253e-06 (4.07619e-08)
flow               |    ENorm (cell) = [300] 22564.4 (551.581)
overland flow      |  ENorm (Infnorm) of: surface-water_content: 
overland flow      |    ENorm (cell) = [33] 7225.88 (229.99)
overland flow      |    ENorm (boundary_face) = [-1] -1.79769e+308 (0)
Solver::NKA_BT_ATS |  4: NKA : error(res) = 22564.4
Solver::NKA_BT_ATS |  4: NKA : L2 error(res) = 1323.49
inverse::GMRES     |  Converged (relative res), itr=26 ||r||=22.5552 ||r0||=2.35508e+07
flow               |  ENorm (Infnorm) of: water_content: 
flow               |    ENorm (face) = [1366] 7121.23 (167.706)
flow               |    ENorm (cell) = [393] 95524.5 (2698.34)
overland flow      |  ENorm (Infnorm) of: surface-water_content: 
overland flow      |    ENorm (cell) = [24] 7206.46 (229.372)
overland flow      |    ENorm (boundary_face) = [-1] -1.79769e+308 (0)
Solver::NKA_BT_ATS |  5: NKA : error(res) = 95524.5
Solver::NKA_BT_ATS |  5: NKA : L2 error(res) = 14656.7
inverse::GMRES     |  Not converged (max iterations), ||r||=9.84544 ||f||=14656.7
flow               |  ENorm (Infnorm) of: water_content: 
flow               |    ENorm (face) = [792] 20.0597 (0.554057)
flow               |    ENorm (cell) = [422] 166552 (3668.1)
overland flow      |  ENorm (Infnorm) of: surface-water_content: 
overland flow      |    ENorm (cell) = [81] 9.7221e-09 (5.01541e-10)
overland flow      |    ENorm (boundary_face) = [-1] -1.79769e+308 (0)
Solver::NKA_BT_ATS |  6: NKA : error(res) = 166552
Solver::NKA_BT_ATS |  6: NKA : L2 error(res) = 9607.39
inverse::GMRES     |  Converged (relative res), itr=13 ||r||=181.104 ||r0||=1.85566e+08
flow               |  ENorm (Infnorm) of: water_content: 
flow               |    ENorm (face) = [792] 18.2815 (0.504944)
flow               |    ENorm (cell) = [3] 217582 (6947.48)
overland flow      |  ENorm (Infnorm) of: surface-water_content: 
overland flow      |    ENorm (cell) = [32] 10650.9 (339.005)
overland flow      |    ENorm (boundary_face) = [-1] -1.79769e+308 (0)
Solver::NKA_BT_ATS |  7: NKA : error(res) = 217582
Solver::NKA_BT_ATS |  7: NKA : L2 error(res) = 33106.9
inverse::GMRES     |  Converged (relative res), itr=13 ||r||=6648.74 ||r0||=1.20467e+10
flow               |  ENorm (Infnorm) of: water_content: 
flow               |    ENorm (face) = [1325] 14207.6 (338.789)
flow               |    ENorm (cell) = [3] 217444 (6943.05)
overland flow      |  ENorm (Infnorm) of: surface-water_content: 
overland flow      |    ENorm (cell) = [13] 100018 (3183.45)
overland flow      |    ENorm (boundary_face) = [-1] -1.79769e+308 (0)
Solver::NKA_BT_ATS |  8: NKA : error(res) = 217444
Solver::NKA_BT_ATS |  8: NKA : L2 error(res) = 35820.4
inverse::GMRES     |  Not converged (max iterations), ||r||=1274.93 ||f||=35820.4
flow               |   is not admissible, as it is not within bounds of constitutive models:
flow               |     cells (min/max): [162] -3.69651e+06, [61] 1.30286e+08
flow               |     faces (min/max): [675] -3.69651e+06, [261] 1.30286e+08
Solver::NKA_BT_ATS |  Solution iterate is not admissible, FAIL.
ATS                |  ================================================================================
ATS                |  
ATS                |  Cycle = 231,  Time [days] = 543,  dt [days] = 0.5
ATS                |  --------------------------------------------------------------------------------
snow storage       |  ----------------------------------------------------------------
snow storage       |  Advancing: t0 = 4.69152e+07 t1 = 4.69584e+07 h = 43200
snow storage       |  ----------------------------------------------------------------
snow storage       |   ENorm (Infnorm) of: snow-water_content: 
snow storage       |     ENorm (cell) = [0] 0 (0)
Solver::NKA_BT_ATS |  0: error(res) = 0
Solver::NKA_BT_ATS |  0: L2 error(res) = 0
Solver::NKA_BT_ATS |  Solve succeeded: 0 iterations, error = 0
surface-subsurface |  ----------------------------------------------------------------
surface-subsurface |  Advancing: t0 = 4.69152e+07 t1 = 4.69584e+07 h = 43200
surface-subsurface |  ----------------------------------------------------------------
flow               |  ENorm (Infnorm) of: water_content: 
flow               |    ENorm (face) = [1735] 0.4474 (0.019186)
flow               |    ENorm (cell) = [520] 0.00613372 (0.00106009)
overland flow      |  ENorm (Infnorm) of: surface-water_content: 
overland flow      |    ENorm (cell) = [81] 0.312445 (0.0322367)
overland flow      |    ENorm (boundary_face) = [-1] -1.79769e+308 (0)
Solver::NKA_BT_ATS |  0: error(res) = 0.4474
Solver::NKA_BT_ATS |  0: L2 error(res) = 0.212274
inverse::GMRES     |  Converged (relative res), itr=3 ||r||=0.0536657 ||r0||=1.08783e+06
flow               |  ENorm (Infnorm) of: water_content: 
flow               |    ENorm (face) = [1817] 0.148685 (0.00656649)
flow               |    ENorm (cell) = [391] 4859.89 (215.053)
overland flow      |  ENorm (Infnorm) of: surface-water_content: 
overland flow      |    ENorm (cell) = [43] 1575.63 (100.3)
overland flow      |    ENorm (boundary_face) = [-1] -1.79769e+308 (0)
Solver::NKA_BT_ATS |  1: PIC : error(res) = 4859.89
Solver::NKA_BT_ATS |  1: PIC : L2 error(res) = 1159.85
inverse::GMRES     |  Converged (relative res), itr=23 ||r||=0.458372 ||r0||=657614
flow               |  ENorm (Infnorm) of: water_content: 
flow               |    ENorm (face) = [1776] 6.01057 (0.325576)
flow               |    ENorm (cell) = [431] 24865.6 (1281.41)
overland flow      |  ENorm (Infnorm) of: surface-water_content: 
overland flow      |    ENorm (cell) = [81] 0.00103358 (0.0001397)
overland flow      |    ENorm (boundary_face) = [-1] -1.79769e+308 (0)
Solver::NKA_BT_ATS |  2: PIC : error(res) = 24865.6
Solver::NKA_BT_ATS |  2: PIC : L2 error(res) = 6821.48
inverse::GMRES     |  Converged (relative res), itr=4 ||r||=4.59729 ||r0||=1.29323e+07
flow               |  ENorm (Infnorm) of: water_content: 
flow               |    ENorm (face) = [1776] 4.25323e-08 (2.30251e-09)
flow               |    ENorm (cell) = [441] 0.776221 (0.0350651)
overland flow      |  ENorm (Infnorm) of: surface-water_content: 
overland flow      |    ENorm (cell) = [81] 4.10479e-07 (9.19908e-08)
overland flow      |    ENorm (boundary_face) = [-1] -1.79769e+308 (0)
Solver::NKA_BT_ATS |  3: NKA : error(res) = 0.776221
Solver::NKA_BT_ATS |  3: NKA : L2 error(res) = 0.203585
inverse::GMRES     |  Converged (relative res), itr=5 ||r||=361.358 ||r0||=1.4e+09
flow               |  ENorm (Infnorm) of: water_content: 
flow               |    ENorm (face) = [1571] 6.95011e-07 (3.08107e-08)
flow               |    ENorm (cell) = [310] 38729.3 (1870.18)
overland flow      |  ENorm (Infnorm) of: surface-water_content: 
overland flow      |    ENorm (cell) = [21] 23579.8 (1501.03)
overland flow      |    ENorm (boundary_face) = [-1] -1.79769e+308 (0)
Solver::NKA_BT_ATS |  4: NKA : error(res) = 38729.3
Solver::NKA_BT_ATS |  4: NKA : L2 error(res) = 6091.86
inverse::GMRES     |  Converged (relative res), itr=19 ||r||=64.4708 ||r0||=2.35716e+08
flow               |  ENorm (Infnorm) of: water_content: 
flow               |    ENorm (face) = [1366] 3871.08 (182.329)
flow               |    ENorm (cell) = [311] 38866.8 (1887.15)
overland flow      |  ENorm (Infnorm) of: surface-water_content: 
overland flow      |    ENorm (cell) = [21] 22978.2 (1462.73)
overland flow      |    ENorm (boundary_face) = [-1] -1.79769e+308 (0)
Solver::NKA_BT_ATS |  5: NKA : error(res) = 38866.8
Solver::NKA_BT_ATS |  5: NKA : L2 error(res) = 6628.57
inverse::GMRES     |  Not converged (max iterations), ||r||=513.867 ||f||=6628.57
flow               |  ENorm (Infnorm) of: water_content: 
flow               |    ENorm (face) = [1612] 29.6223 (1.29884)
flow               |    ENorm (cell) = [341] 240816 (11264.2)
overland flow      |  ENorm (Infnorm) of: surface-water_content: 
overland flow      |    ENorm (cell) = [38] 21.6411 (1.37762)
overland flow      |    ENorm (boundary_face) = [-1] -1.79769e+308 (0)
Solver::NKA_BT_ATS |  6: NKA : error(res) = 240816
Solver::NKA_BT_ATS |  6: NKA : L2 error(res) = 54144.5
inverse::GMRES     |  Converged (relative res), itr=48 ||r||=16.4739 ||r0||=2.44516e+07
flow               |  ENorm (Infnorm) of: water_content: 
flow               |    ENorm (face) = [1202] 350.067 (17.3256)
flow               |    ENorm (cell) = [341] 182400 (8531.77)
overland flow      |  ENorm (Infnorm) of: surface-water_content: 
overland flow      |    ENorm (cell) = [38] 16.053 (1.02189)
overland flow      |    ENorm (boundary_face) = [-1] -1.79769e+308 (0)
Solver::NKA_BT_ATS |  7: NKA : error(res) = 182400
Solver::NKA_BT_ATS |  7: NKA : L2 error(res) = 41056.1
inverse::GMRES     |  Not converged (max iterations), ||r||=121.467 ||f||=41056.1
flow               |  ENorm (Infnorm) of: water_content: 
flow               |    ENorm (face) = [1202] 246.911 (12.2202)
flow               |    ENorm (cell) = [341] 128652 (6017.68)
overland flow      |  ENorm (Infnorm) of: surface-water_content: 
overland flow      |    ENorm (cell) = [7] 5589.46 (355.811)
overland flow      |    ENorm (boundary_face) = [-1] -1.79769e+308 (0)
Solver::NKA_BT_ATS |  8: NKA : error(res) = 128652
Solver::NKA_BT_ATS |  8: NKA : L2 error(res) = 28328
inverse::GMRES     |  Converged (relative res), itr=12 ||r||=37900 ||r0||=7.00797e+10
flow               |  ENorm (Infnorm) of: water_content: 
flow               |    ENorm (face) = [1858] 2105.87 (97.6113)
flow               |    ENorm (cell) = [40] 169001 (10349.4)
overland flow      |  ENorm (Infnorm) of: surface-water_content: 
overland flow      |    ENorm (cell) = [4] 162579 (10349.4)
overland flow      |    ENorm (boundary_face) = [-1] -1.79769e+308 (0)
Solver::NKA_BT_ATS |  9: PIC : error(res) = 169001
Solver::NKA_BT_ATS |  9: PIC : L2 error(res) = 37297.1
